condition,sign,stage,evaluation_split,n_segments,n_selected_segments,n_proteins,weighted_auroc,weighted_average_precision,macro_within_protein_q8_concordance,n_matched_protein_q8_strata,delta_auroc_from_previous_stage,delta_concordance_from_previous_stage
esm2_frozen_bilstm_attn,-1,00_q8_only,validation,1618,644,167,0.5,0.5000000000000008,0.5,185,,
esm2_frozen_bilstm_attn,-1,00_q8_only,test,1668,606,169,0.5,0.5000000000000001,0.5,185,,
esm2_frozen_bilstm_attn,-1,01_add_neq,validation,1618,644,167,0.7251369748961515,0.684609079776379,0.736148610674521,185,0.22513697489615148,0.23614861067452098
esm2_frozen_bilstm_attn,-1,01_add_neq,test,1668,606,169,0.7118942133665194,0.650011957996636,0.7227025542909001,185,0.21189421336651937,0.22270255429090013
esm2_frozen_bilstm_attn,-1,02_add_exposure_length_position,validation,1618,644,167,0.7991893645802551,0.7322946854628929,0.815009004517408,185,0.07405238968410366,0.07886039384288701
esm2_frozen_bilstm_attn,-1,02_add_exposure_length_position,test,1668,606,169,0.8066504761095605,0.7400777822658107,0.8375926256909967,185,0.09475626274304116,0.11489007140009655
esm2_frozen_bilstm_attn,-1,03_add_geometry_boundaries,validation,1618,644,167,0.8151003628296797,0.7572928861876335,0.8192894131969762,185,0.015910998249424546,0.004280408679568248
esm2_frozen_bilstm_attn,-1,03_add_geometry_boundaries,test,1668,606,169,0.8210044606394231,0.7683644247189693,0.8357713603246185,185,0.014353984529862585,-0.0018212653663781664
esm2_frozen_bilstm_attn,-1,04_add_disorder,validation,1618,644,167,0.8140439605088416,0.7563929527317325,0.8176350077092375,185,-0.0010564023208380346,-0.0016544054877387637
esm2_frozen_bilstm_attn,-1,04_add_disorder,test,1668,606,169,0.8200107409638847,0.7690407388941284,0.8352831339942869,185,-0.000993719675538407,-0.00048822633033163143
esm2_frozen_bilstm_attn,-1,05_add_sequence,validation,1618,644,167,0.8162256449346952,0.765830155552978,0.8260036123607553,185,0.002181684425853536,0.008368604651517786
esm2_frozen_bilstm_attn,-1,05_add_sequence,test,1668,606,169,0.8288829509716258,0.7772299655793046,0.8454675959412801,185,0.008872210007741077,0.010184461946993184
esm2_frozen_bilstm_attn,1,00_q8_only,validation,6848,1071,206,0.5,0.5000000000000027,0.5,492,,
esm2_frozen_bilstm_attn,1,00_q8_only,test,6894,1027,201,0.5,0.5000000000000037,0.5,459,,
esm2_frozen_bilstm_attn,1,01_add_neq,validation,6848,1071,206,0.753453786096467,0.7465528707940098,0.7446924497421614,492,0.25345378609646696,0.24469244974216142
esm2_frozen_bilstm_attn,1,01_add_neq,test,6894,1027,201,0.736216911372286,0.7299982444205086,0.7381435038029581,459,0.23621691137228595,0.23814350380295812
esm2_frozen_bilstm_attn,1,02_add_exposure_length_position,validation,6848,1071,206,0.8039909260830462,0.7999179317788416,0.8107568371554034,492,0.05053713998657927,0.06606438741324194
esm2_frozen_bilstm_attn,1,02_add_exposure_length_position,test,6894,1027,201,0.8053994734963356,0.7999480563200213,0.8143891065296721,459,0.0691825621240496,0.07624560272671399
esm2_frozen_bilstm_attn,1,03_add_geometry_boundaries,validation,6848,1071,206,0.8160401407029814,0.8066091537634252,0.818001391153515,492,0.012049214619935134,0.007244553998111636
esm2_frozen_bilstm_attn,1,03_add_geometry_boundaries,test,6894,1027,201,0.8255713027006664,0.8154030055486522,0.8229662679819653,459,0.020171829204330805,0.008577161452293147
esm2_frozen_bilstm_attn,1,04_add_disorder,validation,6848,1071,206,0.8182849662976428,0.810834487562417,0.8218496073162298,492,0.002244825594661437,0.0038482161627148015
esm2_frozen_bilstm_attn,1,04_add_disorder,test,6894,1027,201,0.8260412169656696,0.8175071740790824,0.8228322308132874,459,0.00046991426500320177,-0.00013403716867788074
esm2_frozen_bilstm_attn,1,05_add_sequence,validation,6848,1071,206,0.8242747095181173,0.8175092204111234,0.828141420183012,492,0.005989743220474519,0.006291812866782154
esm2_frozen_bilstm_attn,1,05_add_sequence,test,6894,1027,201,0.8262190953488134,0.8190324529908883,0.8215804812913495,459,0.00017787838314387017,-0.0012517495219378505
esm2_top28_bilstm_attn,-1,00_q8_only,validation,1351,626,156,0.5,0.499999999999999,0.5,156,,
esm2_top28_bilstm_attn,-1,00_q8_only,test,1401,625,159,0.5,0.49999999999999983,0.5,161,,
esm2_top28_bilstm_attn,-1,01_add_neq,validation,1351,626,156,0.7481857661098108,0.7049932333489152,0.7539158307671565,156,0.2481857661098108,0.2539158307671565
esm2_top28_bilstm_attn,-1,01_add_neq,test,1401,625,159,0.783380598290575,0.7438738673588589,0.7886479236240772,161,0.28338059829057505,0.2886479236240772
esm2_top28_bilstm_attn,-1,02_add_exposure_length_position,validation,1351,626,156,0.8570375431955134,0.7978646601764935,0.8781965127575247,156,0.1088517770857026,0.12428068199036824
esm2_top28_bilstm_attn,-1,02_add_exposure_length_position,test,1401,625,159,0.8699338674156702,0.839111680056716,0.9077509236289535,161,0.0865532691250952,0.11910300000487628
esm2_top28_bilstm_attn,-1,03_add_geometry_boundaries,validation,1351,626,156,0.868658095804302,0.8247462444384396,0.8856467968859741,156,0.011620552608788581,0.0074502841284493915
esm2_top28_bilstm_attn,-1,03_add_geometry_boundaries,test,1401,625,159,0.8824594267501391,0.8513016524287703,0.9093425942840144,161,0.012525559334468861,0.0015916706550609394
esm2_top28_bilstm_attn,-1,04_add_disorder,validation,1351,626,156,0.8685961443197092,0.8245992409063667,0.8835496983826258,156,-6.195148459275934e-05,-0.0020970985033483824
esm2_top28_bilstm_attn,-1,04_add_disorder,test,1401,625,159,0.8825385126038472,0.8519631644466423,0.9070628088520549,161,7.908585370808296e-05,-0.0022797854319595023
esm2_top28_bilstm_attn,-1,05_add_sequence,validation,1351,626,156,0.8766845655279178,0.8413416372869587,0.8859506764830087,156,0.00808842120820863,0.0024009781003829778
esm2_top28_bilstm_attn,-1,05_add_sequence,test,1401,625,159,0.8878353430654287,0.8627972086525684,0.9104936408326874,161,0.00529683046158147,0.0034308319806324317
esm2_top28_bilstm_attn,1,00_q8_only,validation,6688,1174,206,0.5,0.4999999999999992,0.5,509,,
esm2_top28_bilstm_attn,1,00_q8_only,test,6770,1160,204,0.5,0.5000000000000036,0.5,486,,
esm2_top28_bilstm_attn,1,01_add_neq,validation,6688,1174,206,0.7479328391034941,0.7371543829197055,0.7497109688010885,509,0.24793283910349406,0.24971096880108845
esm2_top28_bilstm_attn,1,01_add_neq,test,6770,1160,204,0.7479345638964767,0.7264913341836184,0.7456734019947873,486,0.24793456389647672,0.24567340199478727
esm2_top28_bilstm_attn,1,02_add_exposure_length_position,validation,6688,1174,206,0.8058059569968763,0.7990075817201183,0.8011388400309517,509,0.05787311789338223,0.05142787122986325
esm2_top28_bilstm_attn,1,02_add_exposure_length_position,test,6770,1160,204,0.814592787447836,0.8015648845064519,0.8231646030830579,486,0.06665822355135931,0.07749120108827068
esm2_top28_bilstm_attn,1,03_add_geometry_boundaries,validation,6688,1174,206,0.8390153933052791,0.8233684473794093,0.8402344327428776,509,0.033209436308402784,0.039095592711925864
esm2_top28_bilstm_attn,1,03_add_geometry_boundaries,test,6770,1160,204,0.8426396943122275,0.828661785820174,0.8405262145834907,486,0.028046906864391485,0.017361611500432805
esm2_top28_bilstm_attn,1,04_add_disorder,validation,6688,1174,206,0.8442636344806522,0.8269450318002758,0.8445051996644859,509,0.005248241175373147,0.004270766921608327
esm2_top28_bilstm_attn,1,04_add_disorder,test,6770,1160,204,0.8484763344597543,0.8316856132719675,0.8461139428578016,486,0.005836640147526828,0.005587728274310866
esm2_top28_bilstm_attn,1,05_add_sequence,validation,6688,1174,206,0.8463106627173735,0.8294882654524688,0.8436221018920591,509,0.0020470282367213155,-0.0008830977724267886
esm2_top28_bilstm_attn,1,05_add_sequence,test,6770,1160,204,0.8492928778926914,0.8323534435087296,0.846950935392983,486,0.0008165434329370225,0.0008369925351814356
esm2_top4_bilstm_attn,-1,00_q8_only,validation,1327,641,150,0.5,0.49999999999999933,0.5,152,,
esm2_top4_bilstm_attn,-1,00_q8_only,test,1468,644,159,0.5,0.49999999999999967,0.5,165,,
esm2_top4_bilstm_attn,-1,01_add_neq,validation,1327,641,150,0.7484757363852221,0.6924385782845968,0.7633166092689688,152,0.24847573638522213,0.2633166092689688
esm2_top4_bilstm_attn,-1,01_add_neq,test,1468,644,159,0.7785270087863742,0.7084416163514653,0.7934108878602025,165,0.27852700878637415,0.29341088786020253
esm2_top4_bilstm_attn,-1,02_add_exposure_length_position,validation,1327,641,150,0.8548495022535415,0.8145057411355294,0.8696245819377858,152,0.10637376586831937,0.10630797266881697
esm2_top4_bilstm_attn,-1,02_add_exposure_length_position,test,1468,644,159,0.8672121357677708,0.8276184971512845,0.9008230387804701,165,0.08868512698139663,0.10741215092026757
esm2_top4_bilstm_attn,-1,03_add_geometry_boundaries,validation,1327,641,150,0.862459921377285,0.8247294455064834,0.8706898653240286,152,0.007610419123743495,0.001065283386242788
esm2_top4_bilstm_attn,-1,03_add_geometry_boundaries,test,1468,644,159,0.8725405692753762,0.8348692239252292,0.9050140468398044,165,0.005328433507605368,0.004191008059334256
esm2_top4_bilstm_attn,-1,04_add_disorder,validation,1327,641,150,0.8621529858233099,0.822696631961797,0.8692386827388644,152,-0.0003069355539750962,-0.0014511825851641902
esm2_top4_bilstm_attn,-1,04_add_disorder,test,1468,644,159,0.872468344965001,0.8302754162954662,0.9018724441410227,165,-7.222431037512411e-05,-0.0031416026987816092
esm2_top4_bilstm_attn,-1,05_add_sequence,validation,1327,641,150,0.86575409607651,0.8300547889715164,0.8725625653000407,152,0.0036011102532000905,0.003323882561176328
esm2_top4_bilstm_attn,-1,05_add_sequence,test,1468,644,159,0.8756397189448777,0.8338681337403386,0.9052324491352268,165,0.003171373979876657,0.00336000499420408
esm2_top4_bilstm_attn,1,00_q8_only,validation,6830,1168,206,0.5,0.4999999999999992,0.5,509,,
esm2_top4_bilstm_attn,1,00_q8_only,test,6744,1192,205,0.5,0.5000000000000043,0.5,483,,
esm2_top4_bilstm_attn,1,01_add_neq,validation,6830,1168,206,0.7487741725114385,0.7325844084858253,0.7466210348667024,509,0.24877417251143852,0.2466210348667024
esm2_top4_bilstm_attn,1,01_add_neq,test,6744,1192,205,0.7258173017511055,0.6971684026296885,0.7320733621543507,483,0.22581730175110548,0.2320733621543507
esm2_top4_bilstm_attn,1,02_add_exposure_length_position,validation,6830,1168,206,0.8088965081854356,0.7977638205765999,0.8154546673472735,509,0.06012233567399705,0.06883363248057106
esm2_top4_bilstm_attn,1,02_add_exposure_length_position,test,6744,1192,205,0.7977958425696947,0.7806933348382158,0.8082257825444338,483,0.07197854081858923,0.07615242039008308
esm2_top4_bilstm_attn,1,03_add_geometry_boundaries,validation,6830,1168,206,0.8386903792440263,0.8318218667359006,0.8382559050701622,509,0.02979387105859077,0.02280123772288878
esm2_top4_bilstm_attn,1,03_add_geometry_boundaries,test,6744,1192,205,0.8325418109529623,0.8211200976682946,0.83031322734183,483,0.0347459683832676,0.022087444797396216
esm2_top4_bilstm_attn,1,04_add_disorder,validation,6830,1168,206,0.8474537353099375,0.8399572713272258,0.8493592466587163,509,0.008763356065911165,0.011103341588554083
esm2_top4_bilstm_attn,1,04_add_disorder,test,6744,1192,205,0.840762759305299,0.8287068481452959,0.8345938163463363,483,0.008220948352336666,0.004280589004506341
esm2_top4_bilstm_attn,1,05_add_sequence,validation,6830,1168,206,0.8497041247793733,0.8431856851640541,0.8537498750178301,509,0.0022503894694357873,0.004390628359113746
esm2_top4_bilstm_attn,1,05_add_sequence,test,6744,1192,205,0.8455406938818417,0.835311504903387,0.8413718883729636,483,0.004777934576542742,0.00677807202662728
esm3_frozen_bilstm_attn,-1,00_q8_only,validation,1440,675,159,0.5,0.49999999999999983,0.5,168,,
esm3_frozen_bilstm_attn,-1,00_q8_only,test,1540,704,166,0.5,0.5000000000000023,0.5,171,,
esm3_frozen_bilstm_attn,-1,01_add_neq,validation,1440,675,159,0.7164337237817099,0.656550691171303,0.7305022619209127,168,0.21643372378170989,0.23050226192091272
esm3_frozen_bilstm_attn,-1,01_add_neq,test,1540,704,166,0.7492704908087652,0.7122284455938614,0.7671043269940894,171,0.24927049080876518,0.26710432699408937
esm3_frozen_bilstm_attn,-1,02_add_exposure_length_position,validation,1440,675,159,0.8212241723784134,0.7710728379894268,0.8447673902100986,168,0.1047904485967035,0.11426512828918589
esm3_frozen_bilstm_attn,-1,02_add_exposure_length_position,test,1540,704,166,0.852845629418434,0.819104998179033,0.8783591565215889,171,0.10357513860966883,0.11125482952749954
esm3_frozen_bilstm_attn,-1,03_add_geometry_boundaries,validation,1440,675,159,0.835121458039789,0.7929514536236493,0.8543024901135021,168,0.013897285661375602,0.00953509990340351
esm3_frozen_bilstm_attn,-1,03_add_geometry_boundaries,test,1540,704,166,0.8597756402152683,0.830962724420792,0.8847127026827117,171,0.006930010796834307,0.006353546161122825
esm3_frozen_bilstm_attn,-1,04_add_disorder,validation,1440,675,159,0.8376314163741829,0.7928648511180569,0.8574338901013009,168,0.002509958334393936,0.0031313999877987664
esm3_frozen_bilstm_attn,-1,04_add_disorder,test,1540,704,166,0.8605293211200365,0.8304091617996209,0.8826214988786165,171,0.0007536809047682391,-0.0020912038040952208
esm3_frozen_bilstm_attn,-1,05_add_sequence,validation,1440,675,159,0.8434171116090416,0.8124330521805028,0.8553296236666774,168,0.005785695234858723,-0.0021042664346234696
esm3_frozen_bilstm_attn,-1,05_add_sequence,test,1540,704,166,0.8644366845714617,0.8319948395138167,0.8829610397819054,171,0.003907363451425172,0.0003395409032889152
esm3_frozen_bilstm_attn,1,00_q8_only,validation,6791,1054,204,0.5,0.49999999999999883,0.5,479,,
esm3_frozen_bilstm_attn,1,00_q8_only,test,7011,1080,204,0.5,0.5000000000000014,0.5,465,,
esm3_frozen_bilstm_attn,1,01_add_neq,validation,6791,1054,204,0.7637779475200126,0.7549913063680465,0.7606578321999632,479,0.2637779475200126,0.2606578321999632
esm3_frozen_bilstm_attn,1,01_add_neq,test,7011,1080,204,0.7595672115907333,0.7367991031050201,0.7635320011884236,465,0.25956721159073326,0.26353200118842357
esm3_frozen_bilstm_attn,1,02_add_exposure_length_position,validation,6791,1054,204,0.8292683408281468,0.8262371595455446,0.835051083794563,479,0.06549039330813422,0.07439325159459986
esm3_frozen_bilstm_attn,1,02_add_exposure_length_position,test,7011,1080,204,0.8111010646851227,0.8050328991278938,0.8078551637288138,465,0.051533853094389404,0.04432316254039026
esm3_frozen_bilstm_attn,1,03_add_geometry_boundaries,validation,6791,1054,204,0.8522215678509013,0.8467866223935164,0.855801350833136,479,0.022953227022754485,0.020750267038572967
esm3_frozen_bilstm_attn,1,03_add_geometry_boundaries,test,7011,1080,204,0.8365269649677167,0.8260746997752768,0.8226501490446991,465,0.02542590028259406,0.0147949853158853
esm3_frozen_bilstm_attn,1,04_add_disorder,validation,6791,1054,204,0.8542151806038696,0.8460034481719404,0.8610993275844335,479,0.0019936127529682768,0.005297976751297506
esm3_frozen_bilstm_attn,1,04_add_disorder,test,7011,1080,204,0.8372762192547079,0.8257999375892722,0.823662393931461,465,0.0007492542869911301,0.0010122448867618816
esm3_frozen_bilstm_attn,1,05_add_sequence,validation,6791,1054,204,0.8570920260052158,0.8493791125647764,0.858887884536917,479,0.0028768454013462508,-0.002211443047516526
esm3_frozen_bilstm_attn,1,05_add_sequence,test,7011,1080,204,0.8376305529165584,0.825715063854938,0.8288199366668243,465,0.0003543336618505588,0.005157542735363285
esm3_top28_bilstm_attn,-1,00_q8_only,validation,1419,690,158,0.5,0.49999999999999956,0.5,164,,
esm3_top28_bilstm_attn,-1,00_q8_only,test,1492,692,166,0.5,0.5000000000000007,0.5,169,,
esm3_top28_bilstm_attn,-1,01_add_neq,validation,1419,690,158,0.7410843914383818,0.6866789656240612,0.7486756202432014,164,0.24108439143838178,0.24867562024320145
esm3_top28_bilstm_attn,-1,01_add_neq,test,1492,692,166,0.755801887090265,0.7190156875109209,0.7598381065497549,169,0.25580188709026497,0.2598381065497549
esm3_top28_bilstm_attn,-1,02_add_exposure_length_position,validation,1419,690,158,0.8663286636584454,0.8269473641567511,0.8874840380937942,164,0.12524427222006362,0.13880841785059272
esm3_top28_bilstm_attn,-1,02_add_exposure_length_position,test,1492,692,166,0.84963462460716,0.8182545379724453,0.8708929436941306,169,0.09383273751689503,0.1110548371443757
esm3_top28_bilstm_attn,-1,03_add_geometry_boundaries,validation,1419,690,158,0.8717938303993509,0.8409846555286191,0.8883523395642298,164,0.005465166740905469,0.0008683014704355951
esm3_top28_bilstm_attn,-1,03_add_geometry_boundaries,test,1492,692,166,0.8548102104020021,0.8244513114316984,0.8587382943516074,169,0.005175585794842119,-0.012154649342523194
esm3_top28_bilstm_attn,-1,04_add_disorder,validation,1419,690,158,0.8779335349882293,0.8441946028546788,0.891728244655074,164,0.00613970458887847,0.003375905090844289
esm3_top28_bilstm_attn,-1,04_add_disorder,test,1492,692,166,0.8566592342454645,0.8253606614916352,0.8587807157697686,169,0.0018490238434624162,4.242141816113154e-05
esm3_top28_bilstm_attn,-1,05_add_sequence,validation,1419,690,158,0.8825524239198215,0.8603321707660992,0.8956798459275593,164,0.0046188889315921244,0.003951601272485283
esm3_top28_bilstm_attn,-1,05_add_sequence,test,1492,692,166,0.8613469922328585,0.8282255084786087,0.8707035236426555,169,0.004687757987393959,0.011922807872886909
esm3_top28_bilstm_attn,1,00_q8_only,validation,7128,1132,205,0.5,0.5000000000000029,0.5,512,,
esm3_top28_bilstm_attn,1,00_q8_only,test,6940,1082,199,0.5,0.5000000000000078,0.5,460,,
esm3_top28_bilstm_attn,1,01_add_neq,validation,7128,1132,205,0.7701549431612822,0.7534178068430214,0.7681428003082428,512,0.2701549431612822,0.2681428003082428
esm3_top28_bilstm_attn,1,01_add_neq,test,6940,1082,199,0.7700077846155606,0.7495572176686794,0.7733888511607759,460,0.27000778461556063,0.27338885116077594
esm3_top28_bilstm_attn,1,02_add_exposure_length_position,validation,7128,1132,205,0.819104193763127,0.8032647760834843,0.8239613456097145,512,0.04894925060184485,0.05581854530147168
esm3_top28_bilstm_attn,1,02_add_exposure_length_position,test,6940,1082,199,0.816643537297058,0.805559306721191,0.8183034672772337,460,0.04663575268149733,0.04491461611645775
esm3_top28_bilstm_attn,1,03_add_geometry_boundaries,validation,7128,1132,205,0.8333816909932861,0.8179564750981099,0.8270963485307419,512,0.01427749723015903,0.003135002921027419
esm3_top28_bilstm_attn,1,03_add_geometry_boundaries,test,6940,1082,199,0.8395520013153501,0.8296588114781686,0.8366824918885188,460,0.022908464018292163,0.018379024611285155
esm3_top28_bilstm_attn,1,04_add_disorder,validation,7128,1132,205,0.8358311335436228,0.818779527238709,0.8311682498851225,512,0.0024494425503367445,0.004071901354380625
esm3_top28_bilstm_attn,1,04_add_disorder,test,6940,1082,199,0.8407064730349594,0.8318514738749793,0.8377436168070478,460,0.0011544717196092513,0.001061124918528944
esm3_top28_bilstm_attn,1,05_add_sequence,validation,7128,1132,205,0.8369969335458798,0.8198570382822821,0.8345311053497609,512,0.001165800002256967,0.0033628554646384368
esm3_top28_bilstm_attn,1,05_add_sequence,test,6940,1082,199,0.8417058689000908,0.8327851016956344,0.8393980512452294,460,0.000999395865131425,0.0016544344381815845
esm3_top4_bilstm_attn,-1,00_q8_only,validation,1392,645,156,0.5,0.5,0.5,161,,
esm3_top4_bilstm_attn,-1,00_q8_only,test,1508,664,166,0.5,0.5000000000000012,0.5,169,,
esm3_top4_bilstm_attn,-1,01_add_neq,validation,1392,645,156,0.7204373080358729,0.6638902735396599,0.7399343240037658,161,0.22043730803587291,0.2399343240037658
esm3_top4_bilstm_attn,-1,01_add_neq,test,1508,664,166,0.7625594776622228,0.7286459971605437,0.7623352154841474,169,0.26255947766222276,0.2623352154841474
esm3_top4_bilstm_attn,-1,02_add_exposure_length_position,validation,1392,645,156,0.8438230014738268,0.7978951084354945,0.8683297585792857,161,0.12338569343795391,0.12839543457551994
esm3_top4_bilstm_attn,-1,02_add_exposure_length_position,test,1508,664,166,0.8391999577150873,0.7748945543215626,0.8559845708360765,169,0.0766404800528645,0.09364935535192909
esm3_top4_bilstm_attn,-1,03_add_geometry_boundaries,validation,1392,645,156,0.854617112222515,0.8201671689906243,0.8703785826197737,161,0.01079411074868819,0.0020488240404880065
esm3_top4_bilstm_attn,-1,03_add_geometry_boundaries,test,1508,664,166,0.8504662069744289,0.7999728602156846,0.8672968128634475,169,0.01126624925934161,0.011312242027371022
esm3_top4_bilstm_attn,-1,04_add_disorder,validation,1392,645,156,0.8564684826573741,0.8160535332537528,0.8721309748962343,161,0.0018513704348590565,0.0017523922764605127
esm3_top4_bilstm_attn,-1,04_add_disorder,test,1508,664,166,0.8533075379928441,0.7995199360187677,0.8706344896945195,169,0.0028413310184152163,0.0033376768310720006
esm3_top4_bilstm_attn,-1,05_add_sequence,validation,1392,645,156,0.857883142166833,0.8239368777397338,0.8645699080300433,161,0.0014146595094589598,-0.0075610668661909575
esm3_top4_bilstm_attn,-1,05_add_sequence,test,1508,664,166,0.8571216326562126,0.8079220470788371,0.8718627267071694,169,0.0038140946633684614,0.0012282370126498465
esm3_top4_bilstm_attn,1,00_q8_only,validation,6878,1071,206,0.5,0.500000000000002,0.5,489,,
esm3_top4_bilstm_attn,1,00_q8_only,test,7070,1053,204,0.5,0.5000000000000058,0.5,480,,
esm3_top4_bilstm_attn,1,01_add_neq,validation,6878,1071,206,0.7620019712060638,0.7502801585067589,0.7659619279022194,489,0.26200197120606383,0.2659619279022194
esm3_top4_bilstm_attn,1,01_add_neq,test,7070,1053,204,0.7641058822983133,0.7326486160569818,0.7666922868664777,480,0.26410588229831333,0.2666922868664777
esm3_top4_bilstm_attn,1,02_add_exposure_length_position,validation,6878,1071,206,0.8198623857972078,0.8070046961804314,0.8297975648644139,489,0.057860414591143994,0.06383563696219452
esm3_top4_bilstm_attn,1,02_add_exposure_length_position,test,7070,1053,204,0.8059685085774286,0.7854293160684346,0.8117193742929193,480,0.0418626262791153,0.04502708742644157
esm3_top4_bilstm_attn,1,03_add_geometry_boundaries,validation,6878,1071,206,0.8394951959919477,0.8319470929969099,0.8464369367362934,489,0.019632810194739836,0.01663937187187947
esm3_top4_bilstm_attn,1,03_add_geometry_boundaries,test,7070,1053,204,0.826910070257025,0.810564447116548,0.8223626608039429,480,0.020941561679596377,0.010643286511023642
esm3_top4_bilstm_attn,1,04_add_disorder,validation,6878,1071,206,0.8451009224552699,0.8349552306990403,0.8496281667846523,489,0.005605726463322247,0.003191230048358862
esm3_top4_bilstm_attn,1,04_add_disorder,test,7070,1053,204,0.8302288611314289,0.8139377143914472,0.8272286231328546,480,0.0033187908744038985,0.004865962328911677
esm3_top4_bilstm_attn,1,05_add_sequence,validation,6878,1071,206,0.8481774749060061,0.8374207699744219,0.852495883686043,489,0.0030765524507362363,0.00286771690139076
esm3_top4_bilstm_attn,1,05_add_sequence,test,7070,1053,204,0.8301895953338643,0.8150781923776621,0.8279608520820457,480,-3.9265797564635996e-05,0.000732228949191116
