condition,sign,stage,feature,standardized_coefficient
esm2_frozen_bilstm_attn,-1,00_q8_only,q8__q8_C,0.0
esm2_frozen_bilstm_attn,-1,00_q8_only,q8__q8_E,0.0
esm2_frozen_bilstm_attn,-1,00_q8_only,q8__q8_G,0.0
esm2_frozen_bilstm_attn,-1,00_q8_only,q8__q8_H,0.0
esm2_frozen_bilstm_attn,-1,00_q8_only,q8__q8_S,0.0
esm2_frozen_bilstm_attn,-1,01_add_neq,q8__q8_C,0.3142011067429797
esm2_frozen_bilstm_attn,-1,01_add_neq,q8__q8_E,-0.04314664755754414
esm2_frozen_bilstm_attn,-1,01_add_neq,q8__q8_G,0.033609927212984794
esm2_frozen_bilstm_attn,-1,01_add_neq,q8__q8_H,-0.33500122175142
esm2_frozen_bilstm_attn,-1,01_add_neq,q8__q8_S,0.018731749943101724
esm2_frozen_bilstm_attn,-1,01_add_neq,numeric__mean_neq,-1.9718600029605642
esm2_frozen_bilstm_attn,-1,01_add_neq,numeric__max_neq,-0.09335791737194238
esm2_frozen_bilstm_attn,-1,01_add_neq,numeric__neq_peak_fraction,-0.3781545135246976
esm2_frozen_bilstm_attn,-1,01_add_neq,numeric__neq_peak_excess,0.841325645632592
esm2_frozen_bilstm_attn,-1,02_add_exposure_length_position,q8__q8_C,0.9222169974531356
esm2_frozen_bilstm_attn,-1,02_add_exposure_length_position,q8__q8_E,-0.38408321462038336
esm2_frozen_bilstm_attn,-1,02_add_exposure_length_position,q8__q8_G,0.24404591353100175
esm2_frozen_bilstm_attn,-1,02_add_exposure_length_position,q8__q8_H,-1.1082654555392464
esm2_frozen_bilstm_attn,-1,02_add_exposure_length_position,q8__q8_S,0.3910659366393188
esm2_frozen_bilstm_attn,-1,02_add_exposure_length_position,numeric__mean_neq,-0.9456047244952734
esm2_frozen_bilstm_attn,-1,02_add_exposure_length_position,numeric__max_neq,-0.09109576430574291
esm2_frozen_bilstm_attn,-1,02_add_exposure_length_position,numeric__neq_peak_fraction,-0.4701600738386651
esm2_frozen_bilstm_attn,-1,02_add_exposure_length_position,numeric__neq_peak_excess,0.3461918615932449
esm2_frozen_bilstm_attn,-1,02_add_exposure_length_position,numeric__mean_rsa,-1.1889926708655485
esm2_frozen_bilstm_attn,-1,02_add_exposure_length_position,numeric__max_rsa,0.9693320597404108
esm2_frozen_bilstm_attn,-1,02_add_exposure_length_position,numeric__log_segment_length,0.9211199502215395
esm2_frozen_bilstm_attn,-1,02_add_exposure_length_position,numeric__normalized_midpoint,0.001958212278926983
esm2_frozen_bilstm_attn,-1,03_add_geometry_boundaries,q8__q8_C,1.097809104303899
esm2_frozen_bilstm_attn,-1,03_add_geometry_boundaries,q8__q8_E,-0.41475071973755173
esm2_frozen_bilstm_attn,-1,03_add_geometry_boundaries,q8__q8_G,0.35728849321441725
esm2_frozen_bilstm_attn,-1,03_add_geometry_boundaries,q8__q8_H,-1.4263173482452447
esm2_frozen_bilstm_attn,-1,03_add_geometry_boundaries,q8__q8_S,0.4369547978487924
esm2_frozen_bilstm_attn,-1,03_add_geometry_boundaries,numeric__mean_neq,-0.9807433417749909
esm2_frozen_bilstm_attn,-1,03_add_geometry_boundaries,numeric__max_neq,-0.08324688197598613
esm2_frozen_bilstm_attn,-1,03_add_geometry_boundaries,numeric__neq_peak_fraction,-0.4808541467133187
esm2_frozen_bilstm_attn,-1,03_add_geometry_boundaries,numeric__neq_peak_excess,0.37294314747669577
esm2_frozen_bilstm_attn,-1,03_add_geometry_boundaries,numeric__mean_rsa,-1.044656395190217
esm2_frozen_bilstm_attn,-1,03_add_geometry_boundaries,numeric__max_rsa,0.7698046749773868
esm2_frozen_bilstm_attn,-1,03_add_geometry_boundaries,numeric__log_segment_length,1.1506692886323786
esm2_frozen_bilstm_attn,-1,03_add_geometry_boundaries,numeric__normalized_midpoint,-0.0020631127725376022
esm2_frozen_bilstm_attn,-1,03_add_geometry_boundaries,numeric__mean_torsion_change,-0.3540375208403988
esm2_frozen_bilstm_attn,-1,03_add_geometry_boundaries,numeric__max_torsion_change,0.2722995242339822
esm2_frozen_bilstm_attn,-1,03_add_geometry_boundaries,numeric__q3_boundary_fraction,-0.7023778968874224
esm2_frozen_bilstm_attn,-1,03_add_geometry_boundaries,numeric__mean_distance_to_q3_boundary,-0.654164062488955
esm2_frozen_bilstm_attn,-1,03_add_geometry_boundaries,numeric__structured_linker_fraction,0.19412785927101683
esm2_frozen_bilstm_attn,-1,04_add_disorder,q8__q8_C,0.955591486769719
esm2_frozen_bilstm_attn,-1,04_add_disorder,q8__q8_E,-0.3441795104562535
esm2_frozen_bilstm_attn,-1,04_add_disorder,q8__q8_G,0.3742821851589768
esm2_frozen_bilstm_attn,-1,04_add_disorder,q8__q8_H,-1.3564100796953666
esm2_frozen_bilstm_attn,-1,04_add_disorder,q8__q8_S,0.4367638646050539
esm2_frozen_bilstm_attn,-1,04_add_disorder,numeric__mean_neq,-1.0093053144256559
esm2_frozen_bilstm_attn,-1,04_add_disorder,numeric__max_neq,-0.08543684656922328
esm2_frozen_bilstm_attn,-1,04_add_disorder,numeric__neq_peak_fraction,-0.4761569585119666
esm2_frozen_bilstm_attn,-1,04_add_disorder,numeric__neq_peak_excess,0.38409406030310045
esm2_frozen_bilstm_attn,-1,04_add_disorder,numeric__mean_rsa,-1.1115154735906831
esm2_frozen_bilstm_attn,-1,04_add_disorder,numeric__max_rsa,0.8101138295913709
esm2_frozen_bilstm_attn,-1,04_add_disorder,numeric__log_segment_length,1.1634250698295017
esm2_frozen_bilstm_attn,-1,04_add_disorder,numeric__normalized_midpoint,-0.006787427496163387
esm2_frozen_bilstm_attn,-1,04_add_disorder,numeric__mean_torsion_change,-0.33536056252681284
esm2_frozen_bilstm_attn,-1,04_add_disorder,numeric__max_torsion_change,0.2745608483549802
esm2_frozen_bilstm_attn,-1,04_add_disorder,numeric__q3_boundary_fraction,-0.7159364901410533
esm2_frozen_bilstm_attn,-1,04_add_disorder,numeric__mean_distance_to_q3_boundary,-0.6613171365088332
esm2_frozen_bilstm_attn,-1,04_add_disorder,numeric__structured_linker_fraction,0.19639882613886203
esm2_frozen_bilstm_attn,-1,04_add_disorder,numeric__mean_disorder,0.12114727539967751
esm2_frozen_bilstm_attn,-1,04_add_disorder,numeric__max_disorder,-0.04221183364955032
esm2_frozen_bilstm_attn,-1,05_add_sequence,q8__q8_C,0.9997761550491557
esm2_frozen_bilstm_attn,-1,05_add_sequence,q8__q8_E,-0.3732404609969671
esm2_frozen_bilstm_attn,-1,05_add_sequence,q8__q8_G,0.3605241796763104
esm2_frozen_bilstm_attn,-1,05_add_sequence,q8__q8_H,-1.389802016131044
esm2_frozen_bilstm_attn,-1,05_add_sequence,q8__q8_S,0.44020737258871634
esm2_frozen_bilstm_attn,-1,05_add_sequence,numeric__mean_neq,-0.9655301822696072
esm2_frozen_bilstm_attn,-1,05_add_sequence,numeric__max_neq,-0.07817343147404716
esm2_frozen_bilstm_attn,-1,05_add_sequence,numeric__neq_peak_fraction,-0.49241019272168335
esm2_frozen_bilstm_attn,-1,05_add_sequence,numeric__neq_peak_excess,0.3718333611980469
esm2_frozen_bilstm_attn,-1,05_add_sequence,numeric__mean_rsa,-1.1688364007832228
esm2_frozen_bilstm_attn,-1,05_add_sequence,numeric__max_rsa,0.7998448516841047
esm2_frozen_bilstm_attn,-1,05_add_sequence,numeric__log_segment_length,1.4115626201914757
esm2_frozen_bilstm_attn,-1,05_add_sequence,numeric__normalized_midpoint,-0.011612527168508214
esm2_frozen_bilstm_attn,-1,05_add_sequence,numeric__mean_torsion_change,-0.25800104902899984
esm2_frozen_bilstm_attn,-1,05_add_sequence,numeric__max_torsion_change,0.24537449733022712
esm2_frozen_bilstm_attn,-1,05_add_sequence,numeric__q3_boundary_fraction,-0.7130283949600447
esm2_frozen_bilstm_attn,-1,05_add_sequence,numeric__mean_distance_to_q3_boundary,-0.715885984332782
esm2_frozen_bilstm_attn,-1,05_add_sequence,numeric__structured_linker_fraction,0.20256737477052889
esm2_frozen_bilstm_attn,-1,05_add_sequence,numeric__mean_disorder,0.12953120368142043
esm2_frozen_bilstm_attn,-1,05_add_sequence,numeric__max_disorder,-0.062163938831416715
esm2_frozen_bilstm_attn,-1,05_add_sequence,numeric__fraction_glycine,-0.016976715279837424
esm2_frozen_bilstm_attn,-1,05_add_sequence,numeric__fraction_proline,0.019426770514870902
esm2_frozen_bilstm_attn,-1,05_add_sequence,numeric__fraction_hydrophobic,0.33098051061006756
esm2_frozen_bilstm_attn,-1,05_add_sequence,numeric__fraction_charged,0.33023603278094704
esm2_frozen_bilstm_attn,-1,05_add_sequence,numeric__fraction_aromatic,-0.2008284494613895
esm2_frozen_bilstm_attn,-1,05_add_sequence,numeric__sequence_entropy,-0.17513840257955282
esm2_frozen_bilstm_attn,1,00_q8_only,q8__q8_B,0.0
esm2_frozen_bilstm_attn,1,00_q8_only,q8__q8_C,0.0
esm2_frozen_bilstm_attn,1,00_q8_only,q8__q8_E,0.0
esm2_frozen_bilstm_attn,1,00_q8_only,q8__q8_G,0.0
esm2_frozen_bilstm_attn,1,00_q8_only,q8__q8_H,0.0
esm2_frozen_bilstm_attn,1,00_q8_only,q8__q8_S,0.0
esm2_frozen_bilstm_attn,1,00_q8_only,q8__q8_T,0.0
esm2_frozen_bilstm_attn,1,01_add_neq,q8__q8_B,0.024693203388144964
esm2_frozen_bilstm_attn,1,01_add_neq,q8__q8_C,-0.33614158154799806
esm2_frozen_bilstm_attn,1,01_add_neq,q8__q8_E,0.0817022361605397
esm2_frozen_bilstm_attn,1,01_add_neq,q8__q8_G,-0.03438264362417172
esm2_frozen_bilstm_attn,1,01_add_neq,q8__q8_H,-0.1676106146732763
esm2_frozen_bilstm_attn,1,01_add_neq,q8__q8_S,0.2378252242696525
esm2_frozen_bilstm_attn,1,01_add_neq,q8__q8_T,0.06550753690069629
esm2_frozen_bilstm_attn,1,01_add_neq,numeric__mean_neq,0.12225494083315475
esm2_frozen_bilstm_attn,1,01_add_neq,numeric__max_neq,0.33648587477576614
esm2_frozen_bilstm_attn,1,01_add_neq,numeric__neq_peak_fraction,0.08641647851774387
esm2_frozen_bilstm_attn,1,01_add_neq,numeric__neq_peak_excess,0.4623540885195473
esm2_frozen_bilstm_attn,1,02_add_exposure_length_position,q8__q8_B,0.2874648489049853
esm2_frozen_bilstm_attn,1,02_add_exposure_length_position,q8__q8_C,-0.2505020338475782
esm2_frozen_bilstm_attn,1,02_add_exposure_length_position,q8__q8_E,-0.0176888651523622
esm2_frozen_bilstm_attn,1,02_add_exposure_length_position,q8__q8_G,0.2921865938645538
esm2_frozen_bilstm_attn,1,02_add_exposure_length_position,q8__q8_H,-0.7557712478369542
esm2_frozen_bilstm_attn,1,02_add_exposure_length_position,q8__q8_S,0.5462381276089372
esm2_frozen_bilstm_attn,1,02_add_exposure_length_position,q8__q8_T,-0.16659401735995835
esm2_frozen_bilstm_attn,1,02_add_exposure_length_position,numeric__mean_neq,0.3485634428688984
esm2_frozen_bilstm_attn,1,02_add_exposure_length_position,numeric__max_neq,0.17519734806275178
esm2_frozen_bilstm_attn,1,02_add_exposure_length_position,numeric__neq_peak_fraction,0.1255899447544106
esm2_frozen_bilstm_attn,1,02_add_exposure_length_position,numeric__neq_peak_excess,-0.0969288207962144
esm2_frozen_bilstm_attn,1,02_add_exposure_length_position,numeric__mean_rsa,0.5657192254697119
esm2_frozen_bilstm_attn,1,02_add_exposure_length_position,numeric__max_rsa,0.07546513378581217
esm2_frozen_bilstm_attn,1,02_add_exposure_length_position,numeric__log_segment_length,0.7809481697190428
esm2_frozen_bilstm_attn,1,02_add_exposure_length_position,numeric__normalized_midpoint,-0.032828609208088166
esm2_frozen_bilstm_attn,1,03_add_geometry_boundaries,q8__q8_B,0.408222877051543
esm2_frozen_bilstm_attn,1,03_add_geometry_boundaries,q8__q8_C,-0.4558099098109664
esm2_frozen_bilstm_attn,1,03_add_geometry_boundaries,q8__q8_E,0.5898108345772679
esm2_frozen_bilstm_attn,1,03_add_geometry_boundaries,q8__q8_G,0.7134762493985031
esm2_frozen_bilstm_attn,1,03_add_geometry_boundaries,q8__q8_H,-0.2617062519515842
esm2_frozen_bilstm_attn,1,03_add_geometry_boundaries,q8__q8_S,-0.3518399429033499
esm2_frozen_bilstm_attn,1,03_add_geometry_boundaries,q8__q8_T,-0.6626768960325295
esm2_frozen_bilstm_attn,1,03_add_geometry_boundaries,numeric__mean_neq,0.32369549985777474
esm2_frozen_bilstm_attn,1,03_add_geometry_boundaries,numeric__max_neq,0.18176746355742807
esm2_frozen_bilstm_attn,1,03_add_geometry_boundaries,numeric__neq_peak_fraction,0.12975546117756287
esm2_frozen_bilstm_attn,1,03_add_geometry_boundaries,numeric__neq_peak_excess,-0.05559957141096278
esm2_frozen_bilstm_attn,1,03_add_geometry_boundaries,numeric__mean_rsa,0.5258344284290488
esm2_frozen_bilstm_attn,1,03_add_geometry_boundaries,numeric__max_rsa,0.10664420438646484
esm2_frozen_bilstm_attn,1,03_add_geometry_boundaries,numeric__log_segment_length,0.6829171166278851
esm2_frozen_bilstm_attn,1,03_add_geometry_boundaries,numeric__normalized_midpoint,-0.03848812437994607
esm2_frozen_bilstm_attn,1,03_add_geometry_boundaries,numeric__mean_torsion_change,0.3814944784525855
esm2_frozen_bilstm_attn,1,03_add_geometry_boundaries,numeric__max_torsion_change,-0.022294944544576534
esm2_frozen_bilstm_attn,1,03_add_geometry_boundaries,numeric__q3_boundary_fraction,-0.5106425359300673
esm2_frozen_bilstm_attn,1,03_add_geometry_boundaries,numeric__mean_distance_to_q3_boundary,0.06920869748317925
esm2_frozen_bilstm_attn,1,03_add_geometry_boundaries,numeric__structured_linker_fraction,0.19652593031093774
esm2_frozen_bilstm_attn,1,04_add_disorder,q8__q8_B,0.4069037442034055
esm2_frozen_bilstm_attn,1,04_add_disorder,q8__q8_C,-0.475528011312111
esm2_frozen_bilstm_attn,1,04_add_disorder,q8__q8_E,0.6520877671560719
esm2_frozen_bilstm_attn,1,04_add_disorder,q8__q8_G,0.7350719656997108
esm2_frozen_bilstm_attn,1,04_add_disorder,q8__q8_H,-0.2138753671995817
esm2_frozen_bilstm_attn,1,04_add_disorder,q8__q8_S,-0.41566799461497606
esm2_frozen_bilstm_attn,1,04_add_disorder,q8__q8_T,-0.7086932010542046
esm2_frozen_bilstm_attn,1,04_add_disorder,numeric__mean_neq,0.3270655776776026
esm2_frozen_bilstm_attn,1,04_add_disorder,numeric__max_neq,0.18668944256085293
esm2_frozen_bilstm_attn,1,04_add_disorder,numeric__neq_peak_fraction,0.12514187387246786
esm2_frozen_bilstm_attn,1,04_add_disorder,numeric__neq_peak_excess,-0.050711100615407664
esm2_frozen_bilstm_attn,1,04_add_disorder,numeric__mean_rsa,0.6029447607650779
esm2_frozen_bilstm_attn,1,04_add_disorder,numeric__max_rsa,0.0385682655979363
esm2_frozen_bilstm_attn,1,04_add_disorder,numeric__log_segment_length,0.646361132197976
esm2_frozen_bilstm_attn,1,04_add_disorder,numeric__normalized_midpoint,-0.019997786044931368
esm2_frozen_bilstm_attn,1,04_add_disorder,numeric__mean_torsion_change,0.36894168876279804
esm2_frozen_bilstm_attn,1,04_add_disorder,numeric__max_torsion_change,-0.01276993294511662
esm2_frozen_bilstm_attn,1,04_add_disorder,numeric__q3_boundary_fraction,-0.5253002757739426
esm2_frozen_bilstm_attn,1,04_add_disorder,numeric__mean_distance_to_q3_boundary,0.05675664154584687
esm2_frozen_bilstm_attn,1,04_add_disorder,numeric__structured_linker_fraction,0.21538349719172858
esm2_frozen_bilstm_attn,1,04_add_disorder,numeric__mean_disorder,-0.47373452129851384
esm2_frozen_bilstm_attn,1,04_add_disorder,numeric__max_disorder,0.49238673008666023
esm2_frozen_bilstm_attn,1,05_add_sequence,q8__q8_B,0.42778738811037653
esm2_frozen_bilstm_attn,1,05_add_sequence,q8__q8_C,-0.471484819799725
esm2_frozen_bilstm_attn,1,05_add_sequence,q8__q8_E,0.7173028713984232
esm2_frozen_bilstm_attn,1,05_add_sequence,q8__q8_G,0.7322807428252229
esm2_frozen_bilstm_attn,1,05_add_sequence,q8__q8_H,-0.15896560021898903
esm2_frozen_bilstm_attn,1,05_add_sequence,q8__q8_S,-0.43063152867670207
esm2_frozen_bilstm_attn,1,05_add_sequence,q8__q8_T,-0.8237872337289845
esm2_frozen_bilstm_attn,1,05_add_sequence,numeric__mean_neq,0.3104217730756961
esm2_frozen_bilstm_attn,1,05_add_sequence,numeric__max_neq,0.18375440145758987
esm2_frozen_bilstm_attn,1,05_add_sequence,numeric__neq_peak_fraction,0.13575244628878205
esm2_frozen_bilstm_attn,1,05_add_sequence,numeric__neq_peak_excess,-0.036282381222865506
esm2_frozen_bilstm_attn,1,05_add_sequence,numeric__mean_rsa,0.5737321284790226
esm2_frozen_bilstm_attn,1,05_add_sequence,numeric__max_rsa,0.12487445963349378
esm2_frozen_bilstm_attn,1,05_add_sequence,numeric__log_segment_length,0.6622317628554848
esm2_frozen_bilstm_attn,1,05_add_sequence,numeric__normalized_midpoint,-0.01827003845756534
esm2_frozen_bilstm_attn,1,05_add_sequence,numeric__mean_torsion_change,0.2671571637276858
esm2_frozen_bilstm_attn,1,05_add_sequence,numeric__max_torsion_change,-0.0012155599919429659
esm2_frozen_bilstm_attn,1,05_add_sequence,numeric__q3_boundary_fraction,-0.5215116883655958
esm2_frozen_bilstm_attn,1,05_add_sequence,numeric__mean_distance_to_q3_boundary,0.057247284089497745
esm2_frozen_bilstm_attn,1,05_add_sequence,numeric__structured_linker_fraction,0.22223204589232956
esm2_frozen_bilstm_attn,1,05_add_sequence,numeric__mean_disorder,-0.4888002741129359
esm2_frozen_bilstm_attn,1,05_add_sequence,numeric__max_disorder,0.48866321655918055
esm2_frozen_bilstm_attn,1,05_add_sequence,numeric__fraction_glycine,0.12181803688108828
esm2_frozen_bilstm_attn,1,05_add_sequence,numeric__fraction_proline,0.05290099983361464
esm2_frozen_bilstm_attn,1,05_add_sequence,numeric__fraction_hydrophobic,-0.12007254234165568
esm2_frozen_bilstm_attn,1,05_add_sequence,numeric__fraction_charged,-0.1376085440742424
esm2_frozen_bilstm_attn,1,05_add_sequence,numeric__fraction_aromatic,-0.015253859027284166
esm2_frozen_bilstm_attn,1,05_add_sequence,numeric__sequence_entropy,-0.061136537717928686
esm2_top28_bilstm_attn,-1,00_q8_only,q8__q8_C,0.0
esm2_top28_bilstm_attn,-1,00_q8_only,q8__q8_E,0.0
esm2_top28_bilstm_attn,-1,00_q8_only,q8__q8_G,0.0
esm2_top28_bilstm_attn,-1,00_q8_only,q8__q8_H,0.0
esm2_top28_bilstm_attn,-1,00_q8_only,q8__q8_T,0.0
esm2_top28_bilstm_attn,-1,01_add_neq,q8__q8_C,0.08293494970177859
esm2_top28_bilstm_attn,-1,01_add_neq,q8__q8_E,0.004837737835637667
esm2_top28_bilstm_attn,-1,01_add_neq,q8__q8_G,0.08753528844463064
esm2_top28_bilstm_attn,-1,01_add_neq,q8__q8_H,-0.3603676524371472
esm2_top28_bilstm_attn,-1,01_add_neq,q8__q8_T,0.11269479158727487
esm2_top28_bilstm_attn,-1,01_add_neq,numeric__mean_neq,-2.860677552298895
esm2_top28_bilstm_attn,-1,01_add_neq,numeric__max_neq,-0.23263281876909558
esm2_top28_bilstm_attn,-1,01_add_neq,numeric__neq_peak_fraction,-0.5278471399501162
esm2_top28_bilstm_attn,-1,01_add_neq,numeric__neq_peak_excess,1.0706297380494771
esm2_top28_bilstm_attn,-1,02_add_exposure_length_position,q8__q8_C,0.8538321090102154
esm2_top28_bilstm_attn,-1,02_add_exposure_length_position,q8__q8_E,-0.2246120013074704
esm2_top28_bilstm_attn,-1,02_add_exposure_length_position,q8__q8_G,0.6142213738159997
esm2_top28_bilstm_attn,-1,02_add_exposure_length_position,q8__q8_H,-1.5796196412961725
esm2_top28_bilstm_attn,-1,02_add_exposure_length_position,q8__q8_T,0.4646550993972203
esm2_top28_bilstm_attn,-1,02_add_exposure_length_position,numeric__mean_neq,-1.2342957818936011
esm2_top28_bilstm_attn,-1,02_add_exposure_length_position,numeric__max_neq,-0.24075485364965235
esm2_top28_bilstm_attn,-1,02_add_exposure_length_position,numeric__neq_peak_fraction,-0.7556228949437923
esm2_top28_bilstm_attn,-1,02_add_exposure_length_position,numeric__neq_peak_excess,0.2906761392100861
esm2_top28_bilstm_attn,-1,02_add_exposure_length_position,numeric__mean_rsa,-0.8543221907618195
esm2_top28_bilstm_attn,-1,02_add_exposure_length_position,numeric__max_rsa,0.857634536582806
esm2_top28_bilstm_attn,-1,02_add_exposure_length_position,numeric__log_segment_length,1.5438453267666588
esm2_top28_bilstm_attn,-1,02_add_exposure_length_position,numeric__normalized_midpoint,-0.03987512823622205
esm2_top28_bilstm_attn,-1,03_add_geometry_boundaries,q8__q8_C,0.8500864163568365
esm2_top28_bilstm_attn,-1,03_add_geometry_boundaries,q8__q8_E,-0.0838659825341303
esm2_top28_bilstm_attn,-1,03_add_geometry_boundaries,q8__q8_G,0.7235371740537957
esm2_top28_bilstm_attn,-1,03_add_geometry_boundaries,q8__q8_H,-1.9172316785126031
esm2_top28_bilstm_attn,-1,03_add_geometry_boundaries,q8__q8_T,0.4720888837779813
esm2_top28_bilstm_attn,-1,03_add_geometry_boundaries,numeric__mean_neq,-1.2123143291723137
esm2_top28_bilstm_attn,-1,03_add_geometry_boundaries,numeric__max_neq,-0.22455989741914964
esm2_top28_bilstm_attn,-1,03_add_geometry_boundaries,numeric__neq_peak_fraction,-0.7384048119494345
esm2_top28_bilstm_attn,-1,03_add_geometry_boundaries,numeric__neq_peak_excess,0.30002681878508597
esm2_top28_bilstm_attn,-1,03_add_geometry_boundaries,numeric__mean_rsa,-0.7607392974503693
esm2_top28_bilstm_attn,-1,03_add_geometry_boundaries,numeric__max_rsa,0.7194704366741776
esm2_top28_bilstm_attn,-1,03_add_geometry_boundaries,numeric__log_segment_length,1.4389688297373828
esm2_top28_bilstm_attn,-1,03_add_geometry_boundaries,numeric__normalized_midpoint,-0.040051461239252455
esm2_top28_bilstm_attn,-1,03_add_geometry_boundaries,numeric__mean_torsion_change,-0.99033814358747
esm2_top28_bilstm_attn,-1,03_add_geometry_boundaries,numeric__max_torsion_change,0.4736606086472082
esm2_top28_bilstm_attn,-1,03_add_geometry_boundaries,numeric__q3_boundary_fraction,-0.48629906712289367
esm2_top28_bilstm_attn,-1,03_add_geometry_boundaries,numeric__mean_distance_to_q3_boundary,-0.46359483554164654
esm2_top28_bilstm_attn,-1,03_add_geometry_boundaries,numeric__structured_linker_fraction,0.44615782415781974
esm2_top28_bilstm_attn,-1,04_add_disorder,q8__q8_C,0.8944829143344093
esm2_top28_bilstm_attn,-1,04_add_disorder,q8__q8_E,-0.10546562507151144
esm2_top28_bilstm_attn,-1,04_add_disorder,q8__q8_G,0.7081814500222402
esm2_top28_bilstm_attn,-1,04_add_disorder,q8__q8_H,-1.9437130072404132
esm2_top28_bilstm_attn,-1,04_add_disorder,q8__q8_T,0.4711429697834566
esm2_top28_bilstm_attn,-1,04_add_disorder,numeric__mean_neq,-1.2194499109534842
esm2_top28_bilstm_attn,-1,04_add_disorder,numeric__max_neq,-0.2269316549231143
esm2_top28_bilstm_attn,-1,04_add_disorder,numeric__neq_peak_fraction,-0.7389436108237044
esm2_top28_bilstm_attn,-1,04_add_disorder,numeric__neq_peak_excess,0.3005117049073936
esm2_top28_bilstm_attn,-1,04_add_disorder,numeric__mean_rsa,-0.7219357755540556
esm2_top28_bilstm_attn,-1,04_add_disorder,numeric__max_rsa,0.691222353817947
esm2_top28_bilstm_attn,-1,04_add_disorder,numeric__log_segment_length,1.4409613755310797
esm2_top28_bilstm_attn,-1,04_add_disorder,numeric__normalized_midpoint,-0.03659019075177081
esm2_top28_bilstm_attn,-1,04_add_disorder,numeric__mean_torsion_change,-0.9827093394083112
esm2_top28_bilstm_attn,-1,04_add_disorder,numeric__max_torsion_change,0.4705749978925728
esm2_top28_bilstm_attn,-1,04_add_disorder,numeric__q3_boundary_fraction,-0.496550491089866
esm2_top28_bilstm_attn,-1,04_add_disorder,numeric__mean_distance_to_q3_boundary,-0.4788792770429688
esm2_top28_bilstm_attn,-1,04_add_disorder,numeric__structured_linker_fraction,0.4374983443218412
esm2_top28_bilstm_attn,-1,04_add_disorder,numeric__mean_disorder,-0.1051417506047253
esm2_top28_bilstm_attn,-1,04_add_disorder,numeric__max_disorder,0.05597884033869077
esm2_top28_bilstm_attn,-1,05_add_sequence,q8__q8_C,0.9658318572674012
esm2_top28_bilstm_attn,-1,05_add_sequence,q8__q8_E,-0.15442435968147408
esm2_top28_bilstm_attn,-1,05_add_sequence,q8__q8_G,0.6834162592189343
esm2_top28_bilstm_attn,-1,05_add_sequence,q8__q8_H,-1.9459363105866534
esm2_top28_bilstm_attn,-1,05_add_sequence,q8__q8_T,0.47520118295894315
esm2_top28_bilstm_attn,-1,05_add_sequence,numeric__mean_neq,-1.159739008842607
esm2_top28_bilstm_attn,-1,05_add_sequence,numeric__max_neq,-0.22043060265371123
esm2_top28_bilstm_attn,-1,05_add_sequence,numeric__neq_peak_fraction,-0.7532820478472624
esm2_top28_bilstm_attn,-1,05_add_sequence,numeric__neq_peak_excess,0.28017177701058565
esm2_top28_bilstm_attn,-1,05_add_sequence,numeric__mean_rsa,-0.7763168164829732
esm2_top28_bilstm_attn,-1,05_add_sequence,numeric__max_rsa,0.6780085178544693
esm2_top28_bilstm_attn,-1,05_add_sequence,numeric__log_segment_length,1.5799576787968959
esm2_top28_bilstm_attn,-1,05_add_sequence,numeric__normalized_midpoint,-0.037209377100470835
esm2_top28_bilstm_attn,-1,05_add_sequence,numeric__mean_torsion_change,-0.8668723786461269
esm2_top28_bilstm_attn,-1,05_add_sequence,numeric__max_torsion_change,0.43744107520424913
esm2_top28_bilstm_attn,-1,05_add_sequence,numeric__q3_boundary_fraction,-0.5200259436928792
esm2_top28_bilstm_attn,-1,05_add_sequence,numeric__mean_distance_to_q3_boundary,-0.500578641309572
esm2_top28_bilstm_attn,-1,05_add_sequence,numeric__structured_linker_fraction,0.4341185344288537
esm2_top28_bilstm_attn,-1,05_add_sequence,numeric__mean_disorder,-0.09175126002609565
esm2_top28_bilstm_attn,-1,05_add_sequence,numeric__max_disorder,0.03913830641336198
esm2_top28_bilstm_attn,-1,05_add_sequence,numeric__fraction_glycine,-0.17599835525485763
esm2_top28_bilstm_attn,-1,05_add_sequence,numeric__fraction_proline,-0.2473206101986582
esm2_top28_bilstm_attn,-1,05_add_sequence,numeric__fraction_hydrophobic,0.27111949158975923
esm2_top28_bilstm_attn,-1,05_add_sequence,numeric__fraction_charged,0.20091767833050236
esm2_top28_bilstm_attn,-1,05_add_sequence,numeric__fraction_aromatic,-0.18212074302420547
esm2_top28_bilstm_attn,-1,05_add_sequence,numeric__sequence_entropy,-0.0912512720948117
esm2_top28_bilstm_attn,1,00_q8_only,q8__q8_C,0.0
esm2_top28_bilstm_attn,1,00_q8_only,q8__q8_E,0.0
esm2_top28_bilstm_attn,1,00_q8_only,q8__q8_G,0.0
esm2_top28_bilstm_attn,1,00_q8_only,q8__q8_H,0.0
esm2_top28_bilstm_attn,1,00_q8_only,q8__q8_S,0.0
esm2_top28_bilstm_attn,1,00_q8_only,q8__q8_T,0.0
esm2_top28_bilstm_attn,1,01_add_neq,q8__q8_C,-0.30545415041450547
esm2_top28_bilstm_attn,1,01_add_neq,q8__q8_E,0.10267437935205506
esm2_top28_bilstm_attn,1,01_add_neq,q8__q8_G,0.016899725770515156
esm2_top28_bilstm_attn,1,01_add_neq,q8__q8_H,-0.16415827705184677
esm2_top28_bilstm_attn,1,01_add_neq,q8__q8_S,0.1612618899109349
esm2_top28_bilstm_attn,1,01_add_neq,q8__q8_T,0.02609325009875758
esm2_top28_bilstm_attn,1,01_add_neq,numeric__mean_neq,0.27314430548641455
esm2_top28_bilstm_attn,1,01_add_neq,numeric__max_neq,0.3729530588070259
esm2_top28_bilstm_attn,1,01_add_neq,numeric__neq_peak_fraction,0.07258997709750106
esm2_top28_bilstm_attn,1,01_add_neq,numeric__neq_peak_excess,0.3517081985833164
esm2_top28_bilstm_attn,1,02_add_exposure_length_position,q8__q8_C,-0.22874021845225423
esm2_top28_bilstm_attn,1,02_add_exposure_length_position,q8__q8_E,-0.10783044815177903
esm2_top28_bilstm_attn,1,02_add_exposure_length_position,q8__q8_G,0.349906520546461
esm2_top28_bilstm_attn,1,02_add_exposure_length_position,q8__q8_H,-0.7382290340041565
esm2_top28_bilstm_attn,1,02_add_exposure_length_position,q8__q8_S,0.4544969748278388
esm2_top28_bilstm_attn,1,02_add_exposure_length_position,q8__q8_T,-0.13380612728369606
esm2_top28_bilstm_attn,1,02_add_exposure_length_position,numeric__mean_neq,0.4999156005946215
esm2_top28_bilstm_attn,1,02_add_exposure_length_position,numeric__max_neq,0.2104080560697249
esm2_top28_bilstm_attn,1,02_add_exposure_length_position,numeric__neq_peak_fraction,0.11212555249226262
esm2_top28_bilstm_attn,1,02_add_exposure_length_position,numeric__neq_peak_excess,-0.20322018209588516
esm2_top28_bilstm_attn,1,02_add_exposure_length_position,numeric__mean_rsa,0.7894423611450913
esm2_top28_bilstm_attn,1,02_add_exposure_length_position,numeric__max_rsa,-0.27621445594423244
esm2_top28_bilstm_attn,1,02_add_exposure_length_position,numeric__log_segment_length,0.9320359087128741
esm2_top28_bilstm_attn,1,02_add_exposure_length_position,numeric__normalized_midpoint,0.0018841774463271418
esm2_top28_bilstm_attn,1,03_add_geometry_boundaries,q8__q8_C,-0.7323949661955972
esm2_top28_bilstm_attn,1,03_add_geometry_boundaries,q8__q8_E,1.0837072651390556
esm2_top28_bilstm_attn,1,03_add_geometry_boundaries,q8__q8_G,1.236725813731194
esm2_top28_bilstm_attn,1,03_add_geometry_boundaries,q8__q8_H,0.2277301625484891
esm2_top28_bilstm_attn,1,03_add_geometry_boundaries,q8__q8_S,-0.865588301136221
esm2_top28_bilstm_attn,1,03_add_geometry_boundaries,q8__q8_T,-1.0524503730179788
esm2_top28_bilstm_attn,1,03_add_geometry_boundaries,numeric__mean_neq,0.465366472903195
esm2_top28_bilstm_attn,1,03_add_geometry_boundaries,numeric__max_neq,0.22965231914085077
esm2_top28_bilstm_attn,1,03_add_geometry_boundaries,numeric__neq_peak_fraction,0.1202063852260133
esm2_top28_bilstm_attn,1,03_add_geometry_boundaries,numeric__neq_peak_excess,-0.12857622839219174
esm2_top28_bilstm_attn,1,03_add_geometry_boundaries,numeric__mean_rsa,0.7649262516215417
esm2_top28_bilstm_attn,1,03_add_geometry_boundaries,numeric__max_rsa,-0.23926970170379658
esm2_top28_bilstm_attn,1,03_add_geometry_boundaries,numeric__log_segment_length,0.6910901649163914
esm2_top28_bilstm_attn,1,03_add_geometry_boundaries,numeric__normalized_midpoint,-0.005649324926681518
esm2_top28_bilstm_attn,1,03_add_geometry_boundaries,numeric__mean_torsion_change,0.2594170432202617
esm2_top28_bilstm_attn,1,03_add_geometry_boundaries,numeric__max_torsion_change,0.005654436236601976
esm2_top28_bilstm_attn,1,03_add_geometry_boundaries,numeric__q3_boundary_fraction,-0.5666930487120267
esm2_top28_bilstm_attn,1,03_add_geometry_boundaries,numeric__mean_distance_to_q3_boundary,0.3833855362020872
esm2_top28_bilstm_attn,1,03_add_geometry_boundaries,numeric__structured_linker_fraction,0.5770216823604546
esm2_top28_bilstm_attn,1,04_add_disorder,q8__q8_C,-0.3948681469086311
esm2_top28_bilstm_attn,1,04_add_disorder,q8__q8_E,0.817950763308586
esm2_top28_bilstm_attn,1,04_add_disorder,q8__q8_G,1.0244732975979924
esm2_top28_bilstm_attn,1,04_add_disorder,q8__q8_H,-0.10702291947020856
esm2_top28_bilstm_attn,1,04_add_disorder,q8__q8_S,-0.6717602612992603
esm2_top28_bilstm_attn,1,04_add_disorder,q8__q8_T,-0.9311398679914837
esm2_top28_bilstm_attn,1,04_add_disorder,numeric__mean_neq,0.4500574879725747
esm2_top28_bilstm_attn,1,04_add_disorder,numeric__max_neq,0.2579527839611825
esm2_top28_bilstm_attn,1,04_add_disorder,numeric__neq_peak_fraction,0.11638581099528783
esm2_top28_bilstm_attn,1,04_add_disorder,numeric__neq_peak_excess,-0.06003476029228426
esm2_top28_bilstm_attn,1,04_add_disorder,numeric__mean_rsa,1.0168552752144373
esm2_top28_bilstm_attn,1,04_add_disorder,numeric__max_rsa,-0.365290674612919
esm2_top28_bilstm_attn,1,04_add_disorder,numeric__log_segment_length,0.8295428128266916
esm2_top28_bilstm_attn,1,04_add_disorder,numeric__normalized_midpoint,-0.015181250205714241
esm2_top28_bilstm_attn,1,04_add_disorder,numeric__mean_torsion_change,0.2994652317150873
esm2_top28_bilstm_attn,1,04_add_disorder,numeric__max_torsion_change,-0.058734664574884826
esm2_top28_bilstm_attn,1,04_add_disorder,numeric__q3_boundary_fraction,-0.5729789674360323
esm2_top28_bilstm_attn,1,04_add_disorder,numeric__mean_distance_to_q3_boundary,0.3927290259775024
esm2_top28_bilstm_attn,1,04_add_disorder,numeric__structured_linker_fraction,0.38471663257981437
esm2_top28_bilstm_attn,1,04_add_disorder,numeric__mean_disorder,-0.16812284833510896
esm2_top28_bilstm_attn,1,04_add_disorder,numeric__max_disorder,-0.20269576971629338
esm2_top28_bilstm_attn,1,05_add_sequence,q8__q8_C,-0.3944627323011794
esm2_top28_bilstm_attn,1,05_add_sequence,q8__q8_E,0.894618477712658
esm2_top28_bilstm_attn,1,05_add_sequence,q8__q8_G,1.028147724294888
esm2_top28_bilstm_attn,1,05_add_sequence,q8__q8_H,-0.052275642900728225
esm2_top28_bilstm_attn,1,05_add_sequence,q8__q8_S,-0.6848312923453471
esm2_top28_bilstm_attn,1,05_add_sequence,q8__q8_T,-1.033738532445463
esm2_top28_bilstm_attn,1,05_add_sequence,numeric__mean_neq,0.4466553590845273
esm2_top28_bilstm_attn,1,05_add_sequence,numeric__max_neq,0.2584006887807278
esm2_top28_bilstm_attn,1,05_add_sequence,numeric__neq_peak_fraction,0.12462717080198252
esm2_top28_bilstm_attn,1,05_add_sequence,numeric__neq_peak_excess,-0.0552800315859091
esm2_top28_bilstm_attn,1,05_add_sequence,numeric__mean_rsa,0.9599625584082573
esm2_top28_bilstm_attn,1,05_add_sequence,numeric__max_rsa,-0.3171799336822111
esm2_top28_bilstm_attn,1,05_add_sequence,numeric__log_segment_length,0.7042636594666437
esm2_top28_bilstm_attn,1,05_add_sequence,numeric__normalized_midpoint,-0.012665463932155483
esm2_top28_bilstm_attn,1,05_add_sequence,numeric__mean_torsion_change,0.2136929498042962
esm2_top28_bilstm_attn,1,05_add_sequence,numeric__max_torsion_change,-0.06661327839319896
esm2_top28_bilstm_attn,1,05_add_sequence,numeric__q3_boundary_fraction,-0.561646943403566
esm2_top28_bilstm_attn,1,05_add_sequence,numeric__mean_distance_to_q3_boundary,0.4178640357377728
esm2_top28_bilstm_attn,1,05_add_sequence,numeric__structured_linker_fraction,0.3984521507328353
esm2_top28_bilstm_attn,1,05_add_sequence,numeric__mean_disorder,-0.17199235090941717
esm2_top28_bilstm_attn,1,05_add_sequence,numeric__max_disorder,-0.19957676263072183
esm2_top28_bilstm_attn,1,05_add_sequence,numeric__fraction_glycine,0.150770797923772
esm2_top28_bilstm_attn,1,05_add_sequence,numeric__fraction_proline,0.05869477283958322
esm2_top28_bilstm_attn,1,05_add_sequence,numeric__fraction_hydrophobic,-0.11124553636346707
esm2_top28_bilstm_attn,1,05_add_sequence,numeric__fraction_charged,-0.02322987025342907
esm2_top28_bilstm_attn,1,05_add_sequence,numeric__fraction_aromatic,-0.06732903648542592
esm2_top28_bilstm_attn,1,05_add_sequence,numeric__sequence_entropy,0.11632919916513869
esm2_top4_bilstm_attn,-1,00_q8_only,q8__q8_C,0.0
esm2_top4_bilstm_attn,-1,00_q8_only,q8__q8_E,0.0
esm2_top4_bilstm_attn,-1,00_q8_only,q8__q8_G,0.0
esm2_top4_bilstm_attn,-1,00_q8_only,q8__q8_H,0.0
esm2_top4_bilstm_attn,-1,00_q8_only,q8__q8_T,0.0
esm2_top4_bilstm_attn,-1,01_add_neq,q8__q8_C,0.19399338874010616
esm2_top4_bilstm_attn,-1,01_add_neq,q8__q8_E,-0.1109006282844924
esm2_top4_bilstm_attn,-1,01_add_neq,q8__q8_G,0.14276308158094536
esm2_top4_bilstm_attn,-1,01_add_neq,q8__q8_H,-0.3653337696095539
esm2_top4_bilstm_attn,-1,01_add_neq,q8__q8_T,0.13061802495379177
esm2_top4_bilstm_attn,-1,01_add_neq,numeric__mean_neq,-2.522063556969327
esm2_top4_bilstm_attn,-1,01_add_neq,numeric__max_neq,-0.1515191944750714
esm2_top4_bilstm_attn,-1,01_add_neq,numeric__neq_peak_fraction,-0.33041259201452006
esm2_top4_bilstm_attn,-1,01_add_neq,numeric__neq_peak_excess,1.0058626498282013
esm2_top4_bilstm_attn,-1,02_add_exposure_length_position,q8__q8_C,1.2085742222924147
esm2_top4_bilstm_attn,-1,02_add_exposure_length_position,q8__q8_E,-0.30640381656541604
esm2_top4_bilstm_attn,-1,02_add_exposure_length_position,q8__q8_G,0.3556492925172023
esm2_top4_bilstm_attn,-1,02_add_exposure_length_position,q8__q8_H,-1.6049720217625272
esm2_top4_bilstm_attn,-1,02_add_exposure_length_position,q8__q8_T,0.4499298066927297
esm2_top4_bilstm_attn,-1,02_add_exposure_length_position,numeric__mean_neq,-1.0990386607379061
esm2_top4_bilstm_attn,-1,02_add_exposure_length_position,numeric__max_neq,-0.16752630733297239
esm2_top4_bilstm_attn,-1,02_add_exposure_length_position,numeric__neq_peak_fraction,-0.4512359640378632
esm2_top4_bilstm_attn,-1,02_add_exposure_length_position,numeric__neq_peak_excess,0.3139085547163546
esm2_top4_bilstm_attn,-1,02_add_exposure_length_position,numeric__mean_rsa,-1.007605445553912
esm2_top4_bilstm_attn,-1,02_add_exposure_length_position,numeric__max_rsa,1.0698723052484858
esm2_top4_bilstm_attn,-1,02_add_exposure_length_position,numeric__log_segment_length,1.2608662416354428
esm2_top4_bilstm_attn,-1,02_add_exposure_length_position,numeric__normalized_midpoint,-0.02728569302177848
esm2_top4_bilstm_attn,-1,03_add_geometry_boundaries,q8__q8_C,1.6591536838647893
esm2_top4_bilstm_attn,-1,03_add_geometry_boundaries,q8__q8_E,-0.41376857575694526
esm2_top4_bilstm_attn,-1,03_add_geometry_boundaries,q8__q8_G,0.3211404199304674
esm2_top4_bilstm_attn,-1,03_add_geometry_boundaries,q8__q8_H,-2.00405352137887
esm2_top4_bilstm_attn,-1,03_add_geometry_boundaries,q8__q8_T,0.4902736751194298
esm2_top4_bilstm_attn,-1,03_add_geometry_boundaries,numeric__mean_neq,-1.0678862979108523
esm2_top4_bilstm_attn,-1,03_add_geometry_boundaries,numeric__max_neq,-0.1578602197518837
esm2_top4_bilstm_attn,-1,03_add_geometry_boundaries,numeric__neq_peak_fraction,-0.41169562288348
esm2_top4_bilstm_attn,-1,03_add_geometry_boundaries,numeric__neq_peak_excess,0.31103863112564756
esm2_top4_bilstm_attn,-1,03_add_geometry_boundaries,numeric__mean_rsa,-0.9127969335937899
esm2_top4_bilstm_attn,-1,03_add_geometry_boundaries,numeric__max_rsa,0.9205276287164094
esm2_top4_bilstm_attn,-1,03_add_geometry_boundaries,numeric__log_segment_length,1.2827416816692334
esm2_top4_bilstm_attn,-1,03_add_geometry_boundaries,numeric__normalized_midpoint,-0.033874179615479436
esm2_top4_bilstm_attn,-1,03_add_geometry_boundaries,numeric__mean_torsion_change,-0.21578205461057745
esm2_top4_bilstm_attn,-1,03_add_geometry_boundaries,numeric__max_torsion_change,0.286812966931535
esm2_top4_bilstm_attn,-1,03_add_geometry_boundaries,numeric__q3_boundary_fraction,-0.4832728068413373
esm2_top4_bilstm_attn,-1,03_add_geometry_boundaries,numeric__mean_distance_to_q3_boundary,-0.3155052349608015
esm2_top4_bilstm_attn,-1,03_add_geometry_boundaries,numeric__structured_linker_fraction,-0.12513287738713827
esm2_top4_bilstm_attn,-1,04_add_disorder,q8__q8_C,1.7475963791995526
esm2_top4_bilstm_attn,-1,04_add_disorder,q8__q8_E,-0.4410472334416049
esm2_top4_bilstm_attn,-1,04_add_disorder,q8__q8_G,0.3135419617792501
esm2_top4_bilstm_attn,-1,04_add_disorder,q8__q8_H,-2.067829008777918
esm2_top4_bilstm_attn,-1,04_add_disorder,q8__q8_T,0.49158113622717214
esm2_top4_bilstm_attn,-1,04_add_disorder,numeric__mean_neq,-1.0373161017177783
esm2_top4_bilstm_attn,-1,04_add_disorder,numeric__max_neq,-0.154782927017422
esm2_top4_bilstm_attn,-1,04_add_disorder,numeric__neq_peak_fraction,-0.40350766023362805
esm2_top4_bilstm_attn,-1,04_add_disorder,numeric__neq_peak_excess,0.3003673125090158
esm2_top4_bilstm_attn,-1,04_add_disorder,numeric__mean_rsa,-0.7779723566890936
esm2_top4_bilstm_attn,-1,04_add_disorder,numeric__max_rsa,0.8466670042439753
esm2_top4_bilstm_attn,-1,04_add_disorder,numeric__log_segment_length,1.344938346923852
esm2_top4_bilstm_attn,-1,04_add_disorder,numeric__normalized_midpoint,-0.0275807349245701
esm2_top4_bilstm_attn,-1,04_add_disorder,numeric__mean_torsion_change,-0.23778529343588373
esm2_top4_bilstm_attn,-1,04_add_disorder,numeric__max_torsion_change,0.26827319241155523
esm2_top4_bilstm_attn,-1,04_add_disorder,numeric__q3_boundary_fraction,-0.414240940506269
esm2_top4_bilstm_attn,-1,04_add_disorder,numeric__mean_distance_to_q3_boundary,-0.2396616227182907
esm2_top4_bilstm_attn,-1,04_add_disorder,numeric__structured_linker_fraction,-0.13777460909156758
esm2_top4_bilstm_attn,-1,04_add_disorder,numeric__mean_disorder,0.12924240358282754
esm2_top4_bilstm_attn,-1,04_add_disorder,numeric__max_disorder,-0.23860655972324507
esm2_top4_bilstm_attn,-1,05_add_sequence,q8__q8_C,1.84130570580441
esm2_top4_bilstm_attn,-1,05_add_sequence,q8__q8_E,-0.506830084662116
esm2_top4_bilstm_attn,-1,05_add_sequence,q8__q8_G,0.33744720719991733
esm2_top4_bilstm_attn,-1,05_add_sequence,q8__q8_H,-2.113330929271475
esm2_top4_bilstm_attn,-1,05_add_sequence,q8__q8_T,0.494666107590556
esm2_top4_bilstm_attn,-1,05_add_sequence,numeric__mean_neq,-1.008235732245485
esm2_top4_bilstm_attn,-1,05_add_sequence,numeric__max_neq,-0.14865534264711597
esm2_top4_bilstm_attn,-1,05_add_sequence,numeric__neq_peak_fraction,-0.4082242249694257
esm2_top4_bilstm_attn,-1,05_add_sequence,numeric__neq_peak_excess,0.2941388919021356
esm2_top4_bilstm_attn,-1,05_add_sequence,numeric__mean_rsa,-0.7869182802025498
esm2_top4_bilstm_attn,-1,05_add_sequence,numeric__max_rsa,0.8263200745308746
esm2_top4_bilstm_attn,-1,05_add_sequence,numeric__log_segment_length,1.4590205815362667
esm2_top4_bilstm_attn,-1,05_add_sequence,numeric__normalized_midpoint,-0.03095178085210411
esm2_top4_bilstm_attn,-1,05_add_sequence,numeric__mean_torsion_change,-0.19952295240965354
esm2_top4_bilstm_attn,-1,05_add_sequence,numeric__max_torsion_change,0.2577443780333523
esm2_top4_bilstm_attn,-1,05_add_sequence,numeric__q3_boundary_fraction,-0.404576942335099
esm2_top4_bilstm_attn,-1,05_add_sequence,numeric__mean_distance_to_q3_boundary,-0.24115185849253853
esm2_top4_bilstm_attn,-1,05_add_sequence,numeric__structured_linker_fraction,-0.1368394069089757
esm2_top4_bilstm_attn,-1,05_add_sequence,numeric__mean_disorder,0.128570985378083
esm2_top4_bilstm_attn,-1,05_add_sequence,numeric__max_disorder,-0.24818183648151232
esm2_top4_bilstm_attn,-1,05_add_sequence,numeric__fraction_glycine,0.010286054147075452
esm2_top4_bilstm_attn,-1,05_add_sequence,numeric__fraction_proline,-0.08695075173458555
esm2_top4_bilstm_attn,-1,05_add_sequence,numeric__fraction_hydrophobic,0.21802557135111353
esm2_top4_bilstm_attn,-1,05_add_sequence,numeric__fraction_charged,0.17713520205244482
esm2_top4_bilstm_attn,-1,05_add_sequence,numeric__fraction_aromatic,-0.12804936300840855
esm2_top4_bilstm_attn,-1,05_add_sequence,numeric__sequence_entropy,-0.12872030919311653
esm2_top4_bilstm_attn,1,00_q8_only,q8__q8_C,0.0
esm2_top4_bilstm_attn,1,00_q8_only,q8__q8_E,0.0
esm2_top4_bilstm_attn,1,00_q8_only,q8__q8_G,0.0
esm2_top4_bilstm_attn,1,00_q8_only,q8__q8_H,0.0
esm2_top4_bilstm_attn,1,00_q8_only,q8__q8_S,0.0
esm2_top4_bilstm_attn,1,00_q8_only,q8__q8_T,0.0
esm2_top4_bilstm_attn,1,01_add_neq,q8__q8_C,-0.25131876925165164
esm2_top4_bilstm_attn,1,01_add_neq,q8__q8_E,0.06485524413148959
esm2_top4_bilstm_attn,1,01_add_neq,q8__q8_G,0.008005402650019476
esm2_top4_bilstm_attn,1,01_add_neq,q8__q8_H,-0.20793765924783106
esm2_top4_bilstm_attn,1,01_add_neq,q8__q8_S,0.17443577151243006
esm2_top4_bilstm_attn,1,01_add_neq,q8__q8_T,0.07025419115959196
esm2_top4_bilstm_attn,1,01_add_neq,numeric__mean_neq,0.2234904388757171
esm2_top4_bilstm_attn,1,01_add_neq,numeric__max_neq,0.32455753313313007
esm2_top4_bilstm_attn,1,01_add_neq,numeric__neq_peak_fraction,0.0784896864056077
esm2_top4_bilstm_attn,1,01_add_neq,numeric__neq_peak_excess,0.3220030596125321
esm2_top4_bilstm_attn,1,02_add_exposure_length_position,q8__q8_C,-0.18901477894681004
esm2_top4_bilstm_attn,1,02_add_exposure_length_position,q8__q8_E,-0.15919559465892658
esm2_top4_bilstm_attn,1,02_add_exposure_length_position,q8__q8_G,0.34904078639624614
esm2_top4_bilstm_attn,1,02_add_exposure_length_position,q8__q8_H,-0.7519785986908218
esm2_top4_bilstm_attn,1,02_add_exposure_length_position,q8__q8_S,0.48533711475252267
esm2_top4_bilstm_attn,1,02_add_exposure_length_position,q8__q8_T,-0.17163567328812207
esm2_top4_bilstm_attn,1,02_add_exposure_length_position,numeric__mean_neq,0.4589073524509591
esm2_top4_bilstm_attn,1,02_add_exposure_length_position,numeric__max_neq,0.1491635053057451
esm2_top4_bilstm_attn,1,02_add_exposure_length_position,numeric__neq_peak_fraction,0.13061153867725875
esm2_top4_bilstm_attn,1,02_add_exposure_length_position,numeric__neq_peak_excess,-0.27264752742911674
esm2_top4_bilstm_attn,1,02_add_exposure_length_position,numeric__mean_rsa,0.7454330905583775
esm2_top4_bilstm_attn,1,02_add_exposure_length_position,numeric__max_rsa,-0.08892833816138378
esm2_top4_bilstm_attn,1,02_add_exposure_length_position,numeric__log_segment_length,0.9332996436046703
esm2_top4_bilstm_attn,1,02_add_exposure_length_position,numeric__normalized_midpoint,-0.02285781195153817
esm2_top4_bilstm_attn,1,03_add_geometry_boundaries,q8__q8_C,-0.6777699222536898
esm2_top4_bilstm_attn,1,03_add_geometry_boundaries,q8__q8_E,1.007323300404749
esm2_top4_bilstm_attn,1,03_add_geometry_boundaries,q8__q8_G,1.3016051218735356
esm2_top4_bilstm_attn,1,03_add_geometry_boundaries,q8__q8_H,0.22080714637617127
esm2_top4_bilstm_attn,1,03_add_geometry_boundaries,q8__q8_S,-0.9048686452259932
esm2_top4_bilstm_attn,1,03_add_geometry_boundaries,q8__q8_T,-1.071842235279495
esm2_top4_bilstm_attn,1,03_add_geometry_boundaries,numeric__mean_neq,0.4313996586997454
esm2_top4_bilstm_attn,1,03_add_geometry_boundaries,numeric__max_neq,0.16762257692997715
esm2_top4_bilstm_attn,1,03_add_geometry_boundaries,numeric__neq_peak_fraction,0.1474451704838501
esm2_top4_bilstm_attn,1,03_add_geometry_boundaries,numeric__neq_peak_excess,-0.20683863283533196
esm2_top4_bilstm_attn,1,03_add_geometry_boundaries,numeric__mean_rsa,0.7464087051036312
esm2_top4_bilstm_attn,1,03_add_geometry_boundaries,numeric__max_rsa,-0.06897048472205923
esm2_top4_bilstm_attn,1,03_add_geometry_boundaries,numeric__log_segment_length,0.8272307301134927
esm2_top4_bilstm_attn,1,03_add_geometry_boundaries,numeric__normalized_midpoint,-0.0207538235757635
esm2_top4_bilstm_attn,1,03_add_geometry_boundaries,numeric__mean_torsion_change,0.4377368777553362
esm2_top4_bilstm_attn,1,03_add_geometry_boundaries,numeric__max_torsion_change,-0.07543301786591775
esm2_top4_bilstm_attn,1,03_add_geometry_boundaries,numeric__q3_boundary_fraction,-0.6280846950533986
esm2_top4_bilstm_attn,1,03_add_geometry_boundaries,numeric__mean_distance_to_q3_boundary,0.21537975308213475
esm2_top4_bilstm_attn,1,03_add_geometry_boundaries,numeric__structured_linker_fraction,0.5966061421623096
esm2_top4_bilstm_attn,1,04_add_disorder,q8__q8_C,-0.2191917787213922
esm2_top4_bilstm_attn,1,04_add_disorder,q8__q8_E,0.6395425084189573
esm2_top4_bilstm_attn,1,04_add_disorder,q8__q8_G,1.0248218236393039
esm2_top4_bilstm_attn,1,04_add_disorder,q8__q8_H,-0.24605651737294648
esm2_top4_bilstm_attn,1,04_add_disorder,q8__q8_S,-0.621394086798343
esm2_top4_bilstm_attn,1,04_add_disorder,q8__q8_T,-0.9124034843580148
esm2_top4_bilstm_attn,1,04_add_disorder,numeric__mean_neq,0.4044141517601083
esm2_top4_bilstm_attn,1,04_add_disorder,numeric__max_neq,0.21043476930152238
esm2_top4_bilstm_attn,1,04_add_disorder,numeric__neq_peak_fraction,0.14623271275722705
esm2_top4_bilstm_attn,1,04_add_disorder,numeric__neq_peak_excess,-0.09768137880147205
esm2_top4_bilstm_attn,1,04_add_disorder,numeric__mean_rsa,1.100752681766
esm2_top4_bilstm_attn,1,04_add_disorder,numeric__max_rsa,-0.2511610084879764
esm2_top4_bilstm_attn,1,04_add_disorder,numeric__log_segment_length,1.0319129362817674
esm2_top4_bilstm_attn,1,04_add_disorder,numeric__normalized_midpoint,-0.037383736860598496
esm2_top4_bilstm_attn,1,04_add_disorder,numeric__mean_torsion_change,0.49932511214179154
esm2_top4_bilstm_attn,1,04_add_disorder,numeric__max_torsion_change,-0.16093828322940423
esm2_top4_bilstm_attn,1,04_add_disorder,numeric__q3_boundary_fraction,-0.6337627238267001
esm2_top4_bilstm_attn,1,04_add_disorder,numeric__mean_distance_to_q3_boundary,0.22651313613557655
esm2_top4_bilstm_attn,1,04_add_disorder,numeric__structured_linker_fraction,0.3505917163566947
esm2_top4_bilstm_attn,1,04_add_disorder,numeric__mean_disorder,-0.14297042356860745
esm2_top4_bilstm_attn,1,04_add_disorder,numeric__max_disorder,-0.3725381043777559
esm2_top4_bilstm_attn,1,05_add_sequence,q8__q8_C,-0.199993197447665
esm2_top4_bilstm_attn,1,05_add_sequence,q8__q8_E,0.7281262245784337
esm2_top4_bilstm_attn,1,05_add_sequence,q8__q8_G,1.0203979449942326
esm2_top4_bilstm_attn,1,05_add_sequence,q8__q8_H,-0.19351451052552848
esm2_top4_bilstm_attn,1,05_add_sequence,q8__q8_S,-0.650020687891456
esm2_top4_bilstm_attn,1,05_add_sequence,q8__q8_T,-1.0689232931024928
esm2_top4_bilstm_attn,1,05_add_sequence,numeric__mean_neq,0.39864072168673303
esm2_top4_bilstm_attn,1,05_add_sequence,numeric__max_neq,0.2113156194834087
esm2_top4_bilstm_attn,1,05_add_sequence,numeric__neq_peak_fraction,0.16228272512300487
esm2_top4_bilstm_attn,1,05_add_sequence,numeric__neq_peak_excess,-0.08927318907540367
esm2_top4_bilstm_attn,1,05_add_sequence,numeric__mean_rsa,0.9766336236884791
esm2_top4_bilstm_attn,1,05_add_sequence,numeric__max_rsa,-0.10640344516194289
esm2_top4_bilstm_attn,1,05_add_sequence,numeric__log_segment_length,0.9757703134875184
esm2_top4_bilstm_attn,1,05_add_sequence,numeric__normalized_midpoint,-0.04124570155544859
esm2_top4_bilstm_attn,1,05_add_sequence,numeric__mean_torsion_change,0.3578909146546293
esm2_top4_bilstm_attn,1,05_add_sequence,numeric__max_torsion_change,-0.16818867216669606
esm2_top4_bilstm_attn,1,05_add_sequence,numeric__q3_boundary_fraction,-0.6369453594491238
esm2_top4_bilstm_attn,1,05_add_sequence,numeric__mean_distance_to_q3_boundary,0.23783625385962398
esm2_top4_bilstm_attn,1,05_add_sequence,numeric__structured_linker_fraction,0.3676615287395923
esm2_top4_bilstm_attn,1,05_add_sequence,numeric__mean_disorder,-0.1520341411039261
esm2_top4_bilstm_attn,1,05_add_sequence,numeric__max_disorder,-0.37524123311133606
esm2_top4_bilstm_attn,1,05_add_sequence,numeric__fraction_glycine,0.24932017531351755
esm2_top4_bilstm_attn,1,05_add_sequence,numeric__fraction_proline,0.1018935274701296
esm2_top4_bilstm_attn,1,05_add_sequence,numeric__fraction_hydrophobic,-0.24159033400332883
esm2_top4_bilstm_attn,1,05_add_sequence,numeric__fraction_charged,-0.02669211975325875
esm2_top4_bilstm_attn,1,05_add_sequence,numeric__fraction_aromatic,0.044564663372997235
esm2_top4_bilstm_attn,1,05_add_sequence,numeric__sequence_entropy,0.02968610594511558
esm3_frozen_bilstm_attn,-1,00_q8_only,q8__q8_C,0.0
esm3_frozen_bilstm_attn,-1,00_q8_only,q8__q8_E,0.0
esm3_frozen_bilstm_attn,-1,00_q8_only,q8__q8_G,0.0
esm3_frozen_bilstm_attn,-1,00_q8_only,q8__q8_H,0.0
esm3_frozen_bilstm_attn,-1,01_add_neq,q8__q8_C,0.10977122858279899
esm3_frozen_bilstm_attn,-1,01_add_neq,q8__q8_E,-0.1250573102596445
esm3_frozen_bilstm_attn,-1,01_add_neq,q8__q8_G,0.3380407515855812
esm3_frozen_bilstm_attn,-1,01_add_neq,q8__q8_H,-0.33236185519446126
esm3_frozen_bilstm_attn,-1,01_add_neq,numeric__mean_neq,-2.248745401866648
esm3_frozen_bilstm_attn,-1,01_add_neq,numeric__max_neq,-0.15296348158844134
esm3_frozen_bilstm_attn,-1,01_add_neq,numeric__neq_peak_fraction,-0.3528856757280647
esm3_frozen_bilstm_attn,-1,01_add_neq,numeric__neq_peak_excess,0.8750870107536975
esm3_frozen_bilstm_attn,-1,02_add_exposure_length_position,q8__q8_C,0.661101842581223
esm3_frozen_bilstm_attn,-1,02_add_exposure_length_position,q8__q8_E,-0.48886372469184103
esm3_frozen_bilstm_attn,-1,02_add_exposure_length_position,q8__q8_G,1.1588769289752978
esm3_frozen_bilstm_attn,-1,02_add_exposure_length_position,q8__q8_H,-1.3324281149962187
esm3_frozen_bilstm_attn,-1,02_add_exposure_length_position,numeric__mean_neq,-0.8668806841081075
esm3_frozen_bilstm_attn,-1,02_add_exposure_length_position,numeric__max_neq,-0.1774363555539757
esm3_frozen_bilstm_attn,-1,02_add_exposure_length_position,numeric__neq_peak_fraction,-0.471459508251892
esm3_frozen_bilstm_attn,-1,02_add_exposure_length_position,numeric__neq_peak_excess,0.19192267505237387
esm3_frozen_bilstm_attn,-1,02_add_exposure_length_position,numeric__mean_rsa,-1.0961196574074374
esm3_frozen_bilstm_attn,-1,02_add_exposure_length_position,numeric__max_rsa,1.0479901371006062
esm3_frozen_bilstm_attn,-1,02_add_exposure_length_position,numeric__log_segment_length,1.1993535821849146
esm3_frozen_bilstm_attn,-1,02_add_exposure_length_position,numeric__normalized_midpoint,-0.11682973988280723
esm3_frozen_bilstm_attn,-1,03_add_geometry_boundaries,q8__q8_C,0.7355695783892378
esm3_frozen_bilstm_attn,-1,03_add_geometry_boundaries,q8__q8_E,-0.3944624062287527
esm3_frozen_bilstm_attn,-1,03_add_geometry_boundaries,q8__q8_G,1.4440277709573708
esm3_frozen_bilstm_attn,-1,03_add_geometry_boundaries,q8__q8_H,-1.7179316432692207
esm3_frozen_bilstm_attn,-1,03_add_geometry_boundaries,numeric__mean_neq,-0.8593710553213944
esm3_frozen_bilstm_attn,-1,03_add_geometry_boundaries,numeric__max_neq,-0.16044613106850464
esm3_frozen_bilstm_attn,-1,03_add_geometry_boundaries,numeric__neq_peak_fraction,-0.4160453423830626
esm3_frozen_bilstm_attn,-1,03_add_geometry_boundaries,numeric__neq_peak_excess,0.20922849717766237
esm3_frozen_bilstm_attn,-1,03_add_geometry_boundaries,numeric__mean_rsa,-0.9882625797865157
esm3_frozen_bilstm_attn,-1,03_add_geometry_boundaries,numeric__max_rsa,0.8854121839520805
esm3_frozen_bilstm_attn,-1,03_add_geometry_boundaries,numeric__log_segment_length,1.0600999453564064
esm3_frozen_bilstm_attn,-1,03_add_geometry_boundaries,numeric__normalized_midpoint,-0.13234800941864347
esm3_frozen_bilstm_attn,-1,03_add_geometry_boundaries,numeric__mean_torsion_change,-0.8282070051318553
esm3_frozen_bilstm_attn,-1,03_add_geometry_boundaries,numeric__max_torsion_change,0.4915472130744044
esm3_frozen_bilstm_attn,-1,03_add_geometry_boundaries,numeric__q3_boundary_fraction,-0.46248060118879
esm3_frozen_bilstm_attn,-1,03_add_geometry_boundaries,numeric__mean_distance_to_q3_boundary,-0.3787773707562016
esm3_frozen_bilstm_attn,-1,03_add_geometry_boundaries,numeric__structured_linker_fraction,0.17368148805737935
esm3_frozen_bilstm_attn,-1,04_add_disorder,q8__q8_C,0.8771071569183648
esm3_frozen_bilstm_attn,-1,04_add_disorder,q8__q8_E,-0.4382951948224605
esm3_frozen_bilstm_attn,-1,04_add_disorder,q8__q8_G,1.394613410376677
esm3_frozen_bilstm_attn,-1,04_add_disorder,q8__q8_H,-1.7721799114251933
esm3_frozen_bilstm_attn,-1,04_add_disorder,numeric__mean_neq,-0.8334340218270238
esm3_frozen_bilstm_attn,-1,04_add_disorder,numeric__max_neq,-0.15863935797091294
esm3_frozen_bilstm_attn,-1,04_add_disorder,numeric__neq_peak_fraction,-0.416841819321058
esm3_frozen_bilstm_attn,-1,04_add_disorder,numeric__neq_peak_excess,0.1991874001691209
esm3_frozen_bilstm_attn,-1,04_add_disorder,numeric__mean_rsa,-0.8459828691509378
esm3_frozen_bilstm_attn,-1,04_add_disorder,numeric__max_rsa,0.7992607325288791
esm3_frozen_bilstm_attn,-1,04_add_disorder,numeric__log_segment_length,1.0966931699763778
esm3_frozen_bilstm_attn,-1,04_add_disorder,numeric__normalized_midpoint,-0.12656567459075876
esm3_frozen_bilstm_attn,-1,04_add_disorder,numeric__mean_torsion_change,-0.8565459095114506
esm3_frozen_bilstm_attn,-1,04_add_disorder,numeric__max_torsion_change,0.48238437064559864
esm3_frozen_bilstm_attn,-1,04_add_disorder,numeric__q3_boundary_fraction,-0.42575234793731664
esm3_frozen_bilstm_attn,-1,04_add_disorder,numeric__mean_distance_to_q3_boundary,-0.36235998673166386
esm3_frozen_bilstm_attn,-1,04_add_disorder,numeric__structured_linker_fraction,0.15742391263923333
esm3_frozen_bilstm_attn,-1,04_add_disorder,numeric__mean_disorder,-0.09359597720407709
esm3_frozen_bilstm_attn,-1,04_add_disorder,numeric__max_disorder,-0.044436286856970326
esm3_frozen_bilstm_attn,-1,05_add_sequence,q8__q8_C,0.8906541543098659
esm3_frozen_bilstm_attn,-1,05_add_sequence,q8__q8_E,-0.49912695194978085
esm3_frozen_bilstm_attn,-1,05_add_sequence,q8__q8_G,1.4633621659954241
esm3_frozen_bilstm_attn,-1,05_add_sequence,q8__q8_H,-1.7713136006901717
esm3_frozen_bilstm_attn,-1,05_add_sequence,numeric__mean_neq,-0.7856677953411965
esm3_frozen_bilstm_attn,-1,05_add_sequence,numeric__max_neq,-0.15232446468978714
esm3_frozen_bilstm_attn,-1,05_add_sequence,numeric__neq_peak_fraction,-0.41191331408455445
esm3_frozen_bilstm_attn,-1,05_add_sequence,numeric__neq_peak_excess,0.18436258666128832
esm3_frozen_bilstm_attn,-1,05_add_sequence,numeric__mean_rsa,-0.9468689558720623
esm3_frozen_bilstm_attn,-1,05_add_sequence,numeric__max_rsa,0.7875128543540352
esm3_frozen_bilstm_attn,-1,05_add_sequence,numeric__log_segment_length,1.2964334649887619
esm3_frozen_bilstm_attn,-1,05_add_sequence,numeric__normalized_midpoint,-0.12550321458642938
esm3_frozen_bilstm_attn,-1,05_add_sequence,numeric__mean_torsion_change,-0.6998722051088158
esm3_frozen_bilstm_attn,-1,05_add_sequence,numeric__max_torsion_change,0.42933485947933697
esm3_frozen_bilstm_attn,-1,05_add_sequence,numeric__q3_boundary_fraction,-0.4619095002262629
esm3_frozen_bilstm_attn,-1,05_add_sequence,numeric__mean_distance_to_q3_boundary,-0.4032745523339579
esm3_frozen_bilstm_attn,-1,05_add_sequence,numeric__structured_linker_fraction,0.16341203328220488
esm3_frozen_bilstm_attn,-1,05_add_sequence,numeric__mean_disorder,-0.06095389675253571
esm3_frozen_bilstm_attn,-1,05_add_sequence,numeric__max_disorder,-0.07863600664233347
esm3_frozen_bilstm_attn,-1,05_add_sequence,numeric__fraction_glycine,-0.2470330631500802
esm3_frozen_bilstm_attn,-1,05_add_sequence,numeric__fraction_proline,-0.12438289270491384
esm3_frozen_bilstm_attn,-1,05_add_sequence,numeric__fraction_hydrophobic,0.2287769468697387
esm3_frozen_bilstm_attn,-1,05_add_sequence,numeric__fraction_charged,0.2041452093506171
esm3_frozen_bilstm_attn,-1,05_add_sequence,numeric__fraction_aromatic,-0.3031379211936931
esm3_frozen_bilstm_attn,-1,05_add_sequence,numeric__sequence_entropy,-0.09831108648302693
esm3_frozen_bilstm_attn,1,00_q8_only,q8__q8_B,0.0
esm3_frozen_bilstm_attn,1,00_q8_only,q8__q8_C,0.0
esm3_frozen_bilstm_attn,1,00_q8_only,q8__q8_E,0.0
esm3_frozen_bilstm_attn,1,00_q8_only,q8__q8_G,0.0
esm3_frozen_bilstm_attn,1,00_q8_only,q8__q8_H,0.0
esm3_frozen_bilstm_attn,1,00_q8_only,q8__q8_S,0.0
esm3_frozen_bilstm_attn,1,00_q8_only,q8__q8_T,0.0
esm3_frozen_bilstm_attn,1,01_add_neq,q8__q8_B,0.038693359280078096
esm3_frozen_bilstm_attn,1,01_add_neq,q8__q8_C,-0.2779756700338255
esm3_frozen_bilstm_attn,1,01_add_neq,q8__q8_E,0.035967166179518575
esm3_frozen_bilstm_attn,1,01_add_neq,q8__q8_G,0.006399471213385326
esm3_frozen_bilstm_attn,1,01_add_neq,q8__q8_H,-0.19302474435043104
esm3_frozen_bilstm_attn,1,01_add_neq,q8__q8_S,0.18409131100006812
esm3_frozen_bilstm_attn,1,01_add_neq,q8__q8_T,0.04890634441060877
esm3_frozen_bilstm_attn,1,01_add_neq,numeric__mean_neq,0.23167138133220366
esm3_frozen_bilstm_attn,1,01_add_neq,numeric__max_neq,0.35996330235313495
esm3_frozen_bilstm_attn,1,01_add_neq,numeric__neq_peak_fraction,0.043162765804947774
esm3_frozen_bilstm_attn,1,01_add_neq,numeric__neq_peak_excess,0.3751977965523863
esm3_frozen_bilstm_attn,1,02_add_exposure_length_position,q8__q8_B,0.3890100321805869
esm3_frozen_bilstm_attn,1,02_add_exposure_length_position,q8__q8_C,-0.2631121511729744
esm3_frozen_bilstm_attn,1,02_add_exposure_length_position,q8__q8_E,-0.42187528636465443
esm3_frozen_bilstm_attn,1,02_add_exposure_length_position,q8__q8_G,0.4483707618620069
esm3_frozen_bilstm_attn,1,02_add_exposure_length_position,q8__q8_H,-0.7961302293149638
esm3_frozen_bilstm_attn,1,02_add_exposure_length_position,q8__q8_S,0.5593017872532469
esm3_frozen_bilstm_attn,1,02_add_exposure_length_position,q8__q8_T,-0.09252299000822439
esm3_frozen_bilstm_attn,1,02_add_exposure_length_position,numeric__mean_neq,0.4977787788486714
esm3_frozen_bilstm_attn,1,02_add_exposure_length_position,numeric__max_neq,0.18292374361738967
esm3_frozen_bilstm_attn,1,02_add_exposure_length_position,numeric__neq_peak_fraction,0.08440828034229973
esm3_frozen_bilstm_attn,1,02_add_exposure_length_position,numeric__neq_peak_excess,-0.25675020436193663
esm3_frozen_bilstm_attn,1,02_add_exposure_length_position,numeric__mean_rsa,0.733829113895353
esm3_frozen_bilstm_attn,1,02_add_exposure_length_position,numeric__max_rsa,-0.23302100794670794
esm3_frozen_bilstm_attn,1,02_add_exposure_length_position,numeric__log_segment_length,1.0594390793898376
esm3_frozen_bilstm_attn,1,02_add_exposure_length_position,numeric__normalized_midpoint,-0.0678409683824791
esm3_frozen_bilstm_attn,1,03_add_geometry_boundaries,q8__q8_B,0.757182696637034
esm3_frozen_bilstm_attn,1,03_add_geometry_boundaries,q8__q8_C,-0.7394703052286985
esm3_frozen_bilstm_attn,1,03_add_geometry_boundaries,q8__q8_E,0.5957409188696657
esm3_frozen_bilstm_attn,1,03_add_geometry_boundaries,q8__q8_G,1.1406295818931214
esm3_frozen_bilstm_attn,1,03_add_geometry_boundaries,q8__q8_H,0.025457147949356454
esm3_frozen_bilstm_attn,1,03_add_geometry_boundaries,q8__q8_S,-0.7592884076056728
esm3_frozen_bilstm_attn,1,03_add_geometry_boundaries,q8__q8_T,-1.0066370285444615
esm3_frozen_bilstm_attn,1,03_add_geometry_boundaries,numeric__mean_neq,0.4677889122160553
esm3_frozen_bilstm_attn,1,03_add_geometry_boundaries,numeric__max_neq,0.20021834918162923
esm3_frozen_bilstm_attn,1,03_add_geometry_boundaries,numeric__neq_peak_fraction,0.10156033146923123
esm3_frozen_bilstm_attn,1,03_add_geometry_boundaries,numeric__neq_peak_excess,-0.19031413720465232
esm3_frozen_bilstm_attn,1,03_add_geometry_boundaries,numeric__mean_rsa,0.6874934237962173
esm3_frozen_bilstm_attn,1,03_add_geometry_boundaries,numeric__max_rsa,-0.16836518462163172
esm3_frozen_bilstm_attn,1,03_add_geometry_boundaries,numeric__log_segment_length,0.8500103086583349
esm3_frozen_bilstm_attn,1,03_add_geometry_boundaries,numeric__normalized_midpoint,-0.07344817703107016
esm3_frozen_bilstm_attn,1,03_add_geometry_boundaries,numeric__mean_torsion_change,0.31128583068706706
esm3_frozen_bilstm_attn,1,03_add_geometry_boundaries,numeric__max_torsion_change,0.030276234016613213
esm3_frozen_bilstm_attn,1,03_add_geometry_boundaries,numeric__q3_boundary_fraction,-0.49652983538093215
esm3_frozen_bilstm_attn,1,03_add_geometry_boundaries,numeric__mean_distance_to_q3_boundary,0.34541122305599004
esm3_frozen_bilstm_attn,1,03_add_geometry_boundaries,numeric__structured_linker_fraction,0.5044116325479502
esm3_frozen_bilstm_attn,1,04_add_disorder,q8__q8_B,0.6819948196003562
esm3_frozen_bilstm_attn,1,04_add_disorder,q8__q8_C,-0.38967580682317887
esm3_frozen_bilstm_attn,1,04_add_disorder,q8__q8_E,0.35279722561488364
esm3_frozen_bilstm_attn,1,04_add_disorder,q8__q8_G,0.9688567283472835
esm3_frozen_bilstm_attn,1,04_add_disorder,q8__q8_H,-0.22716125507227883
esm3_frozen_bilstm_attn,1,04_add_disorder,q8__q8_S,-0.5582950058221594
esm3_frozen_bilstm_attn,1,04_add_disorder,q8__q8_T,-0.8943782141197333
esm3_frozen_bilstm_attn,1,04_add_disorder,numeric__mean_neq,0.45179293459848074
esm3_frozen_bilstm_attn,1,04_add_disorder,numeric__max_neq,0.23060732802151757
esm3_frozen_bilstm_attn,1,04_add_disorder,numeric__neq_peak_fraction,0.0982409269332147
esm3_frozen_bilstm_attn,1,04_add_disorder,numeric__neq_peak_excess,-0.11678257544907984
esm3_frozen_bilstm_attn,1,04_add_disorder,numeric__mean_rsa,0.9684866952509068
esm3_frozen_bilstm_attn,1,04_add_disorder,numeric__max_rsa,-0.3216700593937761
esm3_frozen_bilstm_attn,1,04_add_disorder,numeric__log_segment_length,0.9763657423433714
esm3_frozen_bilstm_attn,1,04_add_disorder,numeric__normalized_midpoint,-0.08037269835737251
esm3_frozen_bilstm_attn,1,04_add_disorder,numeric__mean_torsion_change,0.34741608567303844
esm3_frozen_bilstm_attn,1,04_add_disorder,numeric__max_torsion_change,-0.030799350896050633
esm3_frozen_bilstm_attn,1,04_add_disorder,numeric__q3_boundary_fraction,-0.5050757588902408
esm3_frozen_bilstm_attn,1,04_add_disorder,numeric__mean_distance_to_q3_boundary,0.35377852451535324
esm3_frozen_bilstm_attn,1,04_add_disorder,numeric__structured_linker_fraction,0.32163502428057716
esm3_frozen_bilstm_attn,1,04_add_disorder,numeric__mean_disorder,-0.29252734796476226
esm3_frozen_bilstm_attn,1,04_add_disorder,numeric__max_disorder,-0.07851692263008397
esm3_frozen_bilstm_attn,1,05_add_sequence,q8__q8_B,0.7810491927794213
esm3_frozen_bilstm_attn,1,05_add_sequence,q8__q8_C,-0.3973047922541432
esm3_frozen_bilstm_attn,1,05_add_sequence,q8__q8_E,0.40063757480832335
esm3_frozen_bilstm_attn,1,05_add_sequence,q8__q8_G,0.9436722373064073
esm3_frozen_bilstm_attn,1,05_add_sequence,q8__q8_H,-0.18472415053140778
esm3_frozen_bilstm_attn,1,05_add_sequence,q8__q8_S,-0.5783418740359417
esm3_frozen_bilstm_attn,1,05_add_sequence,q8__q8_T,-0.9983207589327003
esm3_frozen_bilstm_attn,1,05_add_sequence,numeric__mean_neq,0.45074252054048536
esm3_frozen_bilstm_attn,1,05_add_sequence,numeric__max_neq,0.23084971568498305
esm3_frozen_bilstm_attn,1,05_add_sequence,numeric__neq_peak_fraction,0.10905610576417916
esm3_frozen_bilstm_attn,1,05_add_sequence,numeric__neq_peak_excess,-0.1151096708958074
esm3_frozen_bilstm_attn,1,05_add_sequence,numeric__mean_rsa,0.9356158100622899
esm3_frozen_bilstm_attn,1,05_add_sequence,numeric__max_rsa,-0.2673172763186592
esm3_frozen_bilstm_attn,1,05_add_sequence,numeric__log_segment_length,0.8975512224017373
esm3_frozen_bilstm_attn,1,05_add_sequence,numeric__normalized_midpoint,-0.08350685773301432
esm3_frozen_bilstm_attn,1,05_add_sequence,numeric__mean_torsion_change,0.26986041962359986
esm3_frozen_bilstm_attn,1,05_add_sequence,numeric__max_torsion_change,-0.03765571607435203
esm3_frozen_bilstm_attn,1,05_add_sequence,numeric__q3_boundary_fraction,-0.49371682512232173
esm3_frozen_bilstm_attn,1,05_add_sequence,numeric__mean_distance_to_q3_boundary,0.3648933007742087
esm3_frozen_bilstm_attn,1,05_add_sequence,numeric__structured_linker_fraction,0.32295492021309447
esm3_frozen_bilstm_attn,1,05_add_sequence,numeric__mean_disorder,-0.2884743473812678
esm3_frozen_bilstm_attn,1,05_add_sequence,numeric__max_disorder,-0.08699396774121564
esm3_frozen_bilstm_attn,1,05_add_sequence,numeric__fraction_glycine,0.1607978757167448
esm3_frozen_bilstm_attn,1,05_add_sequence,numeric__fraction_proline,0.11811524066899003
esm3_frozen_bilstm_attn,1,05_add_sequence,numeric__fraction_hydrophobic,-0.08960666512791621
esm3_frozen_bilstm_attn,1,05_add_sequence,numeric__fraction_charged,-0.01600337313595412
esm3_frozen_bilstm_attn,1,05_add_sequence,numeric__fraction_aromatic,0.05316272285997721
esm3_frozen_bilstm_attn,1,05_add_sequence,numeric__sequence_entropy,0.061189154057893394
esm3_top28_bilstm_attn,-1,00_q8_only,q8__q8_C,0.0
esm3_top28_bilstm_attn,-1,00_q8_only,q8__q8_E,0.0
esm3_top28_bilstm_attn,-1,00_q8_only,q8__q8_G,0.0
esm3_top28_bilstm_attn,-1,00_q8_only,q8__q8_H,0.0
esm3_top28_bilstm_attn,-1,00_q8_only,q8__q8_T,0.0
esm3_top28_bilstm_attn,-1,01_add_neq,q8__q8_C,0.0025530181637214845
esm3_top28_bilstm_attn,-1,01_add_neq,q8__q8_E,-0.09541004877927045
esm3_top28_bilstm_attn,-1,01_add_neq,q8__q8_G,0.17725921335519146
esm3_top28_bilstm_attn,-1,01_add_neq,q8__q8_H,-0.2960516208691791
esm3_top28_bilstm_attn,-1,01_add_neq,q8__q8_T,0.1116284723323649
esm3_top28_bilstm_attn,-1,01_add_neq,numeric__mean_neq,-2.664254424894276
esm3_top28_bilstm_attn,-1,01_add_neq,numeric__max_neq,-0.21836084471204426
esm3_top28_bilstm_attn,-1,01_add_neq,numeric__neq_peak_fraction,-0.37447432194677416
esm3_top28_bilstm_attn,-1,01_add_neq,numeric__neq_peak_excess,0.9657223516083702
esm3_top28_bilstm_attn,-1,02_add_exposure_length_position,q8__q8_C,0.6086506121713382
esm3_top28_bilstm_attn,-1,02_add_exposure_length_position,q8__q8_E,-0.5932917489117528
esm3_top28_bilstm_attn,-1,02_add_exposure_length_position,q8__q8_G,0.9504878428463536
esm3_top28_bilstm_attn,-1,02_add_exposure_length_position,q8__q8_H,-1.4156237489355197
esm3_top28_bilstm_attn,-1,02_add_exposure_length_position,q8__q8_T,0.5487094124898747
esm3_top28_bilstm_attn,-1,02_add_exposure_length_position,numeric__mean_neq,-1.2510350011187192
esm3_top28_bilstm_attn,-1,02_add_exposure_length_position,numeric__max_neq,-0.2408804868963909
esm3_top28_bilstm_attn,-1,02_add_exposure_length_position,numeric__neq_peak_fraction,-0.5325286987597653
esm3_top28_bilstm_attn,-1,02_add_exposure_length_position,numeric__neq_peak_excess,0.28455708591295925
esm3_top28_bilstm_attn,-1,02_add_exposure_length_position,numeric__mean_rsa,-1.152512353004125
esm3_top28_bilstm_attn,-1,02_add_exposure_length_position,numeric__max_rsa,1.017466759653748
esm3_top28_bilstm_attn,-1,02_add_exposure_length_position,numeric__log_segment_length,1.195904100570029
esm3_top28_bilstm_attn,-1,02_add_exposure_length_position,numeric__normalized_midpoint,-0.036682487637331986
esm3_top28_bilstm_attn,-1,03_add_geometry_boundaries,q8__q8_C,0.501889604829793
esm3_top28_bilstm_attn,-1,03_add_geometry_boundaries,q8__q8_E,-0.3072743823938332
esm3_top28_bilstm_attn,-1,03_add_geometry_boundaries,q8__q8_G,1.3436598720873285
esm3_top28_bilstm_attn,-1,03_add_geometry_boundaries,q8__q8_H,-1.6122397584326293
esm3_top28_bilstm_attn,-1,03_add_geometry_boundaries,q8__q8_T,0.15052482627509375
esm3_top28_bilstm_attn,-1,03_add_geometry_boundaries,numeric__mean_neq,-1.2711830563849502
esm3_top28_bilstm_attn,-1,03_add_geometry_boundaries,numeric__max_neq,-0.2247641060688977
esm3_top28_bilstm_attn,-1,03_add_geometry_boundaries,numeric__neq_peak_fraction,-0.5118099587234562
esm3_top28_bilstm_attn,-1,03_add_geometry_boundaries,numeric__neq_peak_excess,0.31355323479219066
esm3_top28_bilstm_attn,-1,03_add_geometry_boundaries,numeric__mean_rsa,-1.041893341163525
esm3_top28_bilstm_attn,-1,03_add_geometry_boundaries,numeric__max_rsa,0.8234757712237285
esm3_top28_bilstm_attn,-1,03_add_geometry_boundaries,numeric__log_segment_length,1.1199017706736138
esm3_top28_bilstm_attn,-1,03_add_geometry_boundaries,numeric__normalized_midpoint,-0.044213230478381445
esm3_top28_bilstm_attn,-1,03_add_geometry_boundaries,numeric__mean_torsion_change,-0.8739221610164416
esm3_top28_bilstm_attn,-1,03_add_geometry_boundaries,numeric__max_torsion_change,0.5361182485897833
esm3_top28_bilstm_attn,-1,03_add_geometry_boundaries,numeric__q3_boundary_fraction,-0.6028254636417859
esm3_top28_bilstm_attn,-1,03_add_geometry_boundaries,numeric__mean_distance_to_q3_boundary,-0.476816023429668
esm3_top28_bilstm_attn,-1,03_add_geometry_boundaries,numeric__structured_linker_fraction,0.4727761655092163
esm3_top28_bilstm_attn,-1,04_add_disorder,q8__q8_C,0.5226956652985211
esm3_top28_bilstm_attn,-1,04_add_disorder,q8__q8_E,-0.30894132993529455
esm3_top28_bilstm_attn,-1,04_add_disorder,q8__q8_G,1.3259171246628696
esm3_top28_bilstm_attn,-1,04_add_disorder,q8__q8_H,-1.6327716321407582
esm3_top28_bilstm_attn,-1,04_add_disorder,q8__q8_T,0.16385446471725254
esm3_top28_bilstm_attn,-1,04_add_disorder,numeric__mean_neq,-1.2296832659055084
esm3_top28_bilstm_attn,-1,04_add_disorder,numeric__max_neq,-0.22201161699834576
esm3_top28_bilstm_attn,-1,04_add_disorder,numeric__neq_peak_fraction,-0.5233629361100164
esm3_top28_bilstm_attn,-1,04_add_disorder,numeric__neq_peak_excess,0.2977185003691801
esm3_top28_bilstm_attn,-1,04_add_disorder,numeric__mean_rsa,-0.8051950743346802
esm3_top28_bilstm_attn,-1,04_add_disorder,numeric__max_rsa,0.6876329302806619
esm3_top28_bilstm_attn,-1,04_add_disorder,numeric__log_segment_length,1.2528357771043592
esm3_top28_bilstm_attn,-1,04_add_disorder,numeric__normalized_midpoint,-0.023648891839491294
esm3_top28_bilstm_attn,-1,04_add_disorder,numeric__mean_torsion_change,-0.926890042350477
esm3_top28_bilstm_attn,-1,04_add_disorder,numeric__max_torsion_change,0.5098785944910433
esm3_top28_bilstm_attn,-1,04_add_disorder,numeric__q3_boundary_fraction,-0.5203870967781276
esm3_top28_bilstm_attn,-1,04_add_disorder,numeric__mean_distance_to_q3_boundary,-0.4479520138373796
esm3_top28_bilstm_attn,-1,04_add_disorder,numeric__structured_linker_fraction,0.47685060332606727
esm3_top28_bilstm_attn,-1,04_add_disorder,numeric__mean_disorder,0.04567761314594983
esm3_top28_bilstm_attn,-1,04_add_disorder,numeric__max_disorder,-0.2586971376687255
esm3_top28_bilstm_attn,-1,05_add_sequence,q8__q8_C,0.40824368552437396
esm3_top28_bilstm_attn,-1,05_add_sequence,q8__q8_E,-0.34122000109174977
esm3_top28_bilstm_attn,-1,05_add_sequence,q8__q8_G,1.343915530009859
esm3_top28_bilstm_attn,-1,05_add_sequence,q8__q8_H,-1.6142172659131728
esm3_top28_bilstm_attn,-1,05_add_sequence,q8__q8_T,0.2571951717130203
esm3_top28_bilstm_attn,-1,05_add_sequence,numeric__mean_neq,-1.1849104715184144
esm3_top28_bilstm_attn,-1,05_add_sequence,numeric__max_neq,-0.21679026566902743
esm3_top28_bilstm_attn,-1,05_add_sequence,numeric__neq_peak_fraction,-0.5272773066179961
esm3_top28_bilstm_attn,-1,05_add_sequence,numeric__neq_peak_excess,0.28338416259027976
esm3_top28_bilstm_attn,-1,05_add_sequence,numeric__mean_rsa,-0.8975958643723824
esm3_top28_bilstm_attn,-1,05_add_sequence,numeric__max_rsa,0.6543234267582344
esm3_top28_bilstm_attn,-1,05_add_sequence,numeric__log_segment_length,1.3420169214202957
esm3_top28_bilstm_attn,-1,05_add_sequence,numeric__normalized_midpoint,-0.02617805260922356
esm3_top28_bilstm_attn,-1,05_add_sequence,numeric__mean_torsion_change,-0.7821844276836722
esm3_top28_bilstm_attn,-1,05_add_sequence,numeric__max_torsion_change,0.4641919585901028
esm3_top28_bilstm_attn,-1,05_add_sequence,numeric__q3_boundary_fraction,-0.547121798597191
esm3_top28_bilstm_attn,-1,05_add_sequence,numeric__mean_distance_to_q3_boundary,-0.47765891224470375
esm3_top28_bilstm_attn,-1,05_add_sequence,numeric__structured_linker_fraction,0.5201462276818706
esm3_top28_bilstm_attn,-1,05_add_sequence,numeric__mean_disorder,0.06660251408087169
esm3_top28_bilstm_attn,-1,05_add_sequence,numeric__max_disorder,-0.28328828016578494
esm3_top28_bilstm_attn,-1,05_add_sequence,numeric__fraction_glycine,-0.2355642714538614
esm3_top28_bilstm_attn,-1,05_add_sequence,numeric__fraction_proline,-0.18110680965983295
esm3_top28_bilstm_attn,-1,05_add_sequence,numeric__fraction_hydrophobic,0.10860596054443335
esm3_top28_bilstm_attn,-1,05_add_sequence,numeric__fraction_charged,0.14986952141146703
esm3_top28_bilstm_attn,-1,05_add_sequence,numeric__fraction_aromatic,-0.3112198972160411
esm3_top28_bilstm_attn,-1,05_add_sequence,numeric__sequence_entropy,0.009124492195432746
esm3_top28_bilstm_attn,1,00_q8_only,q8__q8_C,0.0
esm3_top28_bilstm_attn,1,00_q8_only,q8__q8_E,0.0
esm3_top28_bilstm_attn,1,00_q8_only,q8__q8_G,0.0
esm3_top28_bilstm_attn,1,00_q8_only,q8__q8_H,0.0
esm3_top28_bilstm_attn,1,00_q8_only,q8__q8_S,0.0
esm3_top28_bilstm_attn,1,00_q8_only,q8__q8_T,0.0
esm3_top28_bilstm_attn,1,01_add_neq,q8__q8_C,-0.2919528505651259
esm3_top28_bilstm_attn,1,01_add_neq,q8__q8_E,0.08331359980566987
esm3_top28_bilstm_attn,1,01_add_neq,q8__q8_G,-0.03363739278881028
esm3_top28_bilstm_attn,1,01_add_neq,q8__q8_H,-0.06621547211088963
esm3_top28_bilstm_attn,1,01_add_neq,q8__q8_S,0.1367735613504832
esm3_top28_bilstm_attn,1,01_add_neq,q8__q8_T,-0.02481544040879696
esm3_top28_bilstm_attn,1,01_add_neq,numeric__mean_neq,0.34947338994848903
esm3_top28_bilstm_attn,1,01_add_neq,numeric__max_neq,0.3962729324478374
esm3_top28_bilstm_attn,1,01_add_neq,numeric__neq_peak_fraction,0.1514188179412106
esm3_top28_bilstm_attn,1,01_add_neq,numeric__neq_peak_excess,0.3017804167095319
esm3_top28_bilstm_attn,1,02_add_exposure_length_position,q8__q8_C,-0.2328205327979697
esm3_top28_bilstm_attn,1,02_add_exposure_length_position,q8__q8_E,-0.2566545181921422
esm3_top28_bilstm_attn,1,02_add_exposure_length_position,q8__q8_G,0.37143493991978477
esm3_top28_bilstm_attn,1,02_add_exposure_length_position,q8__q8_H,-0.6125250806595874
esm3_top28_bilstm_attn,1,02_add_exposure_length_position,q8__q8_S,0.44670443647029323
esm3_top28_bilstm_attn,1,02_add_exposure_length_position,q8__q8_T,-0.16727988005763406
esm3_top28_bilstm_attn,1,02_add_exposure_length_position,numeric__mean_neq,0.5997535842921183
esm3_top28_bilstm_attn,1,02_add_exposure_length_position,numeric__max_neq,0.24339893915536054
esm3_top28_bilstm_attn,1,02_add_exposure_length_position,numeric__neq_peak_fraction,0.19925060004240785
esm3_top28_bilstm_attn,1,02_add_exposure_length_position,numeric__neq_peak_excess,-0.26692000582668607
esm3_top28_bilstm_attn,1,02_add_exposure_length_position,numeric__mean_rsa,0.6979064337805652
esm3_top28_bilstm_attn,1,02_add_exposure_length_position,numeric__max_rsa,-0.1932917773984073
esm3_top28_bilstm_attn,1,02_add_exposure_length_position,numeric__log_segment_length,0.9147106335206777
esm3_top28_bilstm_attn,1,02_add_exposure_length_position,numeric__normalized_midpoint,-0.05075496545936627
esm3_top28_bilstm_attn,1,03_add_geometry_boundaries,q8__q8_C,-0.5884951991157183
esm3_top28_bilstm_attn,1,03_add_geometry_boundaries,q8__q8_E,0.5618795037217714
esm3_top28_bilstm_attn,1,03_add_geometry_boundaries,q8__q8_G,1.0621647936512588
esm3_top28_bilstm_attn,1,03_add_geometry_boundaries,q8__q8_H,0.11917579592220125
esm3_top28_bilstm_attn,1,03_add_geometry_boundaries,q8__q8_S,-0.5222136903250532
esm3_top28_bilstm_attn,1,03_add_geometry_boundaries,q8__q8_T,-0.8147325049933685
esm3_top28_bilstm_attn,1,03_add_geometry_boundaries,numeric__mean_neq,0.5749904834506009
esm3_top28_bilstm_attn,1,03_add_geometry_boundaries,numeric__max_neq,0.260266610221724
esm3_top28_bilstm_attn,1,03_add_geometry_boundaries,numeric__neq_peak_fraction,0.21058987067020485
esm3_top28_bilstm_attn,1,03_add_geometry_boundaries,numeric__neq_peak_excess,-0.20752088488603296
esm3_top28_bilstm_attn,1,03_add_geometry_boundaries,numeric__mean_rsa,0.692412889332091
esm3_top28_bilstm_attn,1,03_add_geometry_boundaries,numeric__max_rsa,-0.1816613776154386
esm3_top28_bilstm_attn,1,03_add_geometry_boundaries,numeric__log_segment_length,0.8289972282457952
esm3_top28_bilstm_attn,1,03_add_geometry_boundaries,numeric__normalized_midpoint,-0.05478550513943422
esm3_top28_bilstm_attn,1,03_add_geometry_boundaries,numeric__mean_torsion_change,0.31545481783409207
esm3_top28_bilstm_attn,1,03_add_geometry_boundaries,numeric__max_torsion_change,-0.05129268947897014
esm3_top28_bilstm_attn,1,03_add_geometry_boundaries,numeric__q3_boundary_fraction,-0.37002549976338955
esm3_top28_bilstm_attn,1,03_add_geometry_boundaries,numeric__mean_distance_to_q3_boundary,0.17934792720393453
esm3_top28_bilstm_attn,1,03_add_geometry_boundaries,numeric__structured_linker_fraction,0.4554098653417139
esm3_top28_bilstm_attn,1,04_add_disorder,q8__q8_C,-0.2959342496544051
esm3_top28_bilstm_attn,1,04_add_disorder,q8__q8_E,0.3321123473802458
esm3_top28_bilstm_attn,1,04_add_disorder,q8__q8_G,0.8812339129897659
esm3_top28_bilstm_attn,1,04_add_disorder,q8__q8_H,-0.15439225193737913
esm3_top28_bilstm_attn,1,04_add_disorder,q8__q8_S,-0.35304356261791137
esm3_top28_bilstm_attn,1,04_add_disorder,q8__q8_T,-0.7222616062974158
esm3_top28_bilstm_attn,1,04_add_disorder,numeric__mean_neq,0.5624310569530446
esm3_top28_bilstm_attn,1,04_add_disorder,numeric__max_neq,0.2871204432194254
esm3_top28_bilstm_attn,1,04_add_disorder,numeric__neq_peak_fraction,0.20725011847165392
esm3_top28_bilstm_attn,1,04_add_disorder,numeric__neq_peak_excess,-0.14450628090559095
esm3_top28_bilstm_attn,1,04_add_disorder,numeric__mean_rsa,0.9216392692313826
esm3_top28_bilstm_attn,1,04_add_disorder,numeric__max_rsa,-0.29748704463857584
esm3_top28_bilstm_attn,1,04_add_disorder,numeric__log_segment_length,0.9467826428263877
esm3_top28_bilstm_attn,1,04_add_disorder,numeric__normalized_midpoint,-0.06605045687489847
esm3_top28_bilstm_attn,1,04_add_disorder,numeric__mean_torsion_change,0.3555973376999747
esm3_top28_bilstm_attn,1,04_add_disorder,numeric__max_torsion_change,-0.1154653470450828
esm3_top28_bilstm_attn,1,04_add_disorder,numeric__q3_boundary_fraction,-0.37401526694594694
esm3_top28_bilstm_attn,1,04_add_disorder,numeric__mean_distance_to_q3_boundary,0.18479623128445946
esm3_top28_bilstm_attn,1,04_add_disorder,numeric__structured_linker_fraction,0.29645710256457447
esm3_top28_bilstm_attn,1,04_add_disorder,numeric__mean_disorder,-0.2436839639527976
esm3_top28_bilstm_attn,1,04_add_disorder,numeric__max_disorder,-0.08647843600575351
esm3_top28_bilstm_attn,1,05_add_sequence,q8__q8_C,-0.30671467590240464
esm3_top28_bilstm_attn,1,05_add_sequence,q8__q8_E,0.37176468279778874
esm3_top28_bilstm_attn,1,05_add_sequence,q8__q8_G,0.875447361642731
esm3_top28_bilstm_attn,1,05_add_sequence,q8__q8_H,-0.1156515142955104
esm3_top28_bilstm_attn,1,05_add_sequence,q8__q8_S,-0.368084222979456
esm3_top28_bilstm_attn,1,05_add_sequence,q8__q8_T,-0.7750526011333692
esm3_top28_bilstm_attn,1,05_add_sequence,numeric__mean_neq,0.5613840186466614
esm3_top28_bilstm_attn,1,05_add_sequence,numeric__max_neq,0.2874359662837286
esm3_top28_bilstm_attn,1,05_add_sequence,numeric__neq_peak_fraction,0.21368055909983577
esm3_top28_bilstm_attn,1,05_add_sequence,numeric__neq_peak_excess,-0.14270950158944798
esm3_top28_bilstm_attn,1,05_add_sequence,numeric__mean_rsa,0.8331106642620124
esm3_top28_bilstm_attn,1,05_add_sequence,numeric__max_rsa,-0.24442938294601738
esm3_top28_bilstm_attn,1,05_add_sequence,numeric__log_segment_length,0.8637038962029486
esm3_top28_bilstm_attn,1,05_add_sequence,numeric__normalized_midpoint,-0.06893665213586793
esm3_top28_bilstm_attn,1,05_add_sequence,numeric__mean_torsion_change,0.2981258910557653
esm3_top28_bilstm_attn,1,05_add_sequence,numeric__max_torsion_change,-0.11364572002628769
esm3_top28_bilstm_attn,1,05_add_sequence,numeric__q3_boundary_fraction,-0.3839345928709151
esm3_top28_bilstm_attn,1,05_add_sequence,numeric__mean_distance_to_q3_boundary,0.18306811762866088
esm3_top28_bilstm_attn,1,05_add_sequence,numeric__structured_linker_fraction,0.29868204113524705
esm3_top28_bilstm_attn,1,05_add_sequence,numeric__mean_disorder,-0.2463786891268032
esm3_top28_bilstm_attn,1,05_add_sequence,numeric__max_disorder,-0.06980101367220122
esm3_top28_bilstm_attn,1,05_add_sequence,numeric__fraction_glycine,0.082884263269305
esm3_top28_bilstm_attn,1,05_add_sequence,numeric__fraction_proline,0.02013574052101901
esm3_top28_bilstm_attn,1,05_add_sequence,numeric__fraction_hydrophobic,-0.18531847034469123
esm3_top28_bilstm_attn,1,05_add_sequence,numeric__fraction_charged,-0.0018137283805489705
esm3_top28_bilstm_attn,1,05_add_sequence,numeric__fraction_aromatic,0.07080471577276679
esm3_top28_bilstm_attn,1,05_add_sequence,numeric__sequence_entropy,0.07253177776618695
esm3_top4_bilstm_attn,-1,00_q8_only,q8__q8_C,0.0
esm3_top4_bilstm_attn,-1,00_q8_only,q8__q8_E,0.0
esm3_top4_bilstm_attn,-1,00_q8_only,q8__q8_G,0.0
esm3_top4_bilstm_attn,-1,00_q8_only,q8__q8_H,0.0
esm3_top4_bilstm_attn,-1,00_q8_only,q8__q8_T,0.0
esm3_top4_bilstm_attn,-1,01_add_neq,q8__q8_C,0.21227216126007414
esm3_top4_bilstm_attn,-1,01_add_neq,q8__q8_E,-0.09791637337046183
esm3_top4_bilstm_attn,-1,01_add_neq,q8__q8_G,0.155555490169144
esm3_top4_bilstm_attn,-1,01_add_neq,q8__q8_H,-0.37102304550810733
esm3_top4_bilstm_attn,-1,01_add_neq,q8__q8_T,0.05319409601912798
esm3_top4_bilstm_attn,-1,01_add_neq,numeric__mean_neq,-2.5542640719750476
esm3_top4_bilstm_attn,-1,01_add_neq,numeric__max_neq,-0.17199229408221217
esm3_top4_bilstm_attn,-1,01_add_neq,numeric__neq_peak_fraction,-0.3865425263789286
esm3_top4_bilstm_attn,-1,01_add_neq,numeric__neq_peak_excess,0.9558927806267818
esm3_top4_bilstm_attn,-1,02_add_exposure_length_position,q8__q8_C,0.6356657106952108
esm3_top4_bilstm_attn,-1,02_add_exposure_length_position,q8__q8_E,-0.5858402702165825
esm3_top4_bilstm_attn,-1,02_add_exposure_length_position,q8__q8_G,0.832620649546799
esm3_top4_bilstm_attn,-1,02_add_exposure_length_position,q8__q8_H,-1.5016454804321415
esm3_top4_bilstm_attn,-1,02_add_exposure_length_position,q8__q8_T,0.7426650379846573
esm3_top4_bilstm_attn,-1,02_add_exposure_length_position,numeric__mean_neq,-1.1445856729466724
esm3_top4_bilstm_attn,-1,02_add_exposure_length_position,numeric__max_neq,-0.19318204661721475
esm3_top4_bilstm_attn,-1,02_add_exposure_length_position,numeric__neq_peak_fraction,-0.572314946276249
esm3_top4_bilstm_attn,-1,02_add_exposure_length_position,numeric__neq_peak_excess,0.28647781673556016
esm3_top4_bilstm_attn,-1,02_add_exposure_length_position,numeric__mean_rsa,-1.0537831786160285
esm3_top4_bilstm_attn,-1,02_add_exposure_length_position,numeric__max_rsa,0.9636164192937686
esm3_top4_bilstm_attn,-1,02_add_exposure_length_position,numeric__log_segment_length,1.142444313453941
esm3_top4_bilstm_attn,-1,02_add_exposure_length_position,numeric__normalized_midpoint,-0.07012070065933235
esm3_top4_bilstm_attn,-1,03_add_geometry_boundaries,q8__q8_C,0.5034223522069474
esm3_top4_bilstm_attn,-1,03_add_geometry_boundaries,q8__q8_E,-0.4116747600179037
esm3_top4_bilstm_attn,-1,03_add_geometry_boundaries,q8__q8_G,1.2354261540963762
esm3_top4_bilstm_attn,-1,03_add_geometry_boundaries,q8__q8_H,-1.869141395499754
esm3_top4_bilstm_attn,-1,03_add_geometry_boundaries,q8__q8_T,0.6379776787034137
esm3_top4_bilstm_attn,-1,03_add_geometry_boundaries,numeric__mean_neq,-1.1536008435026286
esm3_top4_bilstm_attn,-1,03_add_geometry_boundaries,numeric__max_neq,-0.17678753042739087
esm3_top4_bilstm_attn,-1,03_add_geometry_boundaries,numeric__neq_peak_fraction,-0.5332890268105773
esm3_top4_bilstm_attn,-1,03_add_geometry_boundaries,numeric__neq_peak_excess,0.3106242244338462
esm3_top4_bilstm_attn,-1,03_add_geometry_boundaries,numeric__mean_rsa,-0.9385689826309668
esm3_top4_bilstm_attn,-1,03_add_geometry_boundaries,numeric__max_rsa,0.7844135750781221
esm3_top4_bilstm_attn,-1,03_add_geometry_boundaries,numeric__log_segment_length,1.080974907947835
esm3_top4_bilstm_attn,-1,03_add_geometry_boundaries,numeric__normalized_midpoint,-0.08281549314494792
esm3_top4_bilstm_attn,-1,03_add_geometry_boundaries,numeric__mean_torsion_change,-0.926407270465971
esm3_top4_bilstm_attn,-1,03_add_geometry_boundaries,numeric__max_torsion_change,0.5241411245180908
esm3_top4_bilstm_attn,-1,03_add_geometry_boundaries,numeric__q3_boundary_fraction,-0.5076199123041939
esm3_top4_bilstm_attn,-1,03_add_geometry_boundaries,numeric__mean_distance_to_q3_boundary,-0.47379590166506164
esm3_top4_bilstm_attn,-1,03_add_geometry_boundaries,numeric__structured_linker_fraction,0.26558129551617154
esm3_top4_bilstm_attn,-1,04_add_disorder,q8__q8_C,0.595532064359536
esm3_top4_bilstm_attn,-1,04_add_disorder,q8__q8_E,-0.4305353790699172
esm3_top4_bilstm_attn,-1,04_add_disorder,q8__q8_G,1.1906309915075044
esm3_top4_bilstm_attn,-1,04_add_disorder,q8__q8_H,-1.92018171134422
esm3_top4_bilstm_attn,-1,04_add_disorder,q8__q8_T,0.6347156879623476
esm3_top4_bilstm_attn,-1,04_add_disorder,numeric__mean_neq,-1.1377859354429563
esm3_top4_bilstm_attn,-1,04_add_disorder,numeric__max_neq,-0.17411735697160197
esm3_top4_bilstm_attn,-1,04_add_disorder,numeric__neq_peak_fraction,-0.5285594423923087
esm3_top4_bilstm_attn,-1,04_add_disorder,numeric__neq_peak_excess,0.30666707768032186
esm3_top4_bilstm_attn,-1,04_add_disorder,numeric__mean_rsa,-0.776577129822935
esm3_top4_bilstm_attn,-1,04_add_disorder,numeric__max_rsa,0.6893923415145589
esm3_top4_bilstm_attn,-1,04_add_disorder,numeric__log_segment_length,1.206376795710159
esm3_top4_bilstm_attn,-1,04_add_disorder,numeric__normalized_midpoint,-0.07147494333714795
esm3_top4_bilstm_attn,-1,04_add_disorder,numeric__mean_torsion_change,-0.9313634976831713
esm3_top4_bilstm_attn,-1,04_add_disorder,numeric__max_torsion_change,0.49640535020135074
esm3_top4_bilstm_attn,-1,04_add_disorder,numeric__q3_boundary_fraction,-0.45502057058115697
esm3_top4_bilstm_attn,-1,04_add_disorder,numeric__mean_distance_to_q3_boundary,-0.4351171316497758
esm3_top4_bilstm_attn,-1,04_add_disorder,numeric__structured_linker_fraction,0.2523829809649012
esm3_top4_bilstm_attn,-1,04_add_disorder,numeric__mean_disorder,0.1838925073921784
esm3_top4_bilstm_attn,-1,04_add_disorder,numeric__max_disorder,-0.30478690037429906
esm3_top4_bilstm_attn,-1,05_add_sequence,q8__q8_C,0.6197370830820048
esm3_top4_bilstm_attn,-1,05_add_sequence,q8__q8_E,-0.4958778806878425
esm3_top4_bilstm_attn,-1,05_add_sequence,q8__q8_G,1.2187401619253264
esm3_top4_bilstm_attn,-1,05_add_sequence,q8__q8_H,-1.9695317645508008
esm3_top4_bilstm_attn,-1,05_add_sequence,q8__q8_T,0.7132806511652522
esm3_top4_bilstm_attn,-1,05_add_sequence,numeric__mean_neq,-1.100850790851556
esm3_top4_bilstm_attn,-1,05_add_sequence,numeric__max_neq,-0.16770383536409378
esm3_top4_bilstm_attn,-1,05_add_sequence,numeric__neq_peak_fraction,-0.5262818612164332
esm3_top4_bilstm_attn,-1,05_add_sequence,numeric__neq_peak_excess,0.29764208800060943
esm3_top4_bilstm_attn,-1,05_add_sequence,numeric__mean_rsa,-0.8764563566825021
esm3_top4_bilstm_attn,-1,05_add_sequence,numeric__max_rsa,0.6596208982861601
esm3_top4_bilstm_attn,-1,05_add_sequence,numeric__log_segment_length,1.2024258870327649
esm3_top4_bilstm_attn,-1,05_add_sequence,numeric__normalized_midpoint,-0.07433596377021467
esm3_top4_bilstm_attn,-1,05_add_sequence,numeric__mean_torsion_change,-0.825264498777691
esm3_top4_bilstm_attn,-1,05_add_sequence,numeric__max_torsion_change,0.45700291146789035
esm3_top4_bilstm_attn,-1,05_add_sequence,numeric__q3_boundary_fraction,-0.4711470214513033
esm3_top4_bilstm_attn,-1,05_add_sequence,numeric__mean_distance_to_q3_boundary,-0.4376195277284115
esm3_top4_bilstm_attn,-1,05_add_sequence,numeric__structured_linker_fraction,0.2553771176349219
esm3_top4_bilstm_attn,-1,05_add_sequence,numeric__mean_disorder,0.19560925530726136
esm3_top4_bilstm_attn,-1,05_add_sequence,numeric__max_disorder,-0.320241164385907
esm3_top4_bilstm_attn,-1,05_add_sequence,numeric__fraction_glycine,-0.14544047667168442
esm3_top4_bilstm_attn,-1,05_add_sequence,numeric__fraction_proline,-0.1493366144157304
esm3_top4_bilstm_attn,-1,05_add_sequence,numeric__fraction_hydrophobic,0.044165773184157105
esm3_top4_bilstm_attn,-1,05_add_sequence,numeric__fraction_charged,0.16761185317577984
esm3_top4_bilstm_attn,-1,05_add_sequence,numeric__fraction_aromatic,-0.21827749811167968
esm3_top4_bilstm_attn,-1,05_add_sequence,numeric__sequence_entropy,0.06631685685704823
esm3_top4_bilstm_attn,1,00_q8_only,q8__q8_C,0.0
esm3_top4_bilstm_attn,1,00_q8_only,q8__q8_E,0.0
esm3_top4_bilstm_attn,1,00_q8_only,q8__q8_G,0.0
esm3_top4_bilstm_attn,1,00_q8_only,q8__q8_H,0.0
esm3_top4_bilstm_attn,1,00_q8_only,q8__q8_S,0.0
esm3_top4_bilstm_attn,1,00_q8_only,q8__q8_T,0.0
esm3_top4_bilstm_attn,1,01_add_neq,q8__q8_C,-0.24724372310826895
esm3_top4_bilstm_attn,1,01_add_neq,q8__q8_E,0.13391607148071766
esm3_top4_bilstm_attn,1,01_add_neq,q8__q8_G,-0.10464293855396622
esm3_top4_bilstm_attn,1,01_add_neq,q8__q8_H,-0.10683549484194099
esm3_top4_bilstm_attn,1,01_add_neq,q8__q8_S,0.12704823989319236
esm3_top4_bilstm_attn,1,01_add_neq,q8__q8_T,0.009792053514039153
esm3_top4_bilstm_attn,1,01_add_neq,numeric__mean_neq,0.32506103832106364
esm3_top4_bilstm_attn,1,01_add_neq,numeric__max_neq,0.36332186171881414
esm3_top4_bilstm_attn,1,01_add_neq,numeric__neq_peak_fraction,0.10925916410228742
esm3_top4_bilstm_attn,1,01_add_neq,numeric__neq_peak_excess,0.2723135860122675
esm3_top4_bilstm_attn,1,02_add_exposure_length_position,q8__q8_C,-0.19500097131886776
esm3_top4_bilstm_attn,1,02_add_exposure_length_position,q8__q8_E,-0.14697395599135185
esm3_top4_bilstm_attn,1,02_add_exposure_length_position,q8__q8_G,0.2854622796374121
esm3_top4_bilstm_attn,1,02_add_exposure_length_position,q8__q8_H,-0.6781938478498261
esm3_top4_bilstm_attn,1,02_add_exposure_length_position,q8__q8_S,0.43656639064573377
esm3_top4_bilstm_attn,1,02_add_exposure_length_position,q8__q8_T,-0.16920136217919962
esm3_top4_bilstm_attn,1,02_add_exposure_length_position,numeric__mean_neq,0.5728839199473225
esm3_top4_bilstm_attn,1,02_add_exposure_length_position,numeric__max_neq,0.20998557364631218
esm3_top4_bilstm_attn,1,02_add_exposure_length_position,numeric__neq_peak_fraction,0.15761852782848412
esm3_top4_bilstm_attn,1,02_add_exposure_length_position,numeric__neq_peak_excess,-0.29510203270885466
esm3_top4_bilstm_attn,1,02_add_exposure_length_position,numeric__mean_rsa,0.6629257218635202
esm3_top4_bilstm_attn,1,02_add_exposure_length_position,numeric__max_rsa,-0.12281457773269663
esm3_top4_bilstm_attn,1,02_add_exposure_length_position,numeric__log_segment_length,0.9071828448665991
esm3_top4_bilstm_attn,1,02_add_exposure_length_position,numeric__normalized_midpoint,-0.05339852591314029
esm3_top4_bilstm_attn,1,03_add_geometry_boundaries,q8__q8_C,-0.6251053535999685
esm3_top4_bilstm_attn,1,03_add_geometry_boundaries,q8__q8_E,0.835013890504585
esm3_top4_bilstm_attn,1,03_add_geometry_boundaries,q8__q8_G,1.097105869454723
esm3_top4_bilstm_attn,1,03_add_geometry_boundaries,q8__q8_H,0.19467587304730122
esm3_top4_bilstm_attn,1,03_add_geometry_boundaries,q8__q8_S,-0.6996418221494896
esm3_top4_bilstm_attn,1,03_add_geometry_boundaries,q8__q8_T,-0.9243368096674809
esm3_top4_bilstm_attn,1,03_add_geometry_boundaries,numeric__mean_neq,0.5443754630494907
esm3_top4_bilstm_attn,1,03_add_geometry_boundaries,numeric__max_neq,0.2321121858997115
esm3_top4_bilstm_attn,1,03_add_geometry_boundaries,numeric__neq_peak_fraction,0.16311655589281487
esm3_top4_bilstm_attn,1,03_add_geometry_boundaries,numeric__neq_peak_excess,-0.22174705709818676
esm3_top4_bilstm_attn,1,03_add_geometry_boundaries,numeric__mean_rsa,0.644408375159138
esm3_top4_bilstm_attn,1,03_add_geometry_boundaries,numeric__max_rsa,-0.09904889669303261
esm3_top4_bilstm_attn,1,03_add_geometry_boundaries,numeric__log_segment_length,0.786754411630539
esm3_top4_bilstm_attn,1,03_add_geometry_boundaries,numeric__normalized_midpoint,-0.06087446407086017
esm3_top4_bilstm_attn,1,03_add_geometry_boundaries,numeric__mean_torsion_change,0.34783004864514544
esm3_top4_bilstm_attn,1,03_add_geometry_boundaries,numeric__max_torsion_change,-0.017494110968577656
esm3_top4_bilstm_attn,1,03_add_geometry_boundaries,numeric__q3_boundary_fraction,-0.39035478368392407
esm3_top4_bilstm_attn,1,03_add_geometry_boundaries,numeric__mean_distance_to_q3_boundary,0.24047329733384992
esm3_top4_bilstm_attn,1,03_add_geometry_boundaries,numeric__structured_linker_fraction,0.5295210855465106
esm3_top4_bilstm_attn,1,04_add_disorder,q8__q8_C,-0.16407496372770977
esm3_top4_bilstm_attn,1,04_add_disorder,q8__q8_E,0.4805108170662107
esm3_top4_bilstm_attn,1,04_add_disorder,q8__q8_G,0.8116531885297733
esm3_top4_bilstm_attn,1,04_add_disorder,q8__q8_H,-0.27939795847476123
esm3_top4_bilstm_attn,1,04_add_disorder,q8__q8_S,-0.42972926720445803
esm3_top4_bilstm_attn,1,04_add_disorder,q8__q8_T,-0.7783803932791413
esm3_top4_bilstm_attn,1,04_add_disorder,numeric__mean_neq,0.5278582509577705
esm3_top4_bilstm_attn,1,04_add_disorder,numeric__max_neq,0.27906967240612707
esm3_top4_bilstm_attn,1,04_add_disorder,numeric__neq_peak_fraction,0.15840630372626352
esm3_top4_bilstm_attn,1,04_add_disorder,numeric__neq_peak_excess,-0.11776436744239367
esm3_top4_bilstm_attn,1,04_add_disorder,numeric__mean_rsa,1.014816716332887
esm3_top4_bilstm_attn,1,04_add_disorder,numeric__max_rsa,-0.29163812341450057
esm3_top4_bilstm_attn,1,04_add_disorder,numeric__log_segment_length,0.9827736096825761
esm3_top4_bilstm_attn,1,04_add_disorder,numeric__normalized_midpoint,-0.07484340050643772
esm3_top4_bilstm_attn,1,04_add_disorder,numeric__mean_torsion_change,0.4077705135234455
esm3_top4_bilstm_attn,1,04_add_disorder,numeric__max_torsion_change,-0.11149203144984897
esm3_top4_bilstm_attn,1,04_add_disorder,numeric__q3_boundary_fraction,-0.39463106796977565
esm3_top4_bilstm_attn,1,04_add_disorder,numeric__mean_distance_to_q3_boundary,0.25643270157657644
esm3_top4_bilstm_attn,1,04_add_disorder,numeric__structured_linker_fraction,0.27723521819642194
esm3_top4_bilstm_attn,1,04_add_disorder,numeric__mean_disorder,-0.2831411566021213
esm3_top4_bilstm_attn,1,04_add_disorder,numeric__max_disorder,-0.25357458585751724
esm3_top4_bilstm_attn,1,05_add_sequence,q8__q8_C,-0.17723728690524015
esm3_top4_bilstm_attn,1,05_add_sequence,q8__q8_E,0.5540843364750639
esm3_top4_bilstm_attn,1,05_add_sequence,q8__q8_G,0.7837632074500558
esm3_top4_bilstm_attn,1,05_add_sequence,q8__q8_H,-0.1762451418508725
esm3_top4_bilstm_attn,1,05_add_sequence,q8__q8_S,-0.4247570221799404
esm3_top4_bilstm_attn,1,05_add_sequence,q8__q8_T,-0.8819676869939418
esm3_top4_bilstm_attn,1,05_add_sequence,numeric__mean_neq,0.5303207935303376
esm3_top4_bilstm_attn,1,05_add_sequence,numeric__max_neq,0.2797477046286018
esm3_top4_bilstm_attn,1,05_add_sequence,numeric__neq_peak_fraction,0.17045284245415435
esm3_top4_bilstm_attn,1,05_add_sequence,numeric__neq_peak_excess,-0.1194373539158734
esm3_top4_bilstm_attn,1,05_add_sequence,numeric__mean_rsa,0.9733883673671555
esm3_top4_bilstm_attn,1,05_add_sequence,numeric__max_rsa,-0.25728262824107756
esm3_top4_bilstm_attn,1,05_add_sequence,numeric__log_segment_length,0.7685883531765968
esm3_top4_bilstm_attn,1,05_add_sequence,numeric__normalized_midpoint,-0.07670346162006983
esm3_top4_bilstm_attn,1,05_add_sequence,numeric__mean_torsion_change,0.34513926389497196
esm3_top4_bilstm_attn,1,05_add_sequence,numeric__max_torsion_change,-0.13131047563900844
esm3_top4_bilstm_attn,1,05_add_sequence,numeric__q3_boundary_fraction,-0.3804768824571883
esm3_top4_bilstm_attn,1,05_add_sequence,numeric__mean_distance_to_q3_boundary,0.27219458400152746
esm3_top4_bilstm_attn,1,05_add_sequence,numeric__structured_linker_fraction,0.290059195336506
esm3_top4_bilstm_attn,1,05_add_sequence,numeric__mean_disorder,-0.27828540532447227
esm3_top4_bilstm_attn,1,05_add_sequence,numeric__max_disorder,-0.24746789392784732
esm3_top4_bilstm_attn,1,05_add_sequence,numeric__fraction_glycine,0.14384893676449653
esm3_top4_bilstm_attn,1,05_add_sequence,numeric__fraction_proline,0.09554616864235556
esm3_top4_bilstm_attn,1,05_add_sequence,numeric__fraction_hydrophobic,-0.14712110812741871
esm3_top4_bilstm_attn,1,05_add_sequence,numeric__fraction_charged,-0.00978698505131046
esm3_top4_bilstm_attn,1,05_add_sequence,numeric__fraction_aromatic,0.07738981776982987
esm3_top4_bilstm_attn,1,05_add_sequence,numeric__sequence_entropy,0.2242233190563112
