condition,split,sign,n_protein_rows,mean_observed_mean_candidate_bands,median_observed_mean_candidate_bands,n_finite_observed_mean_candidate_bands,mean_uniform_mean_candidate_bands,median_uniform_mean_candidate_bands,n_finite_uniform_mean_candidate_bands,mean_observed_fraction_supported_2of3,median_observed_fraction_supported_2of3,n_finite_observed_fraction_supported_2of3,mean_uniform_fraction_supported_2of3,median_uniform_fraction_supported_2of3,n_finite_uniform_fraction_supported_2of3,mean_observed_fraction_supported_3of3,median_observed_fraction_supported_3of3,n_finite_observed_fraction_supported_3of3,mean_uniform_fraction_supported_3of3,median_uniform_fraction_supported_3of3,n_finite_uniform_fraction_supported_3of3,mean_observed_minus_uniform_mean_candidate_bands,median_observed_minus_uniform_mean_candidate_bands,n_finite_observed_minus_uniform_mean_candidate_bands,mean_observed_minus_uniform_fraction_supported_2of3,median_observed_minus_uniform_fraction_supported_2of3,n_finite_observed_minus_uniform_fraction_supported_2of3,mean_observed_minus_uniform_fraction_supported_3of3,median_observed_minus_uniform_fraction_supported_3of3,n_finite_observed_minus_uniform_fraction_supported_3of3,test_set_primary
esm2_frozen_bilstm_attn,test,-1,208,3.3701923076923075,3.0,208,1.5144230769230769,1.0,208,0.9223642573642574,1.0,185,0.8423621460506706,1.0,122,0.6798392748392749,0.75,185,0.5614153833416128,0.5227272727272727,122,1.8557692307692308,1.0,208,0.0963046456467509,0.0,114,0.17880647617489723,0.06944444444444448,114,True
esm2_frozen_bilstm_attn,test,1,208,5.4326923076923075,5.0,208,0.6490384615384616,0.0,208,0.9322400630653059,1.0,206,0.8205128205128205,1.0,78,0.6882942222428681,0.6923076923076923,206,0.4583333333333333,0.3333333333333333,78,4.783653846153846,4.0,208,0.12795153564384334,0.0,78,0.2758652110372758,0.40476190476190477,78,True
esm2_top28_bilstm_attn,test,-1,208,3.2788461538461537,3.0,208,0.7596153846153846,0.0,208,0.9755382229520161,1.0,174,0.8066666666666666,1.0,75,0.8335777090087435,1.0,174,0.5606666666666668,0.5,75,2.519230769230769,2.0,208,0.1455467372134039,0.0,72,0.2747905643738977,0.025000000000000022,72,True
esm2_top28_bilstm_attn,test,1,208,5.9951923076923075,5.0,208,0.27403846153846156,0.0,208,0.960705236368852,1.0,207,0.7535714285714286,1.0,30,0.7923169263005266,0.8125,207,0.3821428571428571,0.25,30,5.721153846153846,5.0,208,0.23024481074481074,0.0,30,0.40293009768009774,0.42857142857142855,30,True
esm2_top4_bilstm_attn,test,-1,208,3.5240384615384617,3.0,208,1.2211538461538463,1.0,208,0.9701274651274651,1.0,180,0.8959848484848484,1.0,110,0.8834273288439957,1.0,180,0.6457575757575759,0.8,110,2.3028846153846154,2.0,208,0.08784889713461143,0.0,105,0.2630601937744795,0.0,105,True
esm2_top4_bilstm_attn,test,1,208,6.033653846153846,5.0,208,0.5528846153846154,0.0,208,0.979983214584664,1.0,207,0.8981436642453591,1.0,59,0.8597791097791095,0.875,207,0.5782082324455206,0.6666666666666666,59,5.480769230769231,5.0,208,0.08807040417209909,0.0,59,0.2897502685638279,0.08333333333333337,59,True
esm3_frozen_bilstm_attn,test,-1,208,3.7451923076923075,3.0,208,1.9951923076923077,1.0,208,0.9539528777233695,1.0,183,0.8469396825396827,1.0,125,0.7298759528267725,0.8,183,0.49333650793650796,0.5,125,1.75,1.0,208,0.10136727368132326,0.0,121,0.2670077626689197,0.23809523809523808,121,True
esm3_frozen_bilstm_attn,test,1,208,5.956730769230769,5.0,208,0.47596153846153844,0.0,208,0.908406797174913,1.0,207,0.5875850340136054,0.6666666666666666,49,0.5530990346207738,0.5,207,0.21683673469387754,0.0,49,5.480769230769231,5.0,208,0.31233975774792105,0.16666666666666674,49,0.31714793143364567,0.4166666666666667,49,True
esm3_top28_bilstm_attn,test,-1,208,3.673076923076923,3.0,208,1.3942307692307692,0.5,208,0.9792138033850741,1.0,181,0.8547466422466423,1.0,104,0.7845455496007984,0.9,181,0.5675900488400488,0.6125,104,2.2788461538461537,2.0,208,0.12411726595400066,0.0,98,0.2733828812910446,0.2763888888888889,98,True
esm3_top28_bilstm_attn,test,1,208,6.081730769230769,5.0,208,0.2692307692307692,0.0,208,0.8852711117317867,1.0,203,0.7523809523809524,1.0,35,0.5909627956284913,0.6,203,0.2938775510204082,0.0,35,5.8125,5.0,208,0.14474644403215833,0.0,35,0.3013945578231292,0.5,35,True
esm3_top4_bilstm_attn,test,-1,208,3.576923076923077,3.0,208,1.5288461538461537,1.0,208,0.9580625678940287,1.0,178,0.8576023391812866,1.0,114,0.758571266436435,0.8333333333333334,178,0.485735171261487,0.5,114,2.048076923076923,2.0,208,0.08595946234835122,0.0,108,0.2899547725936615,0.24166666666666664,108,True
esm3_top4_bilstm_attn,test,1,208,5.774038461538462,5.0,208,0.40384615384615385,0.0,208,0.903498833959999,1.0,206,0.789855072463768,1.0,46,0.6175978628331941,0.6666666666666666,206,0.43949275362318846,0.41666666666666663,46,5.3701923076923075,5.0,208,0.11010101010101009,0.0,46,0.2048654585280294,0.30909090909090914,46,True
esm2_frozen_bilstm_attn,train,-1,967,3.330920372285419,2.0,967,1.592554291623578,1.0,967,0.946764004257707,1.0,794,0.8625764955435284,1.0,546,0.7057526611367921,0.75,794,0.5405939654566029,0.5857142857142856,546,1.7383660806618408,1.0,967,0.06748631368631368,0.0,500,0.18462889887889886,0.125,500,False
esm2_frozen_bilstm_attn,train,1,967,5.415718717683557,4.0,967,0.6463288521199586,0.0,967,0.9444624624580732,1.0,942,0.8617486338797814,1.0,366,0.7165442317115359,0.7272727272727273,942,0.4301131928181109,0.3333333333333333,366,4.769389865563599,4.0,967,0.08549627357816467,0.0,366,0.3136796389851762,0.38888888888888884,366,False
esm2_frozen_bilstm_attn,validation,-1,208,3.4423076923076925,3.0,208,1.4278846153846154,1.0,208,0.9365733225108225,1.0,176,0.8736006683375105,1.0,114,0.6743531090122,0.75,176,0.5570593149540518,0.5,114,2.014423076923077,2.0,208,0.05648537192654839,0.0,102,0.16632572220807515,0.08611111111111108,102,False
esm2_frozen_bilstm_attn,validation,1,208,5.538461538461538,5.0,208,0.5096153846153846,0.0,208,0.9508486167680913,1.0,206,0.9251207729468599,1.0,69,0.7228756870390222,0.75,206,0.5144927536231884,0.5,69,5.028846153846154,4.0,208,0.026843888800410547,0.0,69,0.21256404625969844,0.30000000000000004,69,False
esm2_top28_bilstm_attn,train,-1,967,3.1178903826266806,2.0,967,0.5129265770423992,0.0,967,0.9553962900942976,1.0,803,0.7929959814421965,1.0,251,0.7647502853449304,1.0,803,0.4490810207941682,0.4,251,2.604963805584281,2.0,967,0.1526759457139204,0.0,237,0.3544401215287291,0.3333333333333333,237,False
esm2_top28_bilstm_attn,train,1,967,5.6163391933815925,4.0,967,0.21820062047569805,0.0,967,0.9392518333259587,1.0,939,0.6582508250825082,0.8333333333333334,101,0.6932576779391062,0.7142857142857143,939,0.2797579757975797,0.0,101,5.398138572905895,4.0,967,0.2903809523809524,0.0,100,0.449677836052836,0.5,100,False
esm2_top28_bilstm_attn,validation,-1,208,3.3028846153846154,2.0,208,0.625,0.0,208,0.9728776529338327,1.0,178,0.8313919413919414,1.0,65,0.83757012338473,1.0,178,0.5575824175824177,0.6,65,2.6778846153846154,2.0,208,0.1283794162826421,0.0,62,0.2852074896429735,0.0,62,False
esm2_top28_bilstm_attn,validation,1,208,6.014423076923077,5.0,208,0.3269230769230769,0.0,208,0.9653993558618452,1.0,207,0.7072916666666667,1.0,32,0.8137529555474996,0.8333333333333334,207,0.3192708333333333,0.25,32,5.6875,5.0,208,0.2779780982905983,0.0,32,0.5269093753468754,0.5,32,False
esm2_top4_bilstm_attn,train,-1,967,3.453981385729059,2.0,967,1.1137538779731126,0.0,967,0.973193483433336,1.0,813,0.9315013587690579,1.0,452,0.8728160974118213,1.0,813,0.7193773839238442,1.0,452,2.3402275077559462,1.0,967,0.04868604588884309,0.0,429,0.16796252960897143,0.0,429,False
esm2_top4_bilstm_attn,train,1,967,5.819027921406412,5.0,967,0.4756980351602896,0.0,967,0.9750053551525768,1.0,951,0.8916925465838509,1.0,230,0.8512592823209878,0.9166666666666666,951,0.5857875457875458,0.6666666666666666,230,5.343329886246122,4.0,967,0.08907703326562975,0.0,228,0.2851289048878126,0.12619047619047624,228,False
esm2_top4_bilstm_attn,validation,-1,208,3.4375,3.0,208,1.0384615384615385,0.0,208,0.9745008565184006,1.0,171,0.9438202247191011,1.0,89,0.8948804444418479,1.0,171,0.7838014981273408,1.0,89,2.3990384615384617,2.0,208,0.03553852478271083,0.0,86,0.10205740641787153,0.0,86,False
esm2_top4_bilstm_attn,validation,1,208,5.889423076923077,5.0,208,0.4855769230769231,0.0,208,0.9742441586191586,1.0,208,0.927469135802469,1.0,54,0.8562200911296306,0.9166666666666666,208,0.5861111111111111,0.6666666666666666,54,5.403846153846154,5.0,208,0.055632716049382726,0.0,54,0.2867053822828677,0.25,54,False
esm3_frozen_bilstm_attn,train,-1,967,3.71664943123061,3.0,967,1.4788004136504653,1.0,967,0.9368823727980982,1.0,802,0.8627733484876342,1.0,518,0.7138684757046939,0.7777777777777778,802,0.5062046276331991,0.5,518,2.2378490175801447,1.0,967,0.06805557470045488,0.0,486,0.26158971579269324,0.21825396825396826,486,False
esm3_frozen_bilstm_attn,train,1,967,6.09100310237849,5.0,967,0.44777662874870733,0.0,967,0.8977325661386334,1.0,957,0.7467397747480735,1.0,241,0.590099401485157,0.6,957,0.2980339853783837,0.0,241,5.643226473629783,4.0,967,0.16221281702592977,0.0,240,0.3029506542159729,0.4083333333333333,240,False
esm3_frozen_bilstm_attn,validation,-1,208,3.6538461538461537,3.0,208,1.8557692307692308,1.0,208,0.9598093176664606,1.0,175,0.8741459235209236,1.0,120,0.6941371327085613,0.75,175,0.598030303030303,0.6125,120,1.7980769230769231,1.0,208,0.06544549505075821,0.0,114,0.1325546286072602,0.036630036630036666,114,False
esm3_frozen_bilstm_attn,validation,1,208,5.908653846153846,5.0,208,0.4423076923076923,0.0,208,0.8805315477791438,1.0,208,0.7557471264367815,1.0,58,0.5474447702247476,0.5,208,0.3606321839080459,0.0,58,5.466346153846154,5.0,208,0.14953387130111268,0.0,58,0.1742687895831912,0.4,58,False
esm3_top28_bilstm_attn,train,-1,967,3.562564632885212,2.0,967,1.1768355739400207,0.0,967,0.9448335726067606,1.0,801,0.7915467415467415,1.0,444,0.7040504564228778,0.8181818181818182,801,0.46278461903461904,0.5,444,2.3857290589451914,1.0,967,0.14326364772793343,0.0,420,0.2872198940816256,0.25,420,False
esm3_top28_bilstm_attn,train,1,967,5.94105480868666,5.0,967,0.23991726990692863,0.0,967,0.8977068094869233,1.0,944,0.6577850877192983,1.0,152,0.5459304518602123,0.5505050505050505,944,0.2390350877192982,0.0,152,5.701137538779731,4.0,967,0.23166488000217952,0.0,151,0.32891964970135223,0.4444444444444444,151,False
esm3_top28_bilstm_attn,validation,-1,208,3.6538461538461537,3.0,208,1.3221153846153846,0.5,208,0.9753314393939394,1.0,176,0.8242445054945053,1.0,104,0.7439811608845699,0.875,176,0.5396749084249084,0.6125,104,2.331730769230769,1.0,208,0.15063168124392615,0.0,98,0.2269576511923451,0.16190476190476194,98,False
esm3_top28_bilstm_attn,validation,1,208,6.1298076923076925,5.0,208,0.2644230769230769,0.0,208,0.9153966753945337,1.0,206,0.768018018018018,1.0,37,0.6501574239581093,0.6666666666666666,206,0.47747747747747743,0.5,37,5.865384615384615,5.0,208,0.1678883428883429,0.0,37,0.16066748566748562,0.09999999999999998,37,False
esm3_top4_bilstm_attn,train,-1,967,3.5336091003102377,2.0,967,1.1633919338159255,0.0,967,0.953219706309039,1.0,804,0.8665251054079689,1.0,461,0.7271469058288637,0.8333333333333334,804,0.5018129075070507,0.5,461,2.3702171664943124,1.0,967,0.09268493436181345,0.0,432,0.27611169770075,0.16666666666666663,432,False
esm3_top4_bilstm_attn,train,1,967,5.877973112719752,5.0,967,0.36297828335056875,0.0,967,0.9245481253175393,1.0,956,0.7886257093510979,1.0,193,0.6358027880074347,0.6666666666666666,956,0.3430421909696521,0.3333333333333333,193,5.514994829369183,4.0,967,0.12684688461864202,0.0,192,0.3149330418685257,0.4,192,False
esm3_top4_bilstm_attn,validation,-1,208,3.4663461538461537,3.0,208,1.4423076923076923,1.0,208,0.9575119006153489,1.0,174,0.8363203463203464,1.0,110,0.7072337624061761,0.7777777777777778,174,0.5219047619047619,0.5,110,2.0240384615384617,1.0,208,0.10626907814407814,0.0,104,0.2237933807645346,0.16666666666666663,104,False
esm3_top4_bilstm_attn,validation,1,208,5.8076923076923075,5.0,208,0.375,0.0,208,0.9160452001031713,1.0,207,0.8617021276595744,1.0,47,0.6480699173580672,0.6666666666666666,207,0.423758865248227,0.3333333333333333,47,5.4326923076923075,5.0,208,0.0937862669245648,0.0,47,0.2561239292622271,0.3333333333333333,47,False
