condition,split,sign,label,seed_a,seed_b,observed_n_proteins,observed_n_informative_proteins,observed_total_bands_seed_a,observed_total_bands_seed_b,observed_total_matched_bands,observed_micro_f1,observed_micro_jaccard,observed_macro_f1_informative_proteins,observed_mean_matched_apex_distance,null_mean_micro_jaccard,null_std_micro_jaccard,micro_jaccard_empirical_p_upper,micro_jaccard_null_z,null_mean_macro_f1,null_std_macro_f1,macro_f1_empirical_p_upper,macro_f1_null_z,micro_jaccard_empirical_q_bh,macro_f1_empirical_q_bh
esm2_frozen_bilstm_attn,train,1,flexibility_supporting,1,2,967,965,6469,6201,5547,0.875611681136543,0.778744910852169,0.864378798806622,0.6259239228411754,0.2476529094980248,0.004536563689901458,0.000999000999000999,117.06922632572595,0.37351151908102836,0.0072108746441916505,0.000999000999000999,68.07319554791964,0.000999000999000999,0.000999000999000999
esm2_frozen_bilstm_attn,train,1,flexibility_supporting,1,3,967,966,6469,6582,5100,0.7815493065665466,0.6414287511004905,0.7674286108389832,1.1976470588235295,0.2478681752262952,0.004285082142669947,0.000999000999000999,91.84434808266609,0.3761432980267228,0.006868143947672122,0.000999000999000999,56.971041345876564,0.000999000999000999,0.000999000999000999
esm2_frozen_bilstm_attn,train,1,flexibility_supporting,2,3,967,965,6201,6582,5444,0.8517562387545959,0.7417904346641232,0.8372516341754129,0.6974650991917708,0.2461027739561697,0.004647993806577364,0.000999000999000999,106.64550800530482,0.36969664878230407,0.007270165992538414,0.000999000999000999,64.31145944576429,0.000999000999000999,0.000999000999000999
esm2_frozen_bilstm_attn,train,-1,rigidity_supporting,1,2,967,961,5867,5697,5176,0.8951919750951228,0.8102692548528491,0.8755155026888003,0.6974497681607419,0.27763617210554353,0.005290011002959579,0.000999000999000999,100.6865737045378,0.40658588190084904,0.008187562132635136,0.000999000999000999,57.27341218197608,0.000999000999000999,0.000999000999000999
esm2_frozen_bilstm_attn,train,-1,rigidity_supporting,1,3,967,966,5867,6004,4878,0.8218347232752085,0.6975546975546976,0.7772242752782518,1.4604346043460434,0.28866856030779414,0.004984563530056194,0.000999000999000999,82.03047965611822,0.4168682857087357,0.007641909184626627,0.000999000999000999,47.15523056652532,0.000999000999000999,0.000999000999000999
esm2_frozen_bilstm_attn,train,-1,rigidity_supporting,2,3,967,966,5697,6004,5120,0.8751388770190582,0.7779972648533657,0.8382531309744411,0.873046875,0.2834197144955865,0.005334470931024921,0.000999000999000999,92.71351493947596,0.40898531700103746,0.008086894695099066,0.000999000999000999,53.08190970182344,0.000999000999000999,0.000999000999000999
esm2_frozen_bilstm_attn,validation,1,flexibility_supporting,1,2,208,208,1362,1311,1169,0.8746726524504302,0.7772606382978723,0.8750843692547616,0.6150556030795552,0.2394437888044193,0.00982936867377823,0.000999000999000999,54.715299358766046,0.36402398711551337,0.01434159354420122,0.000999000999000999,35.63483936175886,0.000999000999000999,0.000999000999000999
esm2_frozen_bilstm_attn,validation,1,flexibility_supporting,1,3,208,208,1362,1400,1081,0.782766111513396,0.6430696014277216,0.7761783424373322,1.1498612395929695,0.24546648447351957,0.009614601759610946,0.000999000999000999,41.35409108929032,0.37229125169765426,0.014312752349901387,0.000999000999000999,28.218687843254738,0.000999000999000999,0.000999000999000999
esm2_frozen_bilstm_attn,validation,1,flexibility_supporting,2,3,208,208,1311,1400,1163,0.8579859830320915,0.7512919896640827,0.8530252522756503,0.6964746345657782,0.2434066015955051,0.009991568543645555,0.000999000999000999,50.83139707744716,0.3699193556328356,0.014317721433241816,0.000999000999000999,33.741814219207775,0.000999000999000999,0.000999000999000999
esm2_frozen_bilstm_attn,validation,-1,rigidity_supporting,1,2,208,207,1226,1193,1067,0.882182720132286,0.7892011834319527,0.8719199672709578,0.7516401124648547,0.2721408244692657,0.010926914924217443,0.000999000999000999,47.31988512299298,0.4082710730754686,0.016798736591348243,0.000999000999000999,27.60022408079662,0.000999000999000999,0.000999000999000999
esm2_frozen_bilstm_attn,validation,-1,rigidity_supporting,1,3,208,208,1226,1260,1000,0.8045052292839904,0.6729475100942126,0.7811907494036787,1.58,0.2846389005860861,0.010974743395880246,0.000999000999000999,35.38202174766945,0.4203385979204108,0.01604551098983862,0.000999000999000999,22.48929010187274,0.000999000999000999,0.000999000999000999
esm2_frozen_bilstm_attn,validation,-1,rigidity_supporting,2,3,208,208,1193,1260,1056,0.8609865470852018,0.7559055118110236,0.8445576733121994,1.0075757575757576,0.28195586126406796,0.010996419537042787,0.000999000999000999,43.10036089023324,0.41891829706901784,0.01627977442103508,0.000999000999000999,26.14528710503589,0.000999000999000999,0.000999000999000999
esm2_frozen_bilstm_attn,test,1,flexibility_supporting,1,2,208,208,1359,1327,1173,0.8734177215189873,0.7752808988764045,0.8788017632143881,0.6104006820119352,0.23902953373228744,0.00972799809396064,0.000999000999000999,55.124534355843885,0.3691820051632963,0.01512403754484525,0.000999000999000999,33.69601249269486,0.000999000999000999,0.000999000999000999
esm2_frozen_bilstm_attn,test,1,flexibility_supporting,1,3,208,208,1359,1405,1080,0.7814761215629522,0.6413301662707839,0.7851525334824518,1.2805555555555554,0.24160086273768058,0.009303458333768347,0.000999000999000999,42.96566816258248,0.3730048227820433,0.01434937766508949,0.000999000999000999,28.722340461016653,0.000999000999000999,0.000999000999000999
esm2_frozen_bilstm_attn,test,1,flexibility_supporting,2,3,208,208,1327,1405,1175,0.8601756954612005,0.7546563904945408,0.8505245178210639,0.8102127659574467,0.24331712094409544,0.00975963620473648,0.000999000999000999,52.39327151377689,0.37348143851966953,0.015322056354555585,0.000999000999000999,31.13440312856955,0.000999000999000999,0.000999000999000999
esm2_frozen_bilstm_attn,test,-1,rigidity_supporting,1,2,208,208,1232,1208,1079,0.8844262295081967,0.7927994121969141,0.8703097649241751,0.706209453197405,0.2697959271371832,0.010783122027359048,0.000999000999000999,48.502046414086855,0.4034123237250135,0.01625323820719415,0.000999000999000999,28.7264257895697,0.000999000999000999,0.000999000999000999
esm2_frozen_bilstm_attn,test,-1,rigidity_supporting,1,3,208,208,1232,1271,1010,0.8070315621254495,0.6764902880107166,0.7883122115830121,1.5336633663366337,0.2793416067835752,0.010905883113971903,0.000999000999000999,36.41600382809353,0.4172896476065666,0.01604117288756427,0.000999000999000999,23.129391259418213,0.000999000999000999,0.000999000999000999
esm2_frozen_bilstm_attn,test,-1,rigidity_supporting,2,3,208,208,1208,1271,1070,0.8632513110125051,0.759403832505323,0.8418793424528931,0.9560747663551402,0.2790432987988589,0.010464547390200186,0.000999000999000999,45.903613008271236,0.4110399643560445,0.015985129156857902,0.000999000999000999,26.952511541766984,0.000999000999000999,0.000999000999000999
esm2_top4_bilstm_attn,train,1,flexibility_supporting,1,2,967,958,5425,5645,5116,0.9242999096657634,0.8592542828350689,0.9184888904073882,0.2691555903049257,0.21231191475793515,0.004893056179594508,0.000999000999000999,132.21641941800604,0.31461679375129364,0.00809694857447857,0.000999000999000999,74.58020649402272,0.000999000999000999,0.000999000999000999
esm2_top4_bilstm_attn,train,1,flexibility_supporting,1,3,967,959,5425,6032,5209,0.9093130837042855,0.8337067861715749,0.8991299446722323,0.26243040890765984,0.2166371896093185,0.004618849300352923,0.000999000999000999,133.59812291669843,0.32082885851624837,0.007844337904750818,0.000999000999000999,73.72210289484643,0.000999000999000999,0.000999000999000999
esm2_top4_bilstm_attn,train,1,flexibility_supporting,2,3,967,959,5645,6032,5415,0.927464245953584,0.8647396997764293,0.9242220874704111,0.23878116343490305,0.21745803860203353,0.004886803942556785,0.000999000999000999,132.4550092009087,0.32325535998218746,0.007898156250977931,0.000999000999000999,76.08949587618166,0.000999000999000999,0.000999000999000999
esm2_top4_bilstm_attn,train,-1,rigidity_supporting,1,2,967,940,5129,5299,4855,0.9311469121595704,0.8711645433339315,0.9109651693100367,0.3015447991761071,0.26823291060290305,0.005606242806923938,0.000999000999000999,107.54647158456697,0.38287782156384165,0.008423335930970506,0.000999000999000999,62.693373750481626,0.000999000999000999,0.000999000999000999
esm2_top4_bilstm_attn,train,-1,rigidity_supporting,1,3,967,945,5129,5671,4946,0.9159259259259259,0.8448923812777588,0.8897897187751859,0.27031945006065505,0.2753327753160051,0.005546563250110738,0.000999000999000999,102.68693969195833,0.38960619033632604,0.008652121074722336,0.000999000999000999,57.81050959864332,0.000999000999000999,0.000999000999000999
esm2_top4_bilstm_attn,train,-1,rigidity_supporting,2,3,967,946,5299,5671,5105,0.9307201458523245,0.8704177323103154,0.9107855396940194,0.27482859941234083,0.28136134511824057,0.00545331026486874,0.000999000999000999,108.0181318467955,0.3989260412428265,0.008353585993613558,0.000999000999000999,61.27422388929942,0.000999000999000999,0.000999000999000999
esm2_top4_bilstm_attn,validation,1,flexibility_supporting,1,2,208,208,1158,1224,1097,0.9210747271200672,0.8536964980544747,0.9152246393465769,0.22333637192342753,0.20899077744371772,0.010655964925271983,0.000999000999000999,60.50186211496951,0.31311045022235023,0.01664806460987967,0.000999000999000999,36.167218426513465,0.000999000999000999,0.000999000999000999
esm2_top4_bilstm_attn,validation,1,flexibility_supporting,1,3,208,208,1158,1316,1120,0.9054163298302345,0.827178729689808,0.8952532844045036,0.2767857142857143,0.21190362335687615,0.010483241221228954,0.000999000999000999,58.69130485016187,0.3183780892073253,0.01599985851376825,0.000999000999000999,36.05501853036786,0.000999000999000999,0.000999000999000999
esm2_top4_bilstm_attn,validation,1,flexibility_supporting,2,3,208,208,1224,1316,1180,0.9291338582677166,0.8676470588235294,0.925825116306627,0.2652542372881356,0.21538692827807854,0.01035618987173196,0.000999000999000999,62.982635373058066,0.3254896545092618,0.015981449411433566,0.000999000999000999,37.56451910850269,0.000999000999000999,0.000999000999000999
esm2_top4_bilstm_attn,validation,-1,rigidity_supporting,1,2,208,207,1075,1131,1032,0.9356300997280145,0.879045996592845,0.925706204659419,0.29457364341085274,0.2659680360542294,0.012255830425207885,0.000999000999000999,50.02337167440178,0.38903601882950756,0.01826527137855392,0.000999000999000999,29.381999024664925,0.000999000999000999,0.000999000999000999
esm2_top4_bilstm_attn,validation,-1,rigidity_supporting,1,3,208,208,1075,1215,1042,0.9100436681222708,0.8349358974358975,0.8883255442897069,0.255278310940499,0.2740873311587784,0.01176562936774541,0.000999000999000999,47.66838634358509,0.39716665804084994,0.017063723928075286,0.000999000999000999,28.78380406991603,0.000999000999000999,0.000999000999000999
esm2_top4_bilstm_attn,validation,-1,rigidity_supporting,2,3,208,208,1131,1215,1100,0.9377664109121909,0.8828250401284109,0.9318591568782544,0.26272727272727275,0.2804016398957357,0.011495690156682349,0.000999000999000999,52.404282998397576,0.40740846441748596,0.01653486437001614,0.000999000999000999,31.71787084094821,0.000999000999000999,0.000999000999000999
esm2_top4_bilstm_attn,test,1,flexibility_supporting,1,2,208,205,1158,1230,1105,0.9254606365159129,0.8612626656274357,0.9198498869064324,0.27873303167420815,0.2101591553095754,0.010412899593673327,0.000999000999000999,62.52854975317902,0.325174790681996,0.016822577976052487,0.000999000999000999,35.3498195740853,0.000999000999000999,0.000999000999000999
esm2_top4_bilstm_attn,test,1,flexibility_supporting,1,3,208,205,1158,1271,1107,0.9114862083161795,0.8373676248108926,0.8955115363420446,0.28906955736224027,0.21209531189203454,0.010218306205470004,0.000999000999000999,61.191385376975774,0.3262069325272266,0.01630372798791408,0.000999000999000999,34.91867652826656,0.000999000999000999,0.000999000999000999
esm2_top4_bilstm_attn,test,1,flexibility_supporting,2,3,208,205,1230,1271,1168,0.9340263894442223,0.8762190547636909,0.9257575780241684,0.23715753424657535,0.21446153515596267,0.010236517171866624,0.000999000999000999,64.64674542103631,0.3301999911108147,0.016507122644191824,0.000999000999000999,36.07882486551378,0.000999000999000999,0.000999000999000999
esm2_top4_bilstm_attn,test,-1,rigidity_supporting,1,2,208,205,1090,1138,1045,0.9380610412926391,0.8833474218089603,0.9305937970224522,0.31004784688995213,0.2695519703546391,0.011870207055637117,0.000999000999000999,51.70890857904892,0.39111609642457995,0.018254658785744126,0.000999000999000999,29.55287781216564,0.000999000999000999,0.000999000999000999
esm2_top4_bilstm_attn,test,-1,rigidity_supporting,1,3,208,206,1090,1202,1053,0.918848167539267,0.8498789346246973,0.9097909729427106,0.2972459639126306,0.2751557274062625,0.012287780122286155,0.000999000999000999,46.771931260071,0.39568949610815,0.01758093552004188,0.000999000999000999,29.24198636918361,0.000999000999000999,0.000999000999000999
esm2_top4_bilstm_attn,test,-1,rigidity_supporting,2,3,208,206,1138,1202,1092,0.9333333333333333,0.875,0.9148489546870517,0.26373626373626374,0.28295711766569104,0.01197602270109439,0.000999000999000999,49.43568471026754,0.4060830070423221,0.017340816874500235,0.000999000999000999,29.339214601410895,0.000999000999000999,0.000999000999000999
esm2_top28_bilstm_attn,train,1,flexibility_supporting,1,2,967,961,5302,5761,4649,0.8404591882852752,0.7248207047084503,0.810557777247155,0.5635620563562056,0.22115731211907005,0.004753747533294899,0.000999000999000999,105.95080808599084,0.3267954403389824,0.007799742191783301,0.000999000999000999,62.02286242458063,0.000999000999000999,0.000999000999000999
esm2_top28_bilstm_attn,train,1,flexibility_supporting,1,3,967,961,5302,5573,4523,0.831816091954023,0.71205919395466,0.7969350453624591,0.6836170683174884,0.22524498815934063,0.004656174853530168,0.000999000999000999,104.55238926996735,0.3314354551765949,0.0076886203569465515,0.000999000999000999,60.54396869332901,0.000999000999000999,0.000999000999000999
esm2_top28_bilstm_attn,train,1,flexibility_supporting,2,3,967,963,5761,5573,4783,0.8440091759308276,0.730117539306976,0.8162333001787795,0.6544010035542547,0.2225116593098567,0.004559111449610916,0.000999000999000999,111.3387741465367,0.33046463800822956,0.007365576647043857,0.000999000999000999,65.95120592024674,0.000999000999000999,0.000999000999000999
esm2_top28_bilstm_attn,train,-1,rigidity_supporting,1,2,967,952,4977,5293,4449,0.8664070107108082,0.764301666380347,0.8217674882824715,0.5171948752528658,0.2627987218948239,0.005293167130387889,0.000999000999000999,94.74534473064568,0.3727030533866268,0.00801540146280311,0.000999000999000999,56.02519561619062,0.000999000999000999,0.000999000999000999
esm2_top28_bilstm_attn,train,-1,rigidity_supporting,1,3,967,948,4977,5162,4341,0.8562974652332577,0.7487064505001725,0.8095236704677577,0.5913384012900254,0.25971219110167093,0.005297150543894844,0.000999000999000999,92.31269818489207,0.37360656653189733,0.008121407139210116,0.000999000999000999,53.675070891502855,0.000999000999000999,0.000999000999000999
esm2_top28_bilstm_attn,train,-1,rigidity_supporting,2,3,967,952,5293,5162,4528,0.8661884265901483,0.76396153197233,0.822172430670635,0.6146201413427562,0.2715029546305968,0.005274876582908796,0.000999000999000999,93.3592605630538,0.3870006880372541,0.008003017365779411,0.000999000999000999,54.37595880950579,0.000999000999000999,0.000999000999000999
esm2_top28_bilstm_attn,validation,1,flexibility_supporting,1,2,208,208,1204,1272,1099,0.8877221324717286,0.7981118373275236,0.8764960650653808,0.38944494995450407,0.22615907111925537,0.010790473194438044,0.000999000999000999,53.00534609576544,0.34123539412762577,0.01651046439946152,0.000999000999000999,32.419480033233484,0.000999000999000999,0.000999000999000999
esm2_top28_bilstm_attn,validation,1,flexibility_supporting,1,3,208,208,1204,1250,1071,0.8728606356968215,0.7744034707158352,0.8644190736960422,0.4631185807656396,0.22946983871756035,0.010624294899199648,0.000999000999000999,51.291275060458446,0.3442156624824222,0.015657546344627862,0.000999000999000999,33.22381424035209,0.000999000999000999,0.000999000999000999
esm2_top28_bilstm_attn,validation,1,flexibility_supporting,2,3,208,208,1272,1250,1122,0.8897700237906423,0.8014285714285714,0.8830220034705695,0.47237076648841353,0.22514497661543936,0.010261235538356036,0.000999000999000999,56.16122860244362,0.33971636176032427,0.015883233027454348,0.000999000999000999,34.20623753181328,0.000999000999000999,0.000999000999000999
esm2_top28_bilstm_attn,validation,-1,rigidity_supporting,1,2,208,208,1101,1160,1016,0.8987173816895179,0.8160642570281125,0.8921257942435334,0.38188976377952755,0.2694636106666094,0.011649944619969144,0.000999000999000999,46.91873345256733,0.398443015730532,0.01683379083610604,0.000999000999000999,29.326892755143632,0.000999000999000999,0.000999000999000999
esm2_top28_bilstm_attn,validation,-1,rigidity_supporting,1,3,208,208,1101,1135,994,0.889087656529517,0.8003220611916264,0.8769497039944526,0.4517102615694165,0.26567594530994804,0.011275692801414945,0.000999000999000999,47.41581074420435,0.39336170238718626,0.017042233572113954,0.000999000999000999,28.375858103397714,0.000999000999000999,0.000999000999000999
esm2_top28_bilstm_attn,validation,-1,rigidity_supporting,2,3,208,208,1160,1135,1034,0.9010893246187364,0.8199841395717684,0.8970004390855315,0.5009671179883946,0.27763297605395426,0.011933240075963787,0.000999000999000999,45.44877669981941,0.4074721456322998,0.017447680994348427,0.000999000999000999,28.056925938283577,0.000999000999000999,0.000999000999000999
esm2_top28_bilstm_attn,test,1,flexibility_supporting,1,2,208,207,1182,1271,1092,0.8903383611903791,0.8023512123438648,0.874001082741523,0.4432234432234432,0.22658972606773214,0.010529633904724908,0.000999000999000999,54.68010488168769,0.3417332185511775,0.016855998734062533,0.000999000999000999,31.577355491534348,0.000999000999000999,0.000999000999000999
esm2_top28_bilstm_attn,test,1,flexibility_supporting,1,3,208,206,1182,1236,1070,0.8850289495450786,0.7937685459940653,0.866660786449073,0.5336448598130841,0.22991870447480386,0.010394167534258968,0.000999000999000999,54.24675325472902,0.3489772059906111,0.01599535742020246,0.000999000999000999,32.3646147353117,0.000999000999000999,0.000999000999000999
esm2_top28_bilstm_attn,test,1,flexibility_supporting,2,3,208,207,1271,1236,1111,0.8863183087355405,0.7958452722063037,0.874859064924409,0.5202520252025202,0.22855636286875244,0.0100220336065813,0.000999000999000999,56.604171529121814,0.34969073403059076,0.015661698845509275,0.000999000999000999,33.53201565642422,0.000999000999000999,0.000999000999000999
esm2_top28_bilstm_attn,test,-1,rigidity_supporting,1,2,208,205,1102,1165,1029,0.9078076753418615,0.8311793214862682,0.8933779680374994,0.423712342079689,0.2754761938976397,0.011827120954755624,0.000999000999000999,46.98549458608378,0.39702316085983747,0.017683336986717955,0.000999000999000999,28.069069064875965,0.000999000999000999,0.000999000999000999
esm2_top28_bilstm_attn,test,-1,rigidity_supporting,1,3,208,206,1102,1134,1005,0.8989266547406082,0.8164094232331438,0.8695899607414683,0.47761194029850745,0.27152705018225426,0.011659547794930678,0.000999000999000999,46.732719195833035,0.3903346545650221,0.017183775823024675,0.000999000999000999,27.889988272210136,0.000999000999000999,0.000999000999000999
esm2_top28_bilstm_attn,test,-1,rigidity_supporting,2,3,208,205,1165,1134,1041,0.9056111352762071,0.8275039745627981,0.879591580870243,0.5273775216138329,0.28342968565241305,0.012431530369229163,0.000999000999000999,43.765672668675734,0.4060132004864364,0.017856551081263113,0.000999000999000999,26.521268201715202,0.000999000999000999,0.000999000999000999
esm3_frozen_bilstm_attn,train,1,flexibility_supporting,1,2,967,966,6196,5917,4815,0.7950136217287213,0.6597697999451905,0.778311518193327,0.9347871235721703,0.2197299991453638,0.004426866990529491,0.000999000999000999,99.40208317557654,0.32644196377189466,0.007141099889658076,0.000999000999000999,63.27730481348418,0.000999000999000999,0.000999000999000999
esm3_frozen_bilstm_attn,train,1,flexibility_supporting,1,3,967,966,6196,6067,4884,0.7965424447525076,0.6618783032931291,0.7859263638073813,0.9531122031122031,0.22320552706732216,0.0041983179161727245,0.000999000999000999,104.48774604132656,0.33502783470009784,0.006998759922036399,0.000999000999000999,64.42548881946611,0.000999000999000999,0.000999000999000999
esm3_frozen_bilstm_attn,train,1,flexibility_supporting,2,3,967,967,5917,6067,4793,0.7998998664886515,0.6665276039493812,0.7848518708880358,0.9518047152096808,0.22300837503736345,0.004752585127780954,0.000999000999000999,93.32168009352475,0.33136202721286917,0.007338912347338859,0.000999000999000999,61.792513960138145,0.000999000999000999,0.000999000999000999
esm3_frozen_bilstm_attn,train,-1,rigidity_supporting,1,2,967,953,5682,5599,4690,0.8314865703395089,0.7115763920497649,0.7932332101536255,1.0667377398720683,0.2843474687786935,0.004968966429448581,0.000999000999000999,85.979434423042,0.40123893239730946,0.007445009528570201,0.000999000999000999,52.65195111598436,0.000999000999000999,0.000999000999000999
esm3_frozen_bilstm_attn,train,-1,rigidity_supporting,1,3,967,958,5682,5705,4700,0.8255027663124616,0.7028562883206221,0.7947643252924588,1.0453191489361702,0.2858068164213608,0.004886310981695818,0.000999000999000999,85.35057908952865,0.407180963463343,0.007564617755474887,0.000999000999000999,51.23634456593694,0.000999000999000999,0.000999000999000999
esm3_frozen_bilstm_attn,train,-1,rigidity_supporting,2,3,967,960,5599,5705,4701,0.8317409766454352,0.7119491140390731,0.793163872485117,1.0987024037438842,0.2789998061353662,0.0049792058710551885,0.000999000999000999,86.9514776282903,0.39679503020791324,0.007654117282120997,0.000999000999000999,51.78504949265265,0.000999000999000999,0.000999000999000999
esm3_frozen_bilstm_attn,validation,1,flexibility_supporting,1,2,208,208,1320,1280,995,0.7653846153846153,0.6199376947040498,0.7676863649711174,1.0381909547738692,0.22172947787144465,0.009673263199095805,0.000999000999000999,41.165861885142036,0.33710725750248377,0.014983342261126083,0.000999000999000999,28.737186934971156,0.000999000999000999,0.000999000999000999
esm3_frozen_bilstm_attn,validation,1,flexibility_supporting,1,3,208,208,1320,1270,999,0.7714285714285715,0.627906976744186,0.758357569595499,1.0640640640640642,0.22156596293255754,0.009372538324611896,0.000999000999000999,43.354425422256625,0.3390722622903552,0.013947236091807041,0.000999000999000999,30.06225065276142,0.000999000999000999,0.000999000999000999
esm3_frozen_bilstm_attn,validation,1,flexibility_supporting,2,3,208,208,1280,1270,985,0.7725490196078432,0.6293929712460063,0.7563596869938973,1.1807106598984771,0.22469341028694378,0.009582818704219937,0.000999000999000999,42.23178726952719,0.34000317881325587,0.014785471491451848,0.000999000999000999,28.159839773885874,0.000999000999000999,0.000999000999000999
esm3_frozen_bilstm_attn,validation,-1,rigidity_supporting,1,2,208,208,1209,1213,987,0.815028901734104,0.6878048780487804,0.7833944194394443,1.2147922998986829,0.28063919920327873,0.011025377699199417,0.000999000999000999,36.92986217379811,0.4105654101843099,0.01577737792565366,0.000999000999000999,23.63060649316911,0.000999000999000999,0.000999000999000999
esm3_frozen_bilstm_attn,validation,-1,rigidity_supporting,1,3,208,207,1209,1204,979,0.8114380439287194,0.6827057182705718,0.7851333626320256,1.149131767109295,0.28125841321173845,0.01033994182554011,0.000999000999000999,38.82490944651554,0.4155057494456456,0.014155242139426977,0.000999000999000999,26.112418957274226,0.000999000999000999,0.000999000999000999
esm3_frozen_bilstm_attn,validation,-1,rigidity_supporting,2,3,208,208,1213,1204,1000,0.8274720728175424,0.7057163020465773,0.804695993447107,1.21,0.2769194391073307,0.010313659815564861,0.000999000999000999,41.57562597635107,0.40993877507865917,0.015154094473859049,0.000999000999000999,26.049541861403043,0.000999000999000999,0.000999000999000999
esm3_frozen_bilstm_attn,test,1,flexibility_supporting,1,2,208,208,1321,1248,984,0.7660568314519268,0.6208201892744479,0.7535001017003997,1.0670731707317074,0.22031080861491126,0.009203287864912457,0.000999000999000999,43.518075989612264,0.33004051240622223,0.014582435472951965,0.000999000999000999,29.03901684184551,0.000999000999000999,0.000999000999000999
esm3_frozen_bilstm_attn,test,1,flexibility_supporting,1,3,208,208,1321,1311,1009,0.7667173252279635,0.6216882316697474,0.7620382324943384,1.1020812685827552,0.2246781122698701,0.009451309484031577,0.000999000999000999,42.00583210936476,0.337512598485158,0.015289500121559264,0.000999000999000999,27.76582822420529,0.000999000999000999,0.000999000999000999
esm3_frozen_bilstm_attn,test,1,flexibility_supporting,2,3,208,207,1248,1311,983,0.7682688550214928,0.623730964467005,0.7594669073136388,1.0457782299084435,0.2265861620652287,0.009796404497731108,0.000999000999000999,40.53985342211593,0.3385367762404029,0.015695404889566517,0.000999000999000999,26.81868572584885,0.000999000999000999,0.000999000999000999
esm3_frozen_bilstm_attn,test,-1,rigidity_supporting,1,2,208,208,1214,1197,976,0.8096225632517627,0.6801393728222996,0.7986378082168597,1.1844262295081966,0.27515626695214923,0.01055411062619467,0.000999000999000999,38.37207323419622,0.4080589706526224,0.01611054684355932,0.000999000999000999,24.24367349891559,0.000999000999000999,0.000999000999000999
esm3_frozen_bilstm_attn,test,-1,rigidity_supporting,1,3,208,208,1214,1220,990,0.8134757600657354,0.685595567867036,0.8059575612583951,1.2424242424242424,0.2799173128900776,0.010408869268373635,0.000999000999000999,38.97428668929231,0.4158453311970879,0.015809454240615795,0.000999000999000999,24.67588217302762,0.000999000999000999,0.000999000999000999
esm3_frozen_bilstm_attn,test,-1,rigidity_supporting,2,3,208,208,1197,1220,976,0.8076127430699214,0.6773074253990284,0.7759147297269975,1.326844262295082,0.27343650618601034,0.010516107071145298,0.000999000999000999,38.404983562898714,0.40689915413480937,0.015390405553937992,0.000999000999000999,23.976988410014116,0.000999000999000999,0.000999000999000999
esm3_top4_bilstm_attn,train,1,flexibility_supporting,1,2,967,965,5942,5574,4748,0.8245918721778396,0.7015366430260047,0.805102509981718,0.8399326032013479,0.20738856830836516,0.0044209837599251565,0.000999000999000999,111.77332954645485,0.3099617156341353,0.0074204808150873,0.000999000999000999,66.72624142371797,0.000999000999000999,0.000999000999000999
esm3_top4_bilstm_attn,train,1,flexibility_supporting,1,3,967,966,5942,5861,4876,0.8262306193340676,0.703912227515519,0.8164843399344315,0.8632075471698113,0.2090851709778348,0.004413666927011002,0.000999000999000999,112.1124599387902,0.3163620928003458,0.007473121787716587,0.000999000999000999,66.92280165380498,0.000999000999000999,0.000999000999000999
esm3_top4_bilstm_attn,train,1,flexibility_supporting,2,3,967,965,5574,5861,4676,0.8178399650196765,0.691818316318982,0.8031249149027083,0.8462360992301112,0.2072073764780979,0.0044264805977169905,0.000999000999000999,109.47996475819367,0.3106210717089186,0.0073198125531009645,0.000999000999000999,67.28366875804018,0.000999000999000999,0.000999000999000999
esm3_top4_bilstm_attn,train,-1,rigidity_supporting,1,2,967,952,5519,5333,4589,0.8457427202359012,0.7327159508222897,0.8094968222733738,0.993244715624319,0.2795460354120599,0.005186094290569709,0.000999000999000999,87.38173469662226,0.39453626717340057,0.007995827259723712,0.000999000999000999,51.89713854752683,0.000999000999000999,0.000999000999000999
esm3_top4_bilstm_attn,train,-1,rigidity_supporting,1,3,967,956,5519,5508,4665,0.846105014963272,0.7332599811380069,0.8196324298907579,1.002572347266881,0.2853699123013499,0.004999652456818695,0.000999000999000999,89.58424064572917,0.40391226358326493,0.007801657640907695,0.000999000999000999,53.2861329530381,0.000999000999000999,0.000999000999000999
esm3_top4_bilstm_attn,train,-1,rigidity_supporting,2,3,967,952,5333,5508,4583,0.8454939581219445,0.7323426014701182,0.8086995613744429,1.0124372681649574,0.2776915475602238,0.005013404649383409,0.000999000999000999,90.68708506619573,0.39391038701984943,0.007770329676449171,0.000999000999000999,53.38115519239343,0.000999000999000999,0.000999000999000999
esm3_top4_bilstm_attn,validation,1,flexibility_supporting,1,2,208,208,1277,1183,1013,0.8235772357723578,0.7000691085003455,0.8184522136386855,0.8943731490621916,0.21061160997823627,0.009955573884376881,0.000999000999000999,49.16416714964136,0.3190588442650575,0.014695457416057997,0.000999000999000999,33.98283940640947,0.000999000999000999,0.000999000999000999
esm3_top4_bilstm_attn,validation,1,flexibility_supporting,1,3,208,208,1277,1271,1042,0.8178963893249608,0.6918990703851262,0.8059736526134397,0.9625719769673704,0.21095048383658332,0.009695874680557317,0.000999000999000999,49.6034243834614,0.32299305841912745,0.014416453596665935,0.000999000999000999,33.50203924674028,0.000999000999000999,0.000999000999000999
esm3_top4_bilstm_attn,validation,1,flexibility_supporting,2,3,208,208,1183,1271,980,0.7986960065199674,0.6648575305291723,0.7941217319290979,0.8622448979591837,0.2100734241594795,0.009834498430200803,0.000999000999000999,46.24375199177361,0.31759239541077317,0.014989950637526901,0.000999000999000999,31.789920330047483,0.000999000999000999,0.000999000999000999
esm3_top4_bilstm_attn,validation,-1,rigidity_supporting,1,2,208,208,1198,1138,983,0.8416095890410958,0.7265336289726534,0.8108957012728352,1.1119023397761953,0.27879521651031813,0.010696001922753202,0.000999000999000999,41.860352652880344,0.4089716675153398,0.015725029361967454,0.000999000999000999,25.559509270589253,0.000999000999000999,0.000999000999000999
esm3_top4_bilstm_attn,validation,-1,rigidity_supporting,1,3,208,208,1198,1189,997,0.8353581901968998,0.7172661870503597,0.7882724120848675,1.1624874623871615,0.28741244664772897,0.01101084440071543,0.000999000999000999,39.039125861655165,0.4162225814220493,0.015375320766663918,0.000999000999000999,24.197858133111602,0.000999000999000999,0.000999000999000999
esm3_top4_bilstm_attn,validation,-1,rigidity_supporting,2,3,208,208,1138,1189,979,0.8414267296948861,0.7262611275964391,0.8115572394564485,1.1378958120531155,0.2762919579163473,0.010966310222430834,0.000999000999000999,41.03195701683788,0.40410700553012957,0.01617941689485326,0.000999000999000999,25.18324588421543,0.000999000999000999,0.000999000999000999
esm3_top4_bilstm_attn,test,1,flexibility_supporting,1,2,208,208,1268,1179,981,0.8017981201471189,0.6691678035470668,0.7760092742235231,0.9653414882772681,0.2081851349202414,0.009729832808766154,0.000999000999000999,47.378272339016995,0.3155653160790664,0.01563115332538376,0.000999000999000999,29.456812850573986,0.000999000999000999,0.000999000999000999
esm3_top4_bilstm_attn,test,1,flexibility_supporting,1,3,208,208,1268,1284,1036,0.8119122257053292,0.683377308707124,0.8044297109643659,0.9777992277992278,0.2136457492455021,0.009683924227291326,0.000999000999000999,48.50632330825349,0.32605415536614907,0.015388490833747702,0.000999000999000999,31.086580273948382,0.000999000999000999,0.000999000999000999
esm3_top4_bilstm_attn,test,1,flexibility_supporting,2,3,208,208,1179,1284,1001,0.8128298822574097,0.6846785225718194,0.7938513586334062,0.8771228771228772,0.20983892904444573,0.009438175395957834,0.000999000999000999,50.31052863572944,0.31699197412885904,0.015231249908342157,0.000999000999000999,31.307961419723746,0.000999000999000999,0.000999000999000999
esm3_top4_bilstm_attn,test,-1,rigidity_supporting,1,2,208,206,1194,1139,962,0.8246892413201886,0.7016776075857039,0.801850993686525,1.0374220374220373,0.27401257227463993,0.010744650763966813,0.000999000999000999,39.802599889544894,0.3995678678534563,0.015995347079682077,0.000999000999000999,25.150009176360083,0.000999000999000999,0.000999000999000999
esm3_top4_bilstm_attn,test,-1,rigidity_supporting,1,3,208,208,1194,1201,1008,0.8417536534446765,0.7267483777937995,0.821318247522822,1.056547619047619,0.28336302984430356,0.010979981316287659,0.000999000999000999,40.38124794363539,0.41068603655369046,0.01627833726829373,0.000999000999000999,25.225685166810244,0.000999000999000999,0.000999000999000999
esm3_top4_bilstm_attn,test,-1,rigidity_supporting,2,3,208,208,1139,1201,972,0.8307692307692308,0.7105263157894737,0.8067300001828175,1.0679012345679013,0.2744924401800703,0.010898700020000056,0.000999000999000999,40.00787936260687,0.4020072116808566,0.01605497674076298,0.000999000999000999,25.20855651409229,0.000999000999000999,0.000999000999000999
esm3_top28_bilstm_attn,train,1,flexibility_supporting,1,2,967,965,6194,5810,4764,0.793735421526158,0.6580110497237569,0.7541874739523009,0.9298908480268682,0.21028690047890145,0.004325585037167228,0.000999000999000999,103.5060333799528,0.3130272925387216,0.007440459128315466,0.000999000999000999,59.292064347843386,0.000999000999000999,0.000999000999000999
esm3_top28_bilstm_attn,train,1,flexibility_supporting,1,3,967,964,6194,5839,4786,0.7954790991440206,0.6604112046364012,0.7570975601651259,0.9600919348098621,0.21271830720020735,0.004267042022565465,0.000999000999000999,104.91879270666954,0.31480071494434636,0.007108340221975353,0.000999000999000999,62.222239145704336,0.000999000999000999,0.000999000999000999
esm3_top28_bilstm_attn,train,1,flexibility_supporting,2,3,967,964,5810,5839,4608,0.7911408704609838,0.6544524925436728,0.7515877500911673,0.9244791666666666,0.21079937985216493,0.004440848785790516,0.000999000999000999,99.90277401722723,0.3092451491004593,0.0070688984221330894,0.000999000999000999,62.57588871353848,0.000999000999000999,0.000999000999000999
esm3_top28_bilstm_attn,train,-1,rigidity_supporting,1,2,967,957,5781,5540,4673,0.8255454465153255,0.7029181708784596,0.7785098967836184,1.1001497967044724,0.29428049401749196,0.004958096716513602,0.000999000999000999,82.41825446848291,0.4083133742252594,0.0077479843556156796,0.000999000999000999,47.779719933229266,0.000999000999000999,0.000999000999000999
esm3_top28_bilstm_attn,train,-1,rigidity_supporting,1,3,967,961,5781,5603,4693,0.8244905130007028,0.7013899267672994,0.7782974938406398,1.134881738759855,0.29601973679151106,0.0047547935859020354,0.000999000999000999,85.25505527258031,0.4097448030802261,0.007372429011631613,0.000999000999000999,49.990673383079255,0.000999000999000999,0.000999000999000999
esm3_top28_bilstm_attn,train,-1,rigidity_supporting,2,3,967,960,5540,5603,4550,0.8166561967154268,0.6901258910966176,0.7570768081101238,1.1386813186813187,0.2871425908596767,0.004785196337441499,0.000999000999000999,84.21458009649903,0.3935018940287531,0.007165128548209824,0.000999000999000999,50.74227372685565,0.000999000999000999,0.000999000999000999
esm3_top28_bilstm_attn,validation,1,flexibility_supporting,1,2,208,208,1361,1244,1058,0.8122840690978886,0.6839043309631545,0.8035903946161943,0.9083175803402647,0.21462445767232188,0.009752450494444785,0.000999000999000999,48.11917513020394,0.32496105395481345,0.014535042463247511,0.000999000999000999,32.92933900066794,0.000999000999000999,0.000999000999000999
esm3_top28_bilstm_attn,validation,1,flexibility_supporting,1,3,208,208,1361,1303,1092,0.8198198198198198,0.6946564885496184,0.8045416178289094,0.8315018315018315,0.2192647884313855,0.00968969124856426,0.000999000999000999,49.06159421629379,0.33443505234702525,0.015471714636038641,0.000999000999000999,30.384904100212236,0.000999000999000999,0.000999000999000999
esm3_top28_bilstm_attn,validation,1,flexibility_supporting,2,3,208,208,1244,1303,1031,0.8095798979191206,0.6800791556728232,0.785552979650229,0.7584869059165859,0.21268229056300086,0.009765019231831268,0.000999000999000999,47.864408048090425,0.3223638041979663,0.014771237981428388,0.000999000999000999,31.357505446369636,0.000999000999000999,0.000999000999000999
esm3_top28_bilstm_attn,validation,-1,rigidity_supporting,1,2,208,208,1280,1193,1051,0.8499797816417307,0.7390998593530239,0.8134934747535556,1.1113225499524262,0.29651984613387833,0.011038792479241515,0.000999000999000999,40.09315457749738,0.43046437532132165,0.015135842121193944,0.000999000999000999,25.30609769613664,0.000999000999000999,0.000999000999000999
esm3_top28_bilstm_attn,validation,-1,rigidity_supporting,1,3,208,208,1280,1232,1071,0.8527070063694268,0.7432338653712699,0.8266349638693854,1.2128851540616246,0.3016585806940942,0.010504053901881479,0.000999000999000999,42.03855852244637,0.4388855513718739,0.014790534135522889,0.000999000999000999,26.21605203332323,0.000999000999000999,0.000999000999000999
esm3_top28_bilstm_attn,validation,-1,rigidity_supporting,2,3,208,208,1193,1232,1015,0.8371134020618557,0.7198581560283688,0.7972265132084515,1.1625615763546797,0.288045055721889,0.011272173320517827,0.000999000999000999,38.30788331833802,0.42100660580686317,0.015146972061438726,0.000999000999000999,24.83796140083811,0.000999000999000999,0.000999000999000999
esm3_top28_bilstm_attn,test,1,flexibility_supporting,1,2,208,207,1360,1238,1040,0.8006158583525789,0.6675224646983312,0.7870580124627937,0.8865384615384615,0.21744634209998817,0.009252314175872522,0.000999000999000999,48.64470812848283,0.3265159878051471,0.014820473443864007,0.000999000999000999,31.074717444220436,0.000999000999000999,0.000999000999000999
esm3_top28_bilstm_attn,test,1,flexibility_supporting,1,3,208,206,1360,1276,1065,0.8080424886191199,0.6779121578612349,0.7987790437219382,0.9586854460093897,0.22355038583082174,0.009283512272028897,0.000999000999000999,48.942874067113515,0.3345190988129821,0.015255873196897267,0.000999000999000999,30.431555042249375,0.000999000999000999,0.000999000999000999
esm3_top28_bilstm_attn,test,1,flexibility_supporting,2,3,208,207,1238,1276,1030,0.8194112967382657,0.6940700808625337,0.8067230464745099,0.8446601941747572,0.21783240862235215,0.009074614796888182,0.000999000999000999,52.4802080197928,0.3264554040154158,0.015040156735373851,0.000999000999000999,31.932356218703738,0.000999000999000999,0.000999000999000999
esm3_top28_bilstm_attn,test,-1,rigidity_supporting,1,2,208,208,1277,1202,1039,0.8382412263009278,0.7215277777777778,0.8183292582667702,1.1299326275264678,0.2947149305465498,0.01098951702415131,0.000999000999000999,38.83818063098087,0.4234925265617244,0.015981400813967466,0.000999000999000999,24.706015217387282,0.000999000999000999,0.000999000999000999
esm3_top28_bilstm_attn,test,-1,rigidity_supporting,1,3,208,208,1277,1232,1066,0.8497409326424871,0.7387387387387387,0.84094307187972,0.9896810506566605,0.29854618184628706,0.010633172610475715,0.000999000999000999,41.39804487503359,0.42460781927976793,0.01595194014177969,0.000999000999000999,26.09934897571044,0.000999000999000999,0.000999000999000999
esm3_top28_bilstm_attn,test,-1,rigidity_supporting,2,3,208,207,1202,1232,1024,0.8414133114215283,0.7262411347517731,0.81907911459065,1.1181640625,0.28847496079360596,0.010863397384463782,0.000999000999000999,40.297354360269985,0.4108644418869935,0.01574227401040515,0.000999000999000999,25.931112140078326,0.000999000999000999,0.000999000999000999
