condition,sign,stage,evaluation_split,n_segments,n_proteins,weighted_auroc,weighted_average_precision,macro_within_protein_q8_auroc,base_auroc,delta_auroc_from_base
esm2_frozen_bilstm_attn,-1,00_biophysical_base,validation,1706,164,0.8122661394830235,0.7806991403817655,0.8110228357085042,0.8122661394830235,0.0
esm2_frozen_bilstm_attn,-1,00_biophysical_base,test,1785,164,0.814171996675143,0.7841923888825362,0.8355602708923021,0.814171996675143,0.0
esm2_frozen_bilstm_attn,-1,01_motif_only,validation,1706,164,0.6721506581485157,0.636211169364064,0.6364789700856894,0.8122661394830235,-0.1401154813345078
esm2_frozen_bilstm_attn,-1,01_motif_only,test,1785,164,0.665413263787545,0.6222652120175528,0.63867601781176,0.814171996675143,-0.148758732887598
esm2_frozen_bilstm_attn,-1,02_base_plus_locked_motifs,validation,1706,164,0.8050347269850068,0.7668407253886453,0.79695317129299,0.8122661394830235,-0.007231412498016732
esm2_frozen_bilstm_attn,-1,02_base_plus_locked_motifs,test,1785,164,0.8032565254907638,0.7605156434346286,0.8209059930593134,0.814171996675143,-0.010915471184379189
esm2_frozen_bilstm_attn,1,00_biophysical_base,validation,3712,197,0.7936947284570068,0.7799396488470829,0.7929875494986195,0.7936947284570068,0.0
esm2_frozen_bilstm_attn,1,00_biophysical_base,test,3891,196,0.8009645329737869,0.7957587354530027,0.8105480510152494,0.8009645329737869,0.0
esm2_frozen_bilstm_attn,1,01_motif_only,validation,3712,197,0.6491701986844928,0.6444900522822729,0.6011107262537202,0.7936947284570068,-0.14452452977251407
esm2_frozen_bilstm_attn,1,01_motif_only,test,3891,196,0.641219400684095,0.6444101067404321,0.5956349688481773,0.8009645329737869,-0.1597451322896919
esm2_frozen_bilstm_attn,1,02_base_plus_locked_motifs,validation,3712,197,0.7965495940674976,0.7821412567214513,0.799066652181587,0.7936947284570068,0.0028548656104907533
esm2_frozen_bilstm_attn,1,02_base_plus_locked_motifs,test,3891,196,0.7995128297235734,0.7972777358674409,0.8110644389208276,0.8009645329737869,-0.0014517032502134875
esm2_top28_bilstm_attn,-1,00_biophysical_base,validation,1675,176,0.8309873552380465,0.8044792995755952,0.8414481545445598,0.8309873552380465,0.0
esm2_top28_bilstm_attn,-1,00_biophysical_base,test,1602,165,0.8353577550394998,0.8097844822255968,0.8469625458971826,0.8353577550394998,0.0
esm2_top28_bilstm_attn,-1,01_motif_only,validation,1675,176,0.7237182061788078,0.6827993335195466,0.6878319046473809,0.8309873552380465,-0.10726914905923868
esm2_top28_bilstm_attn,-1,01_motif_only,test,1602,165,0.7150048957561367,0.6604288525234359,0.6628500604628818,0.8353577550394998,-0.12035285928336314
esm2_top28_bilstm_attn,-1,02_base_plus_locked_motifs,validation,1675,176,0.8283411481906368,0.7987917138187478,0.840248451318713,0.8309873552380465,-0.002646207047409699
esm2_top28_bilstm_attn,-1,02_base_plus_locked_motifs,test,1602,165,0.8279566128222728,0.7945343162596064,0.8409010818584585,0.8353577550394998,-0.007401142217226986
esm2_top28_bilstm_attn,1,00_biophysical_base,validation,3635,205,0.8177414923381854,0.811772500360456,0.8242373684688213,0.8177414923381854,0.0
esm2_top28_bilstm_attn,1,00_biophysical_base,test,3763,201,0.8143220768330041,0.8050891337918417,0.8186899070490656,0.8143220768330041,0.0
esm2_top28_bilstm_attn,1,01_motif_only,validation,3635,205,0.5337097932257829,0.5322023985643256,0.5244319605277447,0.8177414923381854,-0.28403169911240245
esm2_top28_bilstm_attn,1,01_motif_only,test,3763,201,0.5167667801219678,0.5142130458853015,0.5141206693589093,0.8143220768330041,-0.2975552967110363
esm2_top28_bilstm_attn,1,02_base_plus_locked_motifs,validation,3635,205,0.8184438118740676,0.813443705843657,0.8250746001161281,0.8177414923381854,0.0007023195358821788
esm2_top28_bilstm_attn,1,02_base_plus_locked_motifs,test,3763,201,0.8140072536393066,0.8047222105869594,0.8169589817549313,0.8143220768330041,-0.0003148231936974666
esm2_top4_bilstm_attn,-1,00_biophysical_base,validation,1707,184,0.8224687018182592,0.7927061801944566,0.8130594172551537,0.8224687018182592,0.0
esm2_top4_bilstm_attn,-1,00_biophysical_base,test,1774,175,0.823810235762549,0.8010969383421931,0.8444543722120683,0.823810235762549,0.0
esm2_top4_bilstm_attn,-1,01_motif_only,validation,1707,184,0.6931157774146794,0.6730879208729721,0.6630472303679668,0.8224687018182592,-0.1293529244035797
esm2_top4_bilstm_attn,-1,01_motif_only,test,1774,175,0.6882761796110173,0.6301535345301861,0.6476730709891088,0.823810235762549,-0.1355340561515317
esm2_top4_bilstm_attn,-1,02_base_plus_locked_motifs,validation,1707,184,0.8155403408904947,0.7948542351935995,0.8224071442482295,0.8224687018182592,-0.006928360927764499
esm2_top4_bilstm_attn,-1,02_base_plus_locked_motifs,test,1774,175,0.8124923348343274,0.767635244890851,0.8214399296407736,0.823810235762549,-0.011317900928221603
esm2_top4_bilstm_attn,1,00_biophysical_base,validation,3559,203,0.8146320367298614,0.8084830274860184,0.8162606834033233,0.8146320367298614,0.0
esm2_top4_bilstm_attn,1,00_biophysical_base,test,3642,200,0.8158247244704757,0.8014168375267574,0.8115668196098309,0.8158247244704757,0.0
esm2_top4_bilstm_attn,1,01_motif_only,validation,3559,203,0.5388958266514191,0.5320567185032281,0.5329671507629306,0.8146320367298614,-0.2757362100784423
esm2_top4_bilstm_attn,1,01_motif_only,test,3642,200,0.527495822032528,0.5219703374977912,0.5252458092507724,0.8158247244704757,-0.28832890243794773
esm2_top4_bilstm_attn,1,02_base_plus_locked_motifs,validation,3559,203,0.8144479388158741,0.8099684213116052,0.8158059144745046,0.8146320367298614,-0.00018409791398732445
esm2_top4_bilstm_attn,1,02_base_plus_locked_motifs,test,3642,200,0.8161346630675845,0.802673398978765,0.8104678305851599,0.8158247244704757,0.00030993859710881644
esm3_frozen_bilstm_attn,-1,00_biophysical_base,validation,1585,180,0.8153775251591928,0.7744460433770899,0.8192136306729406,0.8153775251591928,0.0
esm3_frozen_bilstm_attn,-1,00_biophysical_base,test,1669,179,0.8069560273633474,0.7792888542726958,0.8316487000184719,0.8069560273633474,0.0
esm3_frozen_bilstm_attn,-1,01_motif_only,validation,1585,180,0.6648926339382947,0.6067370642429457,0.6278621448749758,0.8153775251591928,-0.15048489122089814
esm3_frozen_bilstm_attn,-1,01_motif_only,test,1669,179,0.6689267195374435,0.633909894830329,0.6573732374160131,0.8069560273633474,-0.13802930782590384
esm3_frozen_bilstm_attn,-1,02_base_plus_locked_motifs,validation,1585,180,0.7951328143546657,0.747211235415941,0.7969608819840247,0.8153775251591928,-0.020244710804527166
esm3_frozen_bilstm_attn,-1,02_base_plus_locked_motifs,test,1669,179,0.7980829826916844,0.773652538673512,0.8167497998058835,0.8069560273633474,-0.008873044671662944
esm3_frozen_bilstm_attn,1,00_biophysical_base,validation,3367,201,0.807017987947392,0.7969023495919363,0.8095576356424893,0.807017987947392,0.0
esm3_frozen_bilstm_attn,1,00_biophysical_base,test,3478,203,0.8145302331432124,0.7976825679977603,0.8088230529303538,0.8145302331432124,0.0
esm3_frozen_bilstm_attn,1,01_motif_only,validation,3367,201,0.6246637513306748,0.6182996087792716,0.5842508287635894,0.807017987947392,-0.18235423661671724
esm3_frozen_bilstm_attn,1,01_motif_only,test,3478,203,0.6194483489483228,0.6197646480437258,0.5856432831753627,0.8145302331432124,-0.1950818841948896
esm3_frozen_bilstm_attn,1,02_base_plus_locked_motifs,validation,3367,201,0.8088612143461436,0.8011336505305214,0.8126619418780545,0.807017987947392,0.001843226398751563
esm3_frozen_bilstm_attn,1,02_base_plus_locked_motifs,test,3478,203,0.8173877551024775,0.8029003230417695,0.8096367596472684,0.8145302331432124,0.0028575219592651413
esm3_top28_bilstm_attn,-1,00_biophysical_base,validation,1659,180,0.8383341931191605,0.8160234332313507,0.8441712057263239,0.8383341931191605,0.0
esm3_top28_bilstm_attn,-1,00_biophysical_base,test,1723,177,0.8175532943805659,0.8095944116602,0.8450166395314528,0.8175532943805659,0.0
esm3_top28_bilstm_attn,-1,01_motif_only,validation,1659,180,0.671762137474252,0.6263841017804861,0.6284091291473181,0.8383341931191605,-0.1665720556449085
esm3_top28_bilstm_attn,-1,01_motif_only,test,1723,177,0.6820710441967842,0.6248300031532501,0.6574584490696556,0.8175532943805659,-0.13548225018378168
esm3_top28_bilstm_attn,-1,02_base_plus_locked_motifs,validation,1659,180,0.8286410336403335,0.8068349132082968,0.8290960652427187,0.8383341931191605,-0.009693159478826985
esm3_top28_bilstm_attn,-1,02_base_plus_locked_motifs,test,1723,177,0.8039694584614552,0.7909217462109378,0.8219527669506201,0.8175532943805659,-0.01358383591911072
esm3_top28_bilstm_attn,1,00_biophysical_base,validation,3386,202,0.8048457951689238,0.7999244408593595,0.8026500770122309,0.8048457951689238,0.0
esm3_top28_bilstm_attn,1,00_biophysical_base,test,3666,201,0.8146148525478552,0.8085041674883149,0.80460541871735,0.8146148525478552,0.0
esm3_top28_bilstm_attn,1,01_motif_only,validation,3386,202,0.5337556729212403,0.5290758006738521,0.5263668280713987,0.8048457951689238,-0.2710901222476836
esm3_top28_bilstm_attn,1,01_motif_only,test,3666,201,0.518321403797326,0.5154467228004257,0.516098992484436,0.8146148525478552,-0.2962934487505291
esm3_top28_bilstm_attn,1,02_base_plus_locked_motifs,validation,3386,202,0.8053362476437174,0.8006155384746612,0.8044759518755622,0.8048457951689238,0.0004904524747935124
esm3_top28_bilstm_attn,1,02_base_plus_locked_motifs,test,3666,201,0.8144188623157121,0.8077585535637314,0.798116384262227,0.8146148525478552,-0.00019599023214300626
esm3_top4_bilstm_attn,-1,00_biophysical_base,validation,1646,183,0.802473354311853,0.7548143096128797,0.8076520328714722,0.802473354311853,0.0
esm3_top4_bilstm_attn,-1,00_biophysical_base,test,1768,181,0.8106154415533428,0.7743595894802364,0.8266151217050207,0.8106154415533428,0.0
esm3_top4_bilstm_attn,-1,01_motif_only,validation,1646,183,0.661264485357413,0.6130497551605215,0.6187496745067977,0.802473354311853,-0.14120886895443996
esm3_top4_bilstm_attn,-1,01_motif_only,test,1768,181,0.664045411623207,0.6159959185713709,0.6442680973074919,0.8106154415533428,-0.1465700299301358
esm3_top4_bilstm_attn,-1,02_base_plus_locked_motifs,validation,1646,183,0.785906706405635,0.7284385175734241,0.7866173214168389,0.802473354311853,-0.01656664790621798
esm3_top4_bilstm_attn,-1,02_base_plus_locked_motifs,test,1768,181,0.8011501229405379,0.7656275314070567,0.8092474416178259,0.8106154415533428,-0.009465318612804863
esm3_top4_bilstm_attn,1,00_biophysical_base,validation,3466,204,0.8066461540959754,0.7995862846353087,0.8056496729686505,0.8066461540959754,0.0
esm3_top4_bilstm_attn,1,00_biophysical_base,test,3631,204,0.8126658456862372,0.7931039101504278,0.8044867867329152,0.8126658456862372,0.0
esm3_top4_bilstm_attn,1,01_motif_only,validation,3466,204,0.5355476117491761,0.5298160485112735,0.5267048126326286,0.8066461540959754,-0.2710985423467993
esm3_top4_bilstm_attn,1,01_motif_only,test,3631,204,0.5196030785737468,0.5166209854721354,0.5169152125037499,0.8126658456862372,-0.29306276711249046
esm3_top4_bilstm_attn,1,02_base_plus_locked_motifs,validation,3466,204,0.8086613523613566,0.8004239200028215,0.8094248536758236,0.8066461540959754,0.002015198265381213
esm3_top4_bilstm_attn,1,02_base_plus_locked_motifs,test,3631,204,0.8121019605632331,0.7928606561345343,0.8013674677778742,0.8126658456862372,-0.0005638851230040931
