condition,sign,stage,evaluation_split,n_pairs,n_proteins,auroc,average_precision,macro_protein_auroc,delta_auroc_from_previous_stage
esm2_frozen_bilstm_attn,-1,00_distance_q8,validation,8448,205,0.5038114316832132,0.5060220216534919,0.49857566686548815,
esm2_frozen_bilstm_attn,-1,00_distance_q8,test,7991,201,0.5070843855736923,0.51033356436888,0.5028145359560415,
esm2_frozen_bilstm_attn,-1,01_add_query_biophysics,validation,8448,205,0.8691218265906475,0.8402698779702369,0.8851869461520762,0.36531039490743433
esm2_frozen_bilstm_attn,-1,01_add_query_biophysics,test,7991,201,0.8767512230042952,0.8388891987395386,0.8770762031896554,0.3696668374306029
esm2_frozen_bilstm_attn,-1,02_add_source_mechanism,validation,8448,205,0.8695732931760672,0.8403105882931278,0.8861256147676088,0.0004514665854197242
esm2_frozen_bilstm_attn,-1,02_add_source_mechanism,test,7991,201,0.8771333433311044,0.8383649018152118,0.8782506615508733,0.0003821203268091766
esm2_frozen_bilstm_attn,1,00_distance_q8,validation,8716,206,0.5158138705886317,0.5117409098485649,0.5268533599259475,
esm2_frozen_bilstm_attn,1,00_distance_q8,test,8933,204,0.5129197419841237,0.5089536050700711,0.5132974061494565,
esm2_frozen_bilstm_attn,1,01_add_query_biophysics,validation,8716,206,0.8186728616079327,0.7976403644048785,0.8386796507437156,0.302858991019301
esm2_frozen_bilstm_attn,1,01_add_query_biophysics,test,8933,204,0.8189410481443831,0.7941932161016619,0.8317753732518858,0.30602130616025935
esm2_frozen_bilstm_attn,1,02_add_source_mechanism,validation,8716,206,0.8204228763511066,0.7978504113596412,0.8395209980528295,0.0017500147431738222
esm2_frozen_bilstm_attn,1,02_add_source_mechanism,test,8933,204,0.8198250953924877,0.7944653482057719,0.8316296579466272,0.0008840472481046469
esm2_top28_bilstm_attn,-1,00_distance_q8,validation,8093,205,0.5012077666440082,0.5079327186333791,0.5037677686849567,
esm2_top28_bilstm_attn,-1,00_distance_q8,test,7773,200,0.5118547177548725,0.5179743334184514,0.5180475287654633,
esm2_top28_bilstm_attn,-1,01_add_query_biophysics,validation,8093,205,0.8942961265108914,0.8705946005985024,0.9010890370018343,0.3930883598668832
esm2_top28_bilstm_attn,-1,01_add_query_biophysics,test,7773,200,0.8976764337424316,0.871016062450932,0.9001476645593987,0.3858217159875591
esm2_top28_bilstm_attn,-1,02_add_source_mechanism,validation,8093,205,0.8935380774306948,0.8683161502667821,0.9009214851878665,-0.00075804908019661
esm2_top28_bilstm_attn,-1,02_add_source_mechanism,test,7773,200,0.8978584351113148,0.8705002561142046,0.8999272977793789,0.00018200136888324447
esm2_top28_bilstm_attn,1,00_distance_q8,validation,8175,205,0.5131632627653482,0.5158855388177574,0.5202879003732742,
esm2_top28_bilstm_attn,1,00_distance_q8,test,8407,205,0.5130568767158765,0.5120510557573608,0.5214998847612166,
esm2_top28_bilstm_attn,1,01_add_query_biophysics,validation,8175,205,0.844303477131644,0.8349522906254685,0.8646643533776954,0.3311402143662958
esm2_top28_bilstm_attn,1,01_add_query_biophysics,test,8407,205,0.8278120226758879,0.8143411437569088,0.8369151707401886,0.3147551459600114
esm2_top28_bilstm_attn,1,02_add_source_mechanism,validation,8175,205,0.8449900712894347,0.8346042491630493,0.8645654660811294,0.0006865941577907098
esm2_top28_bilstm_attn,1,02_add_source_mechanism,test,8407,205,0.828056351496637,0.8142442243107076,0.8361971803315441,0.0002443288207490957
esm2_top4_bilstm_attn,-1,00_distance_q8,validation,8043,203,0.505052317939026,0.5006773552637289,0.506711562465884,
esm2_top4_bilstm_attn,-1,00_distance_q8,test,7583,200,0.5077838302253668,0.5056837024222506,0.5133396374831777,
esm2_top4_bilstm_attn,-1,01_add_query_biophysics,validation,8043,203,0.8796577336177247,0.8534992018761025,0.8866192667460947,0.37460541567869865
esm2_top4_bilstm_attn,-1,01_add_query_biophysics,test,7583,200,0.8981291675797515,0.8737022191333275,0.9024760282974768,0.3903453373543847
esm2_top4_bilstm_attn,-1,02_add_source_mechanism,validation,8043,203,0.8795634353078348,0.8530148928104913,0.8859828623751298,-9.42983098899397e-05
esm2_top4_bilstm_attn,-1,02_add_source_mechanism,test,7583,200,0.8977850824559022,0.8724386497219101,0.9023738751157818,-0.00034408512384931367
esm2_top4_bilstm_attn,1,00_distance_q8,validation,8241,203,0.5181740461558215,0.5208408918496659,0.5338942533100393,
esm2_top4_bilstm_attn,1,00_distance_q8,test,8433,203,0.525059273530115,0.5230953712033993,0.5411065927362346,
esm2_top4_bilstm_attn,1,01_add_query_biophysics,validation,8241,203,0.8413774418163592,0.8301912440458855,0.8522873669829943,0.3232033956605377
esm2_top4_bilstm_attn,1,01_add_query_biophysics,test,8433,203,0.8247501511721111,0.8158101533198089,0.8412603727009489,0.2996908776419962
esm2_top4_bilstm_attn,1,02_add_source_mechanism,validation,8241,203,0.8420384093899567,0.8299878151695497,0.8524126356471946,0.0006609675735974596
esm2_top4_bilstm_attn,1,02_add_source_mechanism,test,8433,203,0.8252189956546807,0.8157490523386697,0.8413543068850785,0.0004688444825695637
esm3_frozen_bilstm_attn,-1,00_distance_q8,validation,8246,204,0.5074295588743538,0.5068350696257519,0.5001012415106327,
esm3_frozen_bilstm_attn,-1,00_distance_q8,test,7959,205,0.48952008197880714,0.49345747439975796,0.5082534109894626,
esm3_frozen_bilstm_attn,-1,01_add_query_biophysics,validation,8246,204,0.8816730861147266,0.8542945996160615,0.8934969772945935,0.3742435272403728
esm3_frozen_bilstm_attn,-1,01_add_query_biophysics,test,7959,205,0.8708122130640716,0.8450112813495694,0.8802586725882227,0.3812921310852645
esm3_frozen_bilstm_attn,-1,02_add_source_mechanism,validation,8246,204,0.881455133720118,0.8530656664323766,0.8933239479698752,-0.0002179523946086448
esm3_frozen_bilstm_attn,-1,02_add_source_mechanism,test,7959,205,0.8704525328157711,0.843263642533076,0.8799651793464762,-0.00035968024830057566
esm3_frozen_bilstm_attn,1,00_distance_q8,validation,8324,201,0.5192067827255598,0.5126063051778804,0.5324056110699867,
esm3_frozen_bilstm_attn,1,00_distance_q8,test,8505,203,0.5023793073777689,0.4976066454863952,0.5199722481076875,
esm3_frozen_bilstm_attn,1,01_add_query_biophysics,validation,8324,201,0.7961703567206089,0.7725386178970881,0.8132321644115671,0.2769635739950491
esm3_frozen_bilstm_attn,1,01_add_query_biophysics,test,8505,203,0.791749375014654,0.7643663720452955,0.80569302702784,0.2893700676368851
esm3_frozen_bilstm_attn,1,02_add_source_mechanism,validation,8324,201,0.7967384703133082,0.7724825704720973,0.8128473885770037,0.0005681135926993708
esm3_frozen_bilstm_attn,1,02_add_source_mechanism,test,8505,203,0.7917032006416413,0.7634546768906391,0.8061526942371271,-4.617437301268623e-05
esm3_top28_bilstm_attn,-1,00_distance_q8,validation,8438,203,0.5076629078965073,0.4998878197189303,0.5173919847335184,
esm3_top28_bilstm_attn,-1,00_distance_q8,test,7988,201,0.5168824541821779,0.5146398500838621,0.5193852497761869,
esm3_top28_bilstm_attn,-1,01_add_query_biophysics,validation,8438,203,0.8831483443124479,0.8575135629589966,0.8933222409033975,0.3754854364159407
esm3_top28_bilstm_attn,-1,01_add_query_biophysics,test,7988,201,0.8762166707883979,0.8458566110764778,0.8766558647711531,0.35933421660622
esm3_top28_bilstm_attn,-1,02_add_source_mechanism,validation,8438,203,0.8828733397547881,0.8558565727470122,0.8939511679845773,-0.00027500455765983034
esm3_top28_bilstm_attn,-1,02_add_source_mechanism,test,7988,201,0.876516193701932,0.8458183968674735,0.8769873735013147,0.00029952291353407823
esm3_top28_bilstm_attn,1,00_distance_q8,validation,8310,207,0.5110490357001417,0.5120352323918035,0.5403661264474537,
esm3_top28_bilstm_attn,1,00_distance_q8,test,8434,201,0.5180113825000472,0.5159257110829822,0.5179521589300414,
esm3_top28_bilstm_attn,1,01_add_query_biophysics,validation,8310,207,0.7902291788079416,0.7709683184725764,0.8117239548042825,0.2791801431077999
esm3_top28_bilstm_attn,1,01_add_query_biophysics,test,8434,201,0.7884883097918651,0.7670973547477685,0.805160973272831,0.27047692729181794
esm3_top28_bilstm_attn,1,02_add_source_mechanism,validation,8310,207,0.79109561764873,0.7708202330600922,0.8118407245196207,0.0008664388407884083
esm3_top28_bilstm_attn,1,02_add_source_mechanism,test,8434,201,0.7886646571169192,0.7668514679470264,0.8056007701734834,0.00017634732505411588
esm3_top4_bilstm_attn,-1,00_distance_q8,validation,8117,205,0.510620946678011,0.503567204316016,0.5169196475049694,
esm3_top4_bilstm_attn,-1,00_distance_q8,test,7747,199,0.5063263298489198,0.49816335709285725,0.5126864113249986,
esm3_top4_bilstm_attn,-1,01_add_query_biophysics,validation,8117,205,0.8859094625181664,0.8510314291581792,0.8899209264831572,0.37528851584015543
esm3_top4_bilstm_attn,-1,01_add_query_biophysics,test,7747,199,0.876166092151672,0.8430232357726449,0.8747644321443956,0.3698397623027522
esm3_top4_bilstm_attn,-1,02_add_source_mechanism,validation,8117,205,0.8854020364795487,0.8496774937855358,0.890599768653661,-0.0005074260386176421
esm3_top4_bilstm_attn,-1,02_add_source_mechanism,test,7747,199,0.8764045625288258,0.8431290702921599,0.8745416790511741,0.00023847037715385433
esm3_top4_bilstm_attn,1,00_distance_q8,validation,8279,201,0.5129116885718014,0.5109299268332099,0.5396994879413944,
esm3_top4_bilstm_attn,1,00_distance_q8,test,8271,203,0.5124082887477592,0.5136060358667374,0.5391924234866275,
esm3_top4_bilstm_attn,1,01_add_query_biophysics,validation,8279,201,0.8044434201843155,0.7815987998034113,0.8136055168837253,0.2915317316125141
esm3_top4_bilstm_attn,1,01_add_query_biophysics,test,8271,203,0.81067817824461,0.7886437255918385,0.8290801383635057,0.29826988949685074
esm3_top4_bilstm_attn,1,02_add_source_mechanism,validation,8279,201,0.8048839116953415,0.7814235433471532,0.8129157533676566,0.0004404915110259866
esm3_top4_bilstm_attn,1,02_add_source_mechanism,test,8271,203,0.811244534220449,0.7884007510633005,0.8298442617987495,0.0005663559758389836
