condition,split,catalog_scope,sign,direction,n_protein_rows,mean_median_nearest_apex_distance,median_median_nearest_apex_distance,n_finite_median_nearest_apex_distance,mean_fraction_within_0_residues,median_fraction_within_0_residues,n_finite_fraction_within_0_residues,mean_fraction_within_2_residues,median_fraction_within_2_residues,n_finite_fraction_within_2_residues,mean_fraction_within_5_residues,median_fraction_within_5_residues,n_finite_fraction_within_5_residues,mean_fraction_within_10_residues,median_fraction_within_10_residues,n_finite_fraction_within_10_residues,mean_source_present_target_missing,median_source_present_target_missing,n_finite_source_present_target_missing,test_set_primary
esm2_frozen_bilstm_attn,test,mean_candidate,-1,observed_to_shifted_attention,208,13.764331210191083,2.0,157,0.17325734325734324,0.0,185,0.5165874065874067,0.5,185,0.5485008085008085,0.5,185,0.5622459822459822,0.6,185,0.1346153846153846,0.0,208,True
esm2_frozen_bilstm_attn,test,mean_candidate,-1,shifted_attention_to_observed,208,7.369426751592357,1.0,157,0.20257936507936508,0.0,170,0.6696638655462185,0.75,170,0.7183776844070962,0.8571428571428571,170,0.7365289449112978,1.0,170,0.0625,0.0,208,True
esm2_frozen_bilstm_attn,test,mean_candidate,1,observed_to_shifted_attention,208,46.3562091503268,29.5,153,0.147082335565984,0.0,206,0.27850249236938046,0.2222222222222222,206,0.2872133877307612,0.25,206,0.2959223567552643,0.25,206,0.2548076923076923,0.0,208,True
esm2_frozen_bilstm_attn,test,mean_candidate,1,shifted_attention_to_observed,208,2.8986928104575163,0.5,153,0.4865649963689179,0.5,153,0.9002178649237473,1.0,153,0.9293028322440088,1.0,153,0.9309368191721134,1.0,153,0.0,0.0,208,True
esm2_frozen_bilstm_attn,test,seed_stable,-1,observed_to_shifted_attention,208,17.421641791044777,3.75,134,0.16335598043931376,0.0,180,0.4378823953823954,0.5,180,0.45490219656886327,0.5,180,0.4584736251402919,0.5,180,0.22115384615384615,0.0,208,True
esm2_frozen_bilstm_attn,test,seed_stable,-1,shifted_attention_to_observed,208,5.813432835820896,1.0,134,0.24379826254826253,0.0,148,0.7195972758472758,0.8571428571428571,148,0.7556038181038179,1.0,148,0.7617975117975118,1.0,148,0.0673076923076923,0.0,208,True
esm2_frozen_bilstm_attn,test,seed_stable,1,observed_to_shifted_attention,208,55.75,39.0,126,0.11740129853519946,0.0,204,0.20689671096017848,0.14285714285714285,204,0.21393647130876234,0.16666666666666666,204,0.21760127056179684,0.16666666666666666,204,0.375,0.0,208,True
esm2_frozen_bilstm_attn,test,seed_stable,1,shifted_attention_to_observed,208,1.8888888888888888,0.5,126,0.49841269841269836,0.5,126,0.9210317460317461,1.0,126,0.9593915343915344,1.0,126,0.9593915343915344,1.0,126,0.0,0.0,208,True
esm2_top28_bilstm_attn,test,mean_candidate,-1,observed_to_shifted_attention,208,19.52980132450331,5.0,151,0.15276573681746097,0.0,174,0.44540087945260354,0.4,174,0.5217033126515884,0.5,174,0.5440988609092058,0.5,174,0.11057692307692307,0.0,208,True
esm2_top28_bilstm_attn,test,mean_candidate,-1,shifted_attention_to_observed,208,5.105960264900662,1.5,151,0.21013730645632486,0.0,163,0.6635845749342681,0.75,163,0.7920245398773007,1.0,163,0.8238241308793454,1.0,163,0.057692307692307696,0.0,208,True
esm2_top28_bilstm_attn,test,mean_candidate,1,observed_to_shifted_attention,208,42.30681818181818,25.75,132,0.0769232380044737,0.0,207,0.21456103230893464,0.16666666666666666,207,0.22274098842367338,0.18181818181818182,207,0.2327392630958611,0.2,207,0.3605769230769231,0.0,208,True
esm2_top28_bilstm_attn,test,mean_candidate,1,shifted_attention_to_observed,208,1.7916666666666667,1.0,132,0.32321729196729193,0.25,132,0.8906265031265032,1.0,132,0.9304292929292929,1.0,132,0.945580808080808,1.0,132,0.0,0.0,208,True
esm2_top28_bilstm_attn,test,seed_stable,-1,observed_to_shifted_attention,208,29.367857142857144,12.75,140,0.128433656901865,0.0,173,0.38545221637707183,0.3333333333333333,173,0.44007211478309743,0.4,173,0.45617450949820887,0.5,173,0.15865384615384615,0.0,208,True
esm2_top28_bilstm_attn,test,seed_stable,-1,shifted_attention_to_observed,208,5.646428571428571,1.0,140,0.219481981981982,0.0,148,0.6982947232947233,1.0,148,0.8116956241956241,1.0,148,0.8432271557271557,1.0,148,0.038461538461538464,0.0,208,True
esm2_top28_bilstm_attn,test,seed_stable,1,observed_to_shifted_attention,208,51.3034188034188,35.0,117,0.055861947326141706,0.0,207,0.16468975398003532,0.1,207,0.17035170475068173,0.1111111111111111,207,0.1747081574766997,0.1111111111111111,207,0.4326923076923077,0.0,208,True
esm2_top28_bilstm_attn,test,seed_stable,1,shifted_attention_to_observed,208,1.7606837606837606,1.0,117,0.3254578754578754,0.0,117,0.902055352055352,1.0,117,0.9448717948717948,1.0,117,0.9527065527065527,1.0,117,0.0,0.0,208,True
esm2_top4_bilstm_attn,test,mean_candidate,-1,observed_to_shifted_attention,208,16.062874251497007,3.0,167,0.15007395382395383,0.0,180,0.47804132595799265,0.5,180,0.5704978354978354,0.5584415584415584,180,0.6011658249158249,0.6666666666666666,180,0.0625,0.0,208,True
esm2_top4_bilstm_attn,test,mean_candidate,-1,shifted_attention_to_observed,208,4.697604790419161,1.5,167,0.19151100587564673,0.0,181,0.6197119179163378,0.6666666666666666,181,0.7481233008857318,1.0,181,0.7754406735069719,1.0,181,0.0673076923076923,0.0,208,True
esm2_top4_bilstm_attn,test,mean_candidate,1,observed_to_shifted_attention,208,30.185714285714287,19.25,140,0.09511376975145092,0.0,207,0.2520874723773275,0.2,207,0.27046029654725307,0.2222222222222222,207,0.2904712772466395,0.25,207,0.32211538461538464,0.0,208,True
esm2_top4_bilstm_attn,test,mean_candidate,1,shifted_attention_to_observed,208,1.792857142857143,1.0,140,0.29920454545454545,0.2111111111111111,140,0.8601641414141413,1.0,140,0.9251443001443002,1.0,140,0.9479419191919192,1.0,140,0.0,0.0,208,True
esm2_top4_bilstm_attn,test,seed_stable,-1,observed_to_shifted_attention,208,24.943708609271525,14.0,151,0.12776286407571322,0.0,179,0.37767539722846977,0.3333333333333333,179,0.45148492103799365,0.4,179,0.4655112578296936,0.45454545454545453,179,0.1346153846153846,0.0,208,True
esm2_top4_bilstm_attn,test,seed_stable,-1,shifted_attention_to_observed,208,4.824503311258278,1.0,151,0.21528152141359685,0.0,159,0.6701182988918838,0.8,159,0.7961690126784466,1.0,159,0.8185559548767094,1.0,159,0.038461538461538464,0.0,208,True
esm2_top4_bilstm_attn,test,seed_stable,1,observed_to_shifted_attention,208,40.9646017699115,29.5,113,0.06357301447881158,0.0,207,0.17327965914922436,0.1,207,0.18272487040602983,0.125,207,0.19476370382167482,0.13333333333333333,207,0.4519230769230769,0.0,208,True
esm2_top4_bilstm_attn,test,seed_stable,1,shifted_attention_to_observed,208,1.9424778761061947,1.0,113,0.2915402444163506,0.0,113,0.8848609355246523,1.0,113,0.9415191740412978,1.0,113,0.960693215339233,1.0,113,0.0,0.0,208,True
esm3_frozen_bilstm_attn,test,mean_candidate,-1,observed_to_shifted_attention,208,9.823033707865168,2.5,178,0.18082062139439192,0.0,183,0.5168395660198938,0.5,183,0.6681218295972394,0.75,183,0.7170529834464261,0.8,183,0.02403846153846154,0.0,208,True
esm3_frozen_bilstm_attn,test,mean_candidate,-1,shifted_attention_to_observed,208,8.561797752808989,2.5,178,0.18131141345427063,0.0,189,0.4998305045924094,0.5,189,0.6578855447903067,0.7,189,0.7074705864388404,0.8,189,0.052884615384615384,0.0,208,True
esm3_frozen_bilstm_attn,test,mean_candidate,1,observed_to_shifted_attention,208,34.00613496932515,24.0,163,0.11400243610388537,0.0,207,0.2696644203890581,0.25,207,0.29493000290101734,0.2727272727272727,207,0.3172247103406523,0.2857142857142857,207,0.21153846153846154,0.0,208,True
esm3_frozen_bilstm_attn,test,mean_candidate,1,shifted_attention_to_observed,208,2.6503067484662575,1.0,163,0.28937335670464504,0.25,163,0.7705813613789073,1.0,163,0.8594434706397897,1.0,163,0.8993353783231084,1.0,163,0.0,0.0,208,True
esm3_frozen_bilstm_attn,test,seed_stable,-1,observed_to_shifted_attention,208,21.19182389937107,11.0,159,0.11470029970029968,0.0,180,0.3866507720674387,0.3333333333333333,180,0.48087956796290127,0.452991452991453,180,0.5059898589065256,0.5,180,0.10096153846153846,0.0,208,True
esm3_frozen_bilstm_attn,test,seed_stable,-1,shifted_attention_to_observed,208,8.455974842767295,2.0,159,0.19146464646464642,0.0,165,0.5800913900913901,0.6,165,0.7267171717171717,1.0,165,0.7602693602693602,1.0,165,0.028846153846153848,0.0,208,True
esm3_frozen_bilstm_attn,test,seed_stable,1,observed_to_shifted_attention,208,48.07539682539682,30.0,126,0.09308930282231252,0.0,206,0.19143486233292062,0.125,206,0.20287854809699468,0.14285714285714285,206,0.21127524040145398,0.14285714285714285,206,0.38461538461538464,0.0,208,True
esm3_frozen_bilstm_attn,test,seed_stable,1,shifted_attention_to_observed,208,2.7936507936507935,1.0,126,0.3576539201539202,0.3333333333333333,126,0.8232323232323233,1.0,126,0.9003427128427128,1.0,126,0.9181998556998556,1.0,126,0.0,0.0,208,True
esm3_top28_bilstm_attn,test,mean_candidate,-1,observed_to_shifted_attention,208,9.607558139534884,3.0,172,0.14407644228086214,0.0,181,0.4765671406555384,0.5,181,0.614526250299731,0.6666666666666666,181,0.6643381020452843,0.7,181,0.04326923076923077,0.0,208,True
esm3_top28_bilstm_attn,test,mean_candidate,-1,shifted_attention_to_observed,208,9.369186046511627,2.5,172,0.1389743764089314,0.0,191,0.4705233974867483,0.5,191,0.6127385412725727,0.6666666666666666,191,0.6674027979001801,0.75,191,0.09134615384615384,0.0,208,True
esm3_top28_bilstm_attn,test,mean_candidate,1,observed_to_shifted_attention,208,43.52205882352941,26.5,136,0.07230521638511694,0.0,203,0.18488387515900515,0.14285714285714285,203,0.2112066920736033,0.16666666666666666,203,0.2360026473498541,0.2,203,0.32211538461538464,0.0,208,True
esm3_top28_bilstm_attn,test,mean_candidate,1,shifted_attention_to_observed,208,3.224264705882353,1.0,136,0.3170693277310925,0.25,136,0.7672443977591037,1.0,136,0.8557422969187675,1.0,136,0.8899334733893557,1.0,136,0.0,0.0,208,True
esm3_top28_bilstm_attn,test,seed_stable,-1,observed_to_shifted_attention,208,22.864238410596027,14.0,151,0.10059335726002393,0.0,180,0.346880357297024,0.3333333333333333,180,0.4151016576016576,0.3333333333333333,180,0.43714530839530846,0.41428571428571426,180,0.13942307692307693,0.0,208,True
esm3_top28_bilstm_attn,test,seed_stable,-1,shifted_attention_to_observed,208,9.264900662251655,2.0,151,0.16532549728752258,0.0,158,0.5827380952380952,0.6,158,0.689413803496082,0.8166666666666667,158,0.7278104279686558,1.0,158,0.03365384615384615,0.0,208,True
esm3_top28_bilstm_attn,test,seed_stable,1,observed_to_shifted_attention,208,62.364583333333336,41.0,96,0.03859755907604898,0.0,201,0.10308992539018878,0.0,201,0.1188326403866351,0.0,201,0.13138698764247492,0.0,201,0.5048076923076923,1.0,208,True
esm3_top28_bilstm_attn,test,seed_stable,1,shifted_attention_to_observed,208,4.739583333333333,1.0,96,0.2911706349206349,0.0,96,0.7602926587301587,1.0,96,0.857266865079365,1.0,96,0.8743799603174601,1.0,96,0.0,0.0,208,True
esm3_top4_bilstm_attn,test,mean_candidate,-1,observed_to_shifted_attention,208,10.856707317073171,2.5,164,0.14005463949284175,0.0,178,0.49575368451772944,0.5,178,0.6100181185855342,0.6666666666666666,178,0.6436615350941194,0.7142857142857143,178,0.0673076923076923,0.0,208,True
esm3_top4_bilstm_attn,test,mean_candidate,-1,shifted_attention_to_observed,208,7.966463414634147,2.0,164,0.16302390327814054,0.0,177,0.5382350543367492,0.5,177,0.67188735620939,0.7142857142857143,177,0.7136461466969942,0.8,177,0.0625,0.0,208,True
esm3_top4_bilstm_attn,test,mean_candidate,1,observed_to_shifted_attention,208,34.07142857142857,26.0,140,0.10289440169136242,0.0,206,0.21545569803537296,0.17424242424242425,206,0.2406003484227418,0.2,206,0.2620186257506857,0.2222222222222222,206,0.3173076923076923,0.0,208,True
esm3_top4_bilstm_attn,test,mean_candidate,1,shifted_attention_to_observed,208,3.817857142857143,1.0,140,0.35128684807256233,0.25,140,0.7622278911564626,1.0,140,0.8283163265306123,1.0,140,0.8727891156462585,1.0,140,0.0,0.0,208,True
esm3_top4_bilstm_attn,test,seed_stable,-1,observed_to_shifted_attention,208,22.73856209150327,11.0,153,0.09710285033318741,0.0,178,0.3810443925612465,0.3333333333333333,178,0.45749165004782977,0.5,178,0.4823645767465992,0.5,178,0.1201923076923077,0.0,208,True
esm3_top4_bilstm_attn,test,seed_stable,-1,shifted_attention_to_observed,208,5.69281045751634,2.0,153,0.1693202843509592,0.0,163,0.6085840880319408,0.6666666666666666,163,0.7348646411529847,1.0,163,0.7752093680007791,1.0,163,0.04807692307692308,0.0,208,True
esm3_top4_bilstm_attn,test,seed_stable,1,observed_to_shifted_attention,208,44.86138613861386,36.0,101,0.07733681472600847,0.0,206,0.1405398058627269,0.0,206,0.15221375758522232,0.0,206,0.16100086888394188,0.0,206,0.5048076923076923,1.0,208,True
esm3_top4_bilstm_attn,test,seed_stable,1,shifted_attention_to_observed,208,2.8415841584158414,1.0,101,0.39839698255539835,0.0,101,0.8253182461103253,1.0,101,0.9037010843941536,1.0,101,0.9136020744931636,1.0,101,0.0,0.0,208,True
