condition,split,catalog_scope,sign,n_protein_rows,mean_jaccard,median_jaccard,n_finite_jaccard,mean_dice,median_dice,n_finite_dice,mean_fraction_observed_residues_covered_by_shifted_attention,median_fraction_observed_residues_covered_by_shifted_attention,n_finite_fraction_observed_residues_covered_by_shifted_attention,mean_fraction_shifted_attention_residues_covered_by_observed,median_fraction_shifted_attention_residues_covered_by_observed,n_finite_fraction_shifted_attention_residues_covered_by_observed,mean_observed_band_residue_coverage,median_observed_band_residue_coverage,n_finite_observed_band_residue_coverage,mean_shifted_attention_band_residue_coverage,median_shifted_attention_band_residue_coverage,n_finite_shifted_attention_band_residue_coverage,mean_observed_minus_shifted_attention_band_residue_coverage,median_observed_minus_shifted_attention_band_residue_coverage,n_finite_observed_minus_shifted_attention_band_residue_coverage,mean_observed_minus_shifted_attention_n_bands,median_observed_minus_shifted_attention_n_bands,n_finite_observed_minus_shifted_attention_n_bands,test_set_primary
esm2_frozen_bilstm_attn,test,mean_candidate,-1,208,0.3568794395465105,0.36363636363636365,198,0.46852293224221675,0.5333333333333333,198,0.526555940934316,0.5357142857142857,185,0.6008174835425041,0.6666666666666666,170,0.08068219722944733,0.08316044260027662,208,0.06696451719128042,0.06550437298612481,208,0.013717680038166903,0.00975258044930176,208,0.8173076923076923,1.0,208,True
esm2_frozen_bilstm_attn,test,mean_candidate,1,208,0.2222732226789846,0.19523809523809524,206,0.31798182901171335,0.32666666666666666,206,0.26535216151187335,0.2011904761904762,206,0.7321884990781097,0.75,153,0.10610140120423596,0.10301477238468496,208,0.037848078393212345,0.028039832285115304,208,0.0682533228110236,0.06932013201320132,208,3.9423076923076925,3.0,208,True
esm2_frozen_bilstm_attn,test,seed_stable,-1,208,0.3009420045446699,0.29411764705882354,194,0.3993460081066868,0.45454545454545453,194,0.42884728548486484,0.45454545454545453,180,0.6195762608093583,0.6899038461538461,148,0.07182973808241767,0.07380174291938998,208,0.0445390930989284,0.03973529297103427,208,0.027290644983489272,0.024065925582831556,208,1.2692307692307692,1.0,208,True
esm2_frozen_bilstm_attn,test,seed_stable,1,208,0.16333319200025584,0.12,204,0.24183638335148275,0.21428571428571427,204,0.19681261359749425,0.12701612903225806,204,0.737134733615089,0.75,126,0.09881861946999998,0.09370279456193353,208,0.02515642187978362,0.016374765436511483,208,0.07366219759021636,0.07091694183388367,208,4.081730769230769,4.0,208,True
esm2_top28_bilstm_attn,test,mean_candidate,-1,208,0.37004655958979926,0.36602870813397126,186,0.48240679248231666,0.5358974358974359,186,0.5059405122614025,0.5086206896551724,174,0.6499311789051789,0.7230769230769231,163,0.09292686818763612,0.0959255664638471,208,0.0704933213227131,0.05794029323441088,208,0.022433546864923024,0.018318242790073776,208,1.2932692307692308,1.0,208,True
esm2_top28_bilstm_attn,test,mean_candidate,1,208,0.18462300495021042,0.1388888888888889,207,0.27173163997297123,0.24390243902439024,207,0.21759628307366352,0.16,207,0.7268235364619623,0.7272727272727273,132,0.13451353885511463,0.13627520339582594,208,0.04822625153123031,0.02915454648483246,208,0.08628728732388433,0.08793752543752545,208,4.5625,3.5,208,True
esm2_top28_bilstm_attn,test,seed_stable,-1,208,0.31981687298047456,0.29411764705882354,181,0.4230231266145692,0.45454545454545453,181,0.4182337624756497,0.3684210526315789,173,0.6581870824564812,0.7333333333333333,148,0.09013384392828963,0.09336616290258674,208,0.054614081320765444,0.042609351432880846,208,0.03551976260752419,0.03449780504575025,208,1.6538461538461537,1.0,208,True
esm2_top28_bilstm_attn,test,seed_stable,1,208,0.14490567553805037,0.09803921568627451,207,0.21713666920989766,0.17857142857142858,207,0.16614304827138468,0.1,207,0.7425519029638297,0.75,117,0.12831314856090284,0.13099343185550083,208,0.0341238822028158,0.014934045059481487,208,0.09418926635808701,0.09669273800890915,208,4.730769230769231,4.0,208,True
esm2_top4_bilstm_attn,test,mean_candidate,-1,208,0.4019885322936673,0.42857142857142855,194,0.5161598694278567,0.6,194,0.5602837490012041,0.5555555555555556,180,0.6276644008205586,0.7142857142857143,181,0.10552388879641651,0.10327813156771962,208,0.08854146142805594,0.0685926853010708,208,0.016982427368360586,0.009251336898395721,208,1.0144230769230769,1.0,208,True
esm2_top4_bilstm_attn,test,mean_candidate,1,208,0.21003732801016894,0.18181818181818182,207,0.302967903500112,0.3076923076923077,207,0.2624604791997893,0.19230769230769232,207,0.6836298732265703,0.7,140,0.12759233966777705,0.12214397496087637,208,0.059061160690673395,0.03900329605318759,208,0.06853117897710365,0.07746138996138996,208,4.302884615384615,3.0,208,True
esm2_top4_bilstm_attn,test,seed_stable,-1,208,0.3326802113483001,0.3125,187,0.43888702720260897,0.47619047619047616,187,0.4399090203213614,0.3870967741935484,179,0.65783093616706,0.7142857142857143,159,0.10170132896614732,0.09675658818025885,208,0.06524615608636918,0.047171677215189875,208,0.03645517287977815,0.030570017354158326,208,1.5673076923076923,1.0,208,True
esm2_top4_bilstm_attn,test,seed_stable,1,208,0.1395603355237114,0.08333333333333333,207,0.20888287531258007,0.15384615384615385,207,0.1680101064166953,0.08888888888888889,207,0.6763080564406787,0.7,113,0.12415019416632486,0.1167943291003158,208,0.034311464936802795,0.0151001401510014,208,0.08983872922952206,0.0877017571925334,208,4.75,4.0,208,True
esm3_frozen_bilstm_attn,test,mean_candidate,-1,208,0.39415228343691056,0.3921430582934385,194,0.5232069926890732,0.563353676256902,194,0.6196851060819769,0.6597938144329897,183,0.5417319829474857,0.5862068965517241,189,0.09962233487431178,0.10077201478935582,208,0.10258661015439505,0.1,208,-0.0029642752800832536,-0.006185803686824025,208,0.14903846153846154,0.0,208,True
esm3_frozen_bilstm_attn,test,mean_candidate,1,208,0.21039176758083264,0.19047619047619047,207,0.3119972170222143,0.32,207,0.2549380528145713,0.21428571428571427,207,0.6469822829835792,0.6666666666666666,163,0.12107080909727413,0.11249509731823307,208,0.05043015990253447,0.03911798171616902,208,0.07064064919473968,0.06561387029861845,208,3.9423076923076925,3.0,208,True
esm3_frozen_bilstm_attn,test,seed_stable,-1,208,0.30289647532178676,0.2727272727272727,186,0.41487438269652643,0.42857142857142855,186,0.434464915381831,0.35615808823529416,180,0.5685506140665854,0.6111111111111112,165,0.09321166601932064,0.0939473225187511,208,0.06353378971554685,0.0541544477028348,208,0.029677876303773793,0.020449983271997322,208,1.2980769230769231,1.0,208,True
esm3_frozen_bilstm_attn,test,seed_stable,1,208,0.14829845499016975,0.09090909090909091,206,0.22347061424459075,0.16666666666666666,206,0.17546817440022142,0.09232954545454546,206,0.6690560796155226,0.6666666666666666,126,0.10823879442906517,0.10071942446043165,208,0.03088244710728423,0.015924212917883804,208,0.07735634732178093,0.07509243904828602,208,4.201923076923077,4.0,208,True
esm3_top28_bilstm_attn,test,mean_candidate,-1,208,0.36000172257139906,0.37898936170212766,200,0.48109232445737393,0.5496503496503496,200,0.562619998360575,0.5789473684210527,181,0.5498603073917502,0.6190476190476191,191,0.1025875496138605,0.10387137719483816,208,0.09676797461743579,0.0895430333613681,208,0.0058195749964247145,0.0,208,0.2692307692307692,0.0,208,True
esm3_top28_bilstm_attn,test,mean_candidate,1,208,0.15595991761210043,0.10714285714285714,203,0.2358740061642576,0.1935483870967742,203,0.18409560959510002,0.11538461538461539,203,0.663377700835988,0.6794871794871795,136,0.11366455559134644,0.10557436951984894,208,0.03640830206532709,0.0210997442455243,208,0.07725625352601934,0.0784313725490196,208,4.533653846153846,4.0,208,True
esm3_top28_bilstm_attn,test,seed_stable,-1,208,0.26477952225010015,0.25,187,0.37060774382617656,0.4,187,0.36922769267167105,0.31714285714285717,180,0.5924759944298797,0.6666666666666666,158,0.09793327415049508,0.1027526395173454,208,0.053490557164607926,0.046511627906976744,208,0.044442716985887164,0.04412366912366912,208,1.6346153846153846,1.0,208,True
esm3_top28_bilstm_attn,test,seed_stable,1,208,0.09487619484282897,0.0,201,0.14532411466172976,0.0,201,0.10771368638049267,0.0,201,0.6454705442297355,0.6794871794871795,96,0.09759514970021763,0.09418282548476455,208,0.017416065884191402,0.0,208,0.08017908381602622,0.07799194038929441,208,4.653846153846154,4.0,208,True
esm3_top4_bilstm_attn,test,mean_candidate,-1,208,0.3852884032511879,0.4166666666666667,191,0.5083866558135626,0.5882352941176471,191,0.5664527514479484,0.625,178,0.5938760994534374,0.6440677966101694,177,0.09865963528981678,0.10334278880916625,208,0.08960898375045559,0.089213977109073,208,0.009050651539361187,0.0,208,0.40865384615384615,0.0,208,True
esm3_top4_bilstm_attn,test,mean_candidate,1,208,0.1699737036274303,0.14285714285714285,206,0.25443461837988535,0.25,206,0.20357081587689477,0.15669642857142857,206,0.639572612903093,0.6666666666666666,140,0.1119314780298919,0.10810315896015342,208,0.03952532559606484,0.026316928537419383,208,0.07240615243382703,0.07494553747702362,208,4.144230769230769,4.0,208,True
esm3_top4_bilstm_attn,test,seed_stable,-1,208,0.3068064774520644,0.2977714556661925,188,0.4149520008881535,0.4588963963963964,188,0.4158467134926365,0.4037037037037037,178,0.6160196795691301,0.6666666666666666,163,0.09329934503978075,0.09891364164441636,208,0.05838493845542631,0.054699373100303955,208,0.034914406584354435,0.02498405612244898,208,1.3557692307692308,1.0,208,True
esm3_top4_bilstm_attn,test,seed_stable,1,208,0.10989944645879746,0.0,206,0.1657134481839452,0.0,206,0.1327572717257425,0.0,206,0.6684695628614741,0.6666666666666666,101,0.09951823728076527,0.09770030545112782,208,0.0217141603322939,0.0,208,0.07780407694847137,0.07915167865707434,208,4.423076923076923,4.0,208,True
