condition,sign,evaluation_split,structural_cohort,model_training_cohort,increment,smaller_stage,expanded_stage,observed_delta_auroc,bootstrap_median_delta_auroc,ci95_low,ci95_high,valid_replicates,total_replicates,valid_replicate_fraction,fraction_delta_le_zero,n_proteins,n_selected_segments,n_control_segments
esm2_frozen_bilstm_attn,-1,test,reference_80,reference_80,delta_local_annotation,01_base_biophysics,02_add_local_sequence_or_annotation_geometry,0.015547373852174973,0.01532646565519008,0.007309982132958787,0.024074094350185406,2000,2000,1.0,0.0,169,606,1059
esm2_frozen_bilstm_attn,-1,test,reference_80,reference_80,delta_experimental_pdb_geometry,02_add_local_sequence_or_annotation_geometry,03_add_experimental_pdb_geometry,0.006034623824126117,0.005898401879005422,-0.0008713952649919809,0.012899242517716441,2000,2000,1.0,0.0395,169,606,1059
esm2_frozen_bilstm_attn,-1,test,reference_80,reference_80,delta_contact_network,03_add_experimental_pdb_geometry,04_add_contact_network,0.0034730976054164753,0.0034049209907369704,-0.0007945356189503788,0.007921586542379686,2000,2000,1.0,0.054,169,606,1059
esm2_frozen_bilstm_attn,-1,test,reference_80,reference_80,delta_ecod_domain,04_add_contact_network,05_add_ecod_domain,-0.002584937292857137,-0.002460247689045736,-0.006626617165993001,0.001227943419627317,2000,2000,1.0,0.9065,169,606,1059
esm2_frozen_bilstm_attn,-1,test,reference_80,reference_80,delta_total_external_structure,01_base_biophysics,05_add_ecod_domain,0.02247015798886043,0.02224267824659648,0.011439625289596179,0.03381452687689649,2000,2000,1.0,0.0,169,606,1059
esm2_top28_bilstm_attn,-1,test,reference_80,reference_80,delta_local_annotation,01_base_biophysics,02_add_local_sequence_or_annotation_geometry,0.012162107858298632,0.01190392663829637,0.005638094417383904,0.01915123087380215,2000,2000,1.0,0.0,159,625,773
esm2_top28_bilstm_attn,-1,test,reference_80,reference_80,delta_experimental_pdb_geometry,02_add_local_sequence_or_annotation_geometry,03_add_experimental_pdb_geometry,0.0068522904914929406,0.006897479461417444,0.0019098954572152938,0.012142784547223683,2000,2000,1.0,0.0045,159,625,773
esm2_top28_bilstm_attn,-1,test,reference_80,reference_80,delta_contact_network,03_add_experimental_pdb_geometry,04_add_contact_network,0.001125510993954415,0.0011754920456610862,-0.0024501014976561265,0.0045575948852002515,2000,2000,1.0,0.2515,159,625,773
esm2_top28_bilstm_attn,-1,test,reference_80,reference_80,delta_ecod_domain,04_add_contact_network,05_add_ecod_domain,0.002616154656845282,0.002574817672183538,0.0004157303585834105,0.00481627922886022,2000,2000,1.0,0.0095,159,625,773
esm2_top28_bilstm_attn,-1,test,reference_80,reference_80,delta_total_external_structure,01_base_biophysics,05_add_ecod_domain,0.02275606400059127,0.022592208454694784,0.014297881804363219,0.03196583733563183,2000,2000,1.0,0.0,159,625,773
esm2_top4_bilstm_attn,-1,test,reference_80,reference_80,delta_local_annotation,01_base_biophysics,02_add_local_sequence_or_annotation_geometry,0.006408608831990348,0.00629060321008329,0.0005764458685527191,0.012699273536088664,2000,2000,1.0,0.0175,159,644,820
esm2_top4_bilstm_attn,-1,test,reference_80,reference_80,delta_experimental_pdb_geometry,02_add_local_sequence_or_annotation_geometry,03_add_experimental_pdb_geometry,0.0032694407202401576,0.0032413995969755582,-0.002606606808062792,0.009038569074179123,2000,2000,1.0,0.1345,159,644,820
esm2_top4_bilstm_attn,-1,test,reference_80,reference_80,delta_contact_network,03_add_experimental_pdb_geometry,04_add_contact_network,0.00016668274082609624,0.00016003183952384425,-0.002572816016516116,0.002775988494663458,2000,2000,1.0,0.4525,159,644,820
esm2_top4_bilstm_attn,-1,test,reference_80,reference_80,delta_ecod_domain,04_add_contact_network,05_add_ecod_domain,0.0004462628622409204,0.00046729855394300746,-0.0012470048972155368,0.002165277180557798,2000,2000,1.0,0.2935,159,644,820
esm2_top4_bilstm_attn,-1,test,reference_80,reference_80,delta_total_external_structure,01_base_biophysics,05_add_ecod_domain,0.010290995155297522,0.010293280749363865,0.002720287661040435,0.0183128451269351,2000,2000,1.0,0.004,159,644,820
esm3_frozen_bilstm_attn,-1,test,reference_80,reference_80,delta_local_annotation,01_base_biophysics,02_add_local_sequence_or_annotation_geometry,0.007278655159988157,0.007209501091052561,-0.0009051323703488545,0.014699855901273332,2000,2000,1.0,0.0415,166,703,818
esm3_frozen_bilstm_attn,-1,test,reference_80,reference_80,delta_experimental_pdb_geometry,02_add_local_sequence_or_annotation_geometry,03_add_experimental_pdb_geometry,0.007664831302095054,0.007594064107546761,0.0022805270106832118,0.013220726852034216,2000,2000,1.0,0.0045,166,703,818
esm3_frozen_bilstm_attn,-1,test,reference_80,reference_80,delta_contact_network,03_add_experimental_pdb_geometry,04_add_contact_network,0.003454560747747526,0.003401029499388142,-0.001656932936373584,0.008316674799416227,2000,2000,1.0,0.0875,166,703,818
esm3_frozen_bilstm_attn,-1,test,reference_80,reference_80,delta_ecod_domain,04_add_contact_network,05_add_ecod_domain,0.001019877580458295,0.001052578185746389,-0.0008091933421893238,0.0029182840803014033,2000,2000,1.0,0.144,166,703,818
esm3_frozen_bilstm_attn,-1,test,reference_80,reference_80,delta_total_external_structure,01_base_biophysics,05_add_ecod_domain,0.01941792479028903,0.01915403597953025,0.009627178150346461,0.028903872357001963,2000,2000,1.0,0.0,166,703,818
esm3_top28_bilstm_attn,-1,test,reference_80,reference_80,delta_local_annotation,01_base_biophysics,02_add_local_sequence_or_annotation_geometry,0.005151819454035422,0.005065998845613373,-0.006399422948092703,0.01770392551698597,2000,2000,1.0,0.19,166,692,795
esm3_top28_bilstm_attn,-1,test,reference_80,reference_80,delta_experimental_pdb_geometry,02_add_local_sequence_or_annotation_geometry,03_add_experimental_pdb_geometry,0.0060583908217405336,0.006179723538779824,-0.00042168739795775395,0.011970146011347715,2000,2000,1.0,0.0355,166,692,795
esm3_top28_bilstm_attn,-1,test,reference_80,reference_80,delta_contact_network,03_add_experimental_pdb_geometry,04_add_contact_network,0.005571402243189305,0.005474669129806153,0.0008771426574711305,0.010364475052695738,2000,2000,1.0,0.0085,166,692,795
esm3_top28_bilstm_attn,-1,test,reference_80,reference_80,delta_ecod_domain,04_add_contact_network,05_add_ecod_domain,0.0027557436594823903,0.0027375243185293607,-0.0003050326416149579,0.005892482930836944,2000,2000,1.0,0.037,166,692,795
esm3_top28_bilstm_attn,-1,test,reference_80,reference_80,delta_total_external_structure,01_base_biophysics,05_add_ecod_domain,0.01953735617844765,0.01941638144025659,0.007890379861003511,0.03192607852050853,2000,2000,1.0,0.0005,166,692,795
esm3_top4_bilstm_attn,-1,test,reference_80,reference_80,delta_local_annotation,01_base_biophysics,02_add_local_sequence_or_annotation_geometry,0.011541095405598889,0.011551405551303684,0.0015118768221473124,0.02174099612141378,2000,2000,1.0,0.0125,166,664,839
esm3_top4_bilstm_attn,-1,test,reference_80,reference_80,delta_experimental_pdb_geometry,02_add_local_sequence_or_annotation_geometry,03_add_experimental_pdb_geometry,0.010233204940372831,0.010241686881433676,0.004868856221376586,0.015526186542739,2000,2000,1.0,0.0,166,664,839
esm3_top4_bilstm_attn,-1,test,reference_80,reference_80,delta_contact_network,03_add_experimental_pdb_geometry,04_add_contact_network,0.004494078413086688,0.004360307469861158,-0.0003612708115697804,0.00952366097926538,2000,2000,1.0,0.036,166,664,839
esm3_top4_bilstm_attn,-1,test,reference_80,reference_80,delta_ecod_domain,04_add_contact_network,05_add_ecod_domain,0.0011341892635252648,0.0011367847679648047,-0.0007162447676180877,0.0030383229537216893,2000,2000,1.0,0.1225,166,664,839
esm3_top4_bilstm_attn,-1,test,reference_80,reference_80,delta_total_external_structure,01_base_biophysics,05_add_ecod_domain,0.027402568022583673,0.02711596752497608,0.01734394846394941,0.03827260923382328,2000,2000,1.0,0.0,166,664,839
esm2_frozen_bilstm_attn,-1,test,fully_resolved_local,reference_80,delta_local_annotation,01_base_biophysics,02_add_local_sequence_or_annotation_geometry,0.017100705778034464,0.016909691860925002,0.00900970489648185,0.025531578150079965,2000,2000,1.0,0.0,169,599,1052
esm2_frozen_bilstm_attn,-1,test,fully_resolved_local,reference_80,delta_experimental_pdb_geometry,02_add_local_sequence_or_annotation_geometry,03_add_experimental_pdb_geometry,0.0062177176735648265,0.0060601507644765795,-0.0006656789728063908,0.01314262067454992,2000,2000,1.0,0.036,169,599,1052
esm2_frozen_bilstm_attn,-1,test,fully_resolved_local,reference_80,delta_contact_network,03_add_experimental_pdb_geometry,04_add_contact_network,0.0036121788202954086,0.0035697391198947215,-0.0005725062182539652,0.007948235796585063,2000,2000,1.0,0.0455,169,599,1052
esm2_frozen_bilstm_attn,-1,test,fully_resolved_local,reference_80,delta_ecod_domain,04_add_contact_network,05_add_ecod_domain,-0.0022599680187159743,-0.0021367390739200354,-0.0062781373835970765,0.00169760912856948,2000,2000,1.0,0.865,169,599,1052
esm2_frozen_bilstm_attn,-1,test,fully_resolved_local,reference_80,delta_total_external_structure,01_base_biophysics,05_add_ecod_domain,0.024670634253178725,0.02436577986361943,0.013711548936729042,0.03597596169614357,2000,2000,1.0,0.0,169,599,1052
esm2_top28_bilstm_attn,-1,test,fully_resolved_local,reference_80,delta_local_annotation,01_base_biophysics,02_add_local_sequence_or_annotation_geometry,0.013007633419948594,0.012775677705749278,0.006445181813944411,0.01997204213790594,2000,2000,1.0,0.0,159,615,769
esm2_top28_bilstm_attn,-1,test,fully_resolved_local,reference_80,delta_experimental_pdb_geometry,02_add_local_sequence_or_annotation_geometry,03_add_experimental_pdb_geometry,0.006501371305104975,0.006551910908468517,0.0015972779576708396,0.011702774375056098,2000,2000,1.0,0.0065,159,615,769
esm2_top28_bilstm_attn,-1,test,fully_resolved_local,reference_80,delta_contact_network,03_add_experimental_pdb_geometry,04_add_contact_network,0.0013698748226219637,0.0014086551747155007,-0.0021997336604652725,0.004772235577174998,2000,2000,1.0,0.2165,159,615,769
esm2_top28_bilstm_attn,-1,test,fully_resolved_local,reference_80,delta_ecod_domain,04_add_contact_network,05_add_ecod_domain,0.0027622325976744966,0.002736083952190438,0.0005946405934833809,0.004917103833178334,2000,2000,1.0,0.0065,159,615,769
esm2_top28_bilstm_attn,-1,test,fully_resolved_local,reference_80,delta_total_external_structure,01_base_biophysics,05_add_ecod_domain,0.02364111214535003,0.02341815253079582,0.015194481893560175,0.032781603583930057,2000,2000,1.0,0.0,159,615,769
esm2_top4_bilstm_attn,-1,test,fully_resolved_local,reference_80,delta_local_annotation,01_base_biophysics,02_add_local_sequence_or_annotation_geometry,0.006998768292191038,0.006900382766937552,0.0011135529339939831,0.013393659958861864,2000,2000,1.0,0.0115,159,635,815
esm2_top4_bilstm_attn,-1,test,fully_resolved_local,reference_80,delta_experimental_pdb_geometry,02_add_local_sequence_or_annotation_geometry,03_add_experimental_pdb_geometry,0.003269495581411319,0.0032276043407253874,-0.002601117877623851,0.0091267135154703,2000,2000,1.0,0.1365,159,635,815
esm2_top4_bilstm_attn,-1,test,fully_resolved_local,reference_80,delta_contact_network,03_add_experimental_pdb_geometry,04_add_contact_network,8.59278937092034e-05,8.109606884093568e-05,-0.002656340219808076,0.0026979322365256225,2000,2000,1.0,0.4765,159,635,815
esm2_top4_bilstm_attn,-1,test,fully_resolved_local,reference_80,delta_ecod_domain,04_add_contact_network,05_add_ecod_domain,0.0005488465733400893,0.0005649270154273744,-0.0011454976948136047,0.002259903941337098,2000,2000,1.0,0.2515,159,635,815
esm2_top4_bilstm_attn,-1,test,fully_resolved_local,reference_80,delta_total_external_structure,01_base_biophysics,05_add_ecod_domain,0.01090303834065165,0.010925116123579048,0.0032294318928844687,0.019074638775000357,2000,2000,1.0,0.0035,159,635,815
esm3_frozen_bilstm_attn,-1,test,fully_resolved_local,reference_80,delta_local_annotation,01_base_biophysics,02_add_local_sequence_or_annotation_geometry,0.008140505799170805,0.008024128407311315,6.19293330957727e-05,0.015923455967826666,2000,2000,1.0,0.0245,166,693,812
esm3_frozen_bilstm_attn,-1,test,fully_resolved_local,reference_80,delta_experimental_pdb_geometry,02_add_local_sequence_or_annotation_geometry,03_add_experimental_pdb_geometry,0.00741193084246905,0.0073187736930478975,0.0019531369310026277,0.012967684338720191,2000,2000,1.0,0.005,166,693,812
esm3_frozen_bilstm_attn,-1,test,fully_resolved_local,reference_80,delta_contact_network,03_add_experimental_pdb_geometry,04_add_contact_network,0.0037855151121219954,0.0037375103373111784,-0.0011928995109716344,0.008568833343917004,2000,2000,1.0,0.0645,166,693,812
esm3_frozen_bilstm_attn,-1,test,fully_resolved_local,reference_80,delta_ecod_domain,04_add_contact_network,05_add_ecod_domain,0.001086328629980593,0.0010949230161876322,-0.0009156489959351477,0.003091025028774949,2000,2000,1.0,0.126,166,693,812
esm3_frozen_bilstm_attn,-1,test,fully_resolved_local,reference_80,delta_total_external_structure,01_base_biophysics,05_add_ecod_domain,0.020424280383742444,0.020001595598857558,0.010617854657959428,0.03015078761921035,2000,2000,1.0,0.0,166,693,812
esm3_top28_bilstm_attn,-1,test,fully_resolved_local,reference_80,delta_local_annotation,01_base_biophysics,02_add_local_sequence_or_annotation_geometry,0.004973173663074815,0.005094861390799232,-0.006500781862242205,0.01758406491734109,2000,2000,1.0,0.1975,166,682,790
esm3_top28_bilstm_attn,-1,test,fully_resolved_local,reference_80,delta_experimental_pdb_geometry,02_add_local_sequence_or_annotation_geometry,03_add_experimental_pdb_geometry,0.005946523357944433,0.006065134572872333,-0.0006499721531885133,0.011778605808308015,2000,2000,1.0,0.034,166,682,790
esm3_top28_bilstm_attn,-1,test,fully_resolved_local,reference_80,delta_contact_network,03_add_experimental_pdb_geometry,04_add_contact_network,0.005433939063459126,0.005335424289980684,0.0006146138270274243,0.010169949049994674,2000,2000,1.0,0.01,166,682,790
esm3_top28_bilstm_attn,-1,test,fully_resolved_local,reference_80,delta_ecod_domain,04_add_contact_network,05_add_ecod_domain,0.0026510721106031143,0.0026220681511883726,-0.00039648487039303505,0.005776813310341436,2000,2000,1.0,0.0465,166,682,790
esm3_top28_bilstm_attn,-1,test,fully_resolved_local,reference_80,delta_total_external_structure,01_base_biophysics,05_add_ecod_domain,0.019004708195081488,0.018950202474342703,0.007716863049491885,0.031298906940179706,2000,2000,1.0,0.0005,166,682,790
esm3_top4_bilstm_attn,-1,test,fully_resolved_local,reference_80,delta_local_annotation,01_base_biophysics,02_add_local_sequence_or_annotation_geometry,0.011381572973556242,0.011445908461250431,0.0013699809784960412,0.021449538358528395,2000,2000,1.0,0.012,166,654,833
esm3_top4_bilstm_attn,-1,test,fully_resolved_local,reference_80,delta_experimental_pdb_geometry,02_add_local_sequence_or_annotation_geometry,03_add_experimental_pdb_geometry,0.010289534336154316,0.010248320506273667,0.004921383975692237,0.015460072444570936,2000,2000,1.0,0.0,166,654,833
esm3_top4_bilstm_attn,-1,test,fully_resolved_local,reference_80,delta_contact_network,03_add_experimental_pdb_geometry,04_add_contact_network,0.004244668377799243,0.004073656179825025,-0.0007095561248213284,0.009182213004727033,2000,2000,1.0,0.044,166,654,833
esm3_top4_bilstm_attn,-1,test,fully_resolved_local,reference_80,delta_ecod_domain,04_add_contact_network,05_add_ecod_domain,0.0013604542654093166,0.0013798848173365297,-0.0005123300736430469,0.0032351451333994903,2000,2000,1.0,0.079,166,654,833
esm3_top4_bilstm_attn,-1,test,fully_resolved_local,reference_80,delta_total_external_structure,01_base_biophysics,05_add_ecod_domain,0.027276229952919118,0.026999884845508026,0.0172167079511184,0.038323247360757,2000,2000,1.0,0.0,166,654,833
esm2_frozen_bilstm_attn,-1,test,fully_resolved_geometry,reference_80,delta_local_annotation,01_base_biophysics,02_add_local_sequence_or_annotation_geometry,0.01833602473455409,0.018039869801028563,0.008970763155931913,0.028639909144911956,2000,2000,1.0,0.0,166,585,939
esm2_frozen_bilstm_attn,-1,test,fully_resolved_geometry,reference_80,delta_experimental_pdb_geometry,02_add_local_sequence_or_annotation_geometry,03_add_experimental_pdb_geometry,0.0068028923261013174,0.006633077397620646,-0.0009514930348555521,0.01458349655152719,2000,2000,1.0,0.0405,166,585,939
esm2_frozen_bilstm_attn,-1,test,fully_resolved_geometry,reference_80,delta_contact_network,03_add_experimental_pdb_geometry,04_add_contact_network,0.004142321764704637,0.004131423125543987,-0.00048112749095005625,0.008819901031599325,2000,2000,1.0,0.039,166,585,939
esm2_frozen_bilstm_attn,-1,test,fully_resolved_geometry,reference_80,delta_ecod_domain,04_add_contact_network,05_add_ecod_domain,-0.0019773440700262546,-0.0018668742665955973,-0.006422752591920855,0.002483022113334017,2000,2000,1.0,0.8025,166,585,939
esm2_frozen_bilstm_attn,-1,test,fully_resolved_geometry,reference_80,delta_total_external_structure,01_base_biophysics,05_add_ecod_domain,0.02730389475533379,0.02706745202008798,0.01429393176417525,0.04123176161445169,2000,2000,1.0,0.0,166,585,939
esm2_top28_bilstm_attn,-1,test,fully_resolved_geometry,reference_80,delta_local_annotation,01_base_biophysics,02_add_local_sequence_or_annotation_geometry,0.011037677694005987,0.010833735011578915,0.004572813393540903,0.017595071951509077,2000,2000,1.0,0.0,155,605,675
esm2_top28_bilstm_attn,-1,test,fully_resolved_geometry,reference_80,delta_experimental_pdb_geometry,02_add_local_sequence_or_annotation_geometry,03_add_experimental_pdb_geometry,0.007076663556240148,0.007101363307821018,0.0016143303453870857,0.012653305736382337,2000,2000,1.0,0.005,155,605,675
esm2_top28_bilstm_attn,-1,test,fully_resolved_geometry,reference_80,delta_contact_network,03_add_experimental_pdb_geometry,04_add_contact_network,0.0019835254537948765,0.0020153614998739133,-0.0018143928354737381,0.005704468159373976,2000,2000,1.0,0.1595,155,605,675
esm2_top28_bilstm_attn,-1,test,fully_resolved_geometry,reference_80,delta_ecod_domain,04_add_contact_network,05_add_ecod_domain,0.003005984024201269,0.0029756257530755836,0.0005254100160669767,0.005536872653220846,2000,2000,1.0,0.0065,155,605,675
esm2_top28_bilstm_attn,-1,test,fully_resolved_geometry,reference_80,delta_total_external_structure,01_base_biophysics,05_add_ecod_domain,0.02310385072824228,0.023011918012149246,0.013780841527420073,0.03189093451434176,2000,2000,1.0,0.0,155,605,675
esm2_top4_bilstm_attn,-1,test,fully_resolved_geometry,reference_80,delta_local_annotation,01_base_biophysics,02_add_local_sequence_or_annotation_geometry,0.007864837986147566,0.007821844022763591,0.0009461806810289659,0.01521090496957593,2000,2000,1.0,0.014,156,624,715
esm2_top4_bilstm_attn,-1,test,fully_resolved_geometry,reference_80,delta_experimental_pdb_geometry,02_add_local_sequence_or_annotation_geometry,03_add_experimental_pdb_geometry,0.0043032862904764935,0.00430055021269965,-0.002240748276763793,0.010692093934030733,2000,2000,1.0,0.093,156,624,715
esm2_top4_bilstm_attn,-1,test,fully_resolved_geometry,reference_80,delta_contact_network,03_add_experimental_pdb_geometry,04_add_contact_network,5.0722383523882364e-05,4.6851562530147994e-05,-0.0029511806475944506,0.002933721280463691,2000,2000,1.0,0.49,156,624,715
esm2_top4_bilstm_attn,-1,test,fully_resolved_geometry,reference_80,delta_ecod_domain,04_add_contact_network,05_add_ecod_domain,0.0004997025116848519,0.0005110911913048244,-0.0014482159249897375,0.0023537457800606922,2000,2000,1.0,0.297,156,624,715
esm2_top4_bilstm_attn,-1,test,fully_resolved_geometry,reference_80,delta_total_external_structure,01_base_biophysics,05_add_ecod_domain,0.012718549171832794,0.012678015741111381,0.004101510888040597,0.021991775034855852,2000,2000,1.0,0.0015,156,624,715
esm3_frozen_bilstm_attn,-1,test,fully_resolved_geometry,reference_80,delta_local_annotation,01_base_biophysics,02_add_local_sequence_or_annotation_geometry,0.010545328709731239,0.01045988404896403,0.001872850760676764,0.01928050404922186,2000,2000,1.0,0.008,159,670,707
esm3_frozen_bilstm_attn,-1,test,fully_resolved_geometry,reference_80,delta_experimental_pdb_geometry,02_add_local_sequence_or_annotation_geometry,03_add_experimental_pdb_geometry,0.008578865784640066,0.00856449935559328,0.002579160337309069,0.014613334909406427,2000,2000,1.0,0.0035,159,670,707
esm3_frozen_bilstm_attn,-1,test,fully_resolved_geometry,reference_80,delta_contact_network,03_add_experimental_pdb_geometry,04_add_contact_network,0.003560715925923108,0.0035012413302022427,-0.0019903495463396118,0.008833025814045646,2000,2000,1.0,0.1045,159,670,707
esm3_frozen_bilstm_attn,-1,test,fully_resolved_geometry,reference_80,delta_ecod_domain,04_add_contact_network,05_add_ecod_domain,0.0012096907399435919,0.0012280637862827626,-0.0010607809363190168,0.0033986136867096054,2000,2000,1.0,0.1295,159,670,707
esm3_frozen_bilstm_attn,-1,test,fully_resolved_geometry,reference_80,delta_total_external_structure,01_base_biophysics,05_add_ecod_domain,0.023894601160238005,0.023546512751655313,0.012854191504209692,0.034789422932301126,2000,2000,1.0,0.0,159,670,707
esm3_top28_bilstm_attn,-1,test,fully_resolved_geometry,reference_80,delta_local_annotation,01_base_biophysics,02_add_local_sequence_or_annotation_geometry,0.009333718488020226,0.009251614254156881,-0.0016439417546606383,0.021252345423936097,2000,2000,1.0,0.0485,163,670,671
esm3_top28_bilstm_attn,-1,test,fully_resolved_geometry,reference_80,delta_experimental_pdb_geometry,02_add_local_sequence_or_annotation_geometry,03_add_experimental_pdb_geometry,0.006469540996138168,0.006618722843503788,-0.0010739022833436778,0.013506921272109427,2000,2000,1.0,0.042,163,670,671
esm3_top28_bilstm_attn,-1,test,fully_resolved_geometry,reference_80,delta_contact_network,03_add_experimental_pdb_geometry,04_add_contact_network,0.00465838023417442,0.004563285438950571,-0.0006432183826238002,0.010007701103101393,2000,2000,1.0,0.0455,163,670,671
esm3_top28_bilstm_attn,-1,test,fully_resolved_geometry,reference_80,delta_ecod_domain,04_add_contact_network,05_add_ecod_domain,0.002852601237781638,0.0028294368136967396,-0.0006267866379301185,0.006286356661116807,2000,2000,1.0,0.0555,163,670,671
esm3_top28_bilstm_attn,-1,test,fully_resolved_geometry,reference_80,delta_total_external_structure,01_base_biophysics,05_add_ecod_domain,0.02331424095611445,0.023239948929024534,0.010933076371705843,0.035777042364494395,2000,2000,1.0,0.0,163,670,671
esm3_top4_bilstm_attn,-1,test,fully_resolved_geometry,reference_80,delta_local_annotation,01_base_biophysics,02_add_local_sequence_or_annotation_geometry,0.015798550831065183,0.015697606092013372,0.00496388587278315,0.027905057007197306,2000,2000,1.0,0.0015,163,642,714
esm3_top4_bilstm_attn,-1,test,fully_resolved_geometry,reference_80,delta_experimental_pdb_geometry,02_add_local_sequence_or_annotation_geometry,03_add_experimental_pdb_geometry,0.01090111865197807,0.010818319686090427,0.005193644333731368,0.01669064861885032,2000,2000,1.0,0.0,163,642,714
esm3_top4_bilstm_attn,-1,test,fully_resolved_geometry,reference_80,delta_contact_network,03_add_experimental_pdb_geometry,04_add_contact_network,0.003554016180221997,0.0034551061708142927,-0.0017760572476124587,0.009039081767938663,2000,2000,1.0,0.1025,163,642,714
esm3_top4_bilstm_attn,-1,test,fully_resolved_geometry,reference_80,delta_ecod_domain,04_add_contact_network,05_add_ecod_domain,0.0013161607084314353,0.0013241045811935859,-0.0008369369031971385,0.003484845263522477,2000,2000,1.0,0.1095,163,642,714
esm3_top4_bilstm_attn,-1,test,fully_resolved_geometry,reference_80,delta_total_external_structure,01_base_biophysics,05_add_ecod_domain,0.031569846371696686,0.03128031841915313,0.01922499890700671,0.04539421390562923,2000,2000,1.0,0.0,163,642,714
esm2_frozen_bilstm_attn,1,test,reference_80,reference_80,delta_local_annotation,01_base_biophysics,02_add_local_sequence_or_annotation_geometry,0.02092540628127204,0.020804013680025712,0.011862741616430875,0.029569649658534022,2000,2000,1.0,0.0,195,946,5686
esm2_frozen_bilstm_attn,1,test,reference_80,reference_80,delta_experimental_pdb_geometry,02_add_local_sequence_or_annotation_geometry,03_add_experimental_pdb_geometry,0.0032810127092165464,0.003272056936264034,-0.002341147650276293,0.008985859075873548,2000,2000,1.0,0.129,195,946,5686
esm2_frozen_bilstm_attn,1,test,reference_80,reference_80,delta_contact_network,03_add_experimental_pdb_geometry,04_add_contact_network,0.005141013542636519,0.00518111026154644,0.0015721737565983385,0.008493486163547543,2000,2000,1.0,0.002,195,946,5686
esm2_frozen_bilstm_attn,1,test,reference_80,reference_80,delta_ecod_domain,04_add_contact_network,05_add_ecod_domain,0.0008367910606292828,0.0008365838338268428,-0.0003728754469373097,0.0021495657442370574,2000,2000,1.0,0.0975,195,946,5686
esm2_frozen_bilstm_attn,1,test,reference_80,reference_80,delta_total_external_structure,01_base_biophysics,05_add_ecod_domain,0.03018422359375439,0.030255220125570803,0.019845273153298006,0.040278378319181844,2000,2000,1.0,0.0,195,946,5686
esm2_top28_bilstm_attn,1,test,reference_80,reference_80,delta_local_annotation,01_base_biophysics,02_add_local_sequence_or_annotation_geometry,0.02603773588782965,0.026029873943167414,0.016889081754729994,0.03592068951903145,2000,2000,1.0,0.0,202,1095,5455
esm2_top28_bilstm_attn,1,test,reference_80,reference_80,delta_experimental_pdb_geometry,02_add_local_sequence_or_annotation_geometry,03_add_experimental_pdb_geometry,0.006760930895835959,0.006694111797531599,0.0025015224143650457,0.011404234658839016,2000,2000,1.0,0.0,202,1095,5455
esm2_top28_bilstm_attn,1,test,reference_80,reference_80,delta_contact_network,03_add_experimental_pdb_geometry,04_add_contact_network,0.0072872508672028324,0.0072251401744164445,0.003538521512073767,0.01115061748217855,2000,2000,1.0,0.0005,202,1095,5455
esm2_top28_bilstm_attn,1,test,reference_80,reference_80,delta_ecod_domain,04_add_contact_network,05_add_ecod_domain,0.006315056704027433,0.006372771769287133,0.00397037905300916,0.00883640720999704,2000,2000,1.0,0.0,202,1095,5455
esm2_top28_bilstm_attn,1,test,reference_80,reference_80,delta_total_external_structure,01_base_biophysics,05_add_ecod_domain,0.046400974354895874,0.04643679494749364,0.036115063222893234,0.05751637936086517,2000,2000,1.0,0.0,202,1095,5455
esm2_top4_bilstm_attn,1,test,reference_80,reference_80,delta_local_annotation,01_base_biophysics,02_add_local_sequence_or_annotation_geometry,0.03013942515338175,0.030038499649764017,0.020083561565695608,0.0399688269174723,2000,2000,1.0,0.0,204,1137,5420
esm2_top4_bilstm_attn,1,test,reference_80,reference_80,delta_experimental_pdb_geometry,02_add_local_sequence_or_annotation_geometry,03_add_experimental_pdb_geometry,0.008156406321054188,0.008117247775711711,0.002720277107835012,0.013472158780485811,2000,2000,1.0,0.001,204,1137,5420
esm2_top4_bilstm_attn,1,test,reference_80,reference_80,delta_contact_network,03_add_experimental_pdb_geometry,04_add_contact_network,0.00794443725304439,0.007915807025838217,0.004734282375126952,0.011158180034443348,2000,2000,1.0,0.0,204,1137,5420
esm2_top4_bilstm_attn,1,test,reference_80,reference_80,delta_ecod_domain,04_add_contact_network,05_add_ecod_domain,0.006172583562704448,0.006141058472075023,0.0037004169877587504,0.008845734716814406,2000,2000,1.0,0.0,204,1137,5420
esm2_top4_bilstm_attn,1,test,reference_80,reference_80,delta_total_external_structure,01_base_biophysics,05_add_ecod_domain,0.052412852290184775,0.05233673424445251,0.04090054498816343,0.06385319148282403,2000,2000,1.0,0.0,204,1137,5420
esm3_frozen_bilstm_attn,1,test,reference_80,reference_80,delta_local_annotation,01_base_biophysics,02_add_local_sequence_or_annotation_geometry,0.023859761459869566,0.023717149047481734,0.014182796447734411,0.03369535944261338,2000,2000,1.0,0.0,199,999,5756
esm3_frozen_bilstm_attn,1,test,reference_80,reference_80,delta_experimental_pdb_geometry,02_add_local_sequence_or_annotation_geometry,03_add_experimental_pdb_geometry,0.006071798515458027,0.006052887393219242,0.00047964390407603255,0.0112907082785199,2000,2000,1.0,0.0165,199,999,5756
esm3_frozen_bilstm_attn,1,test,reference_80,reference_80,delta_contact_network,03_add_experimental_pdb_geometry,04_add_contact_network,0.008669150920014745,0.008705457055589672,0.0028789400261451602,0.01444774088485837,2000,2000,1.0,0.003,199,999,5756
esm3_frozen_bilstm_attn,1,test,reference_80,reference_80,delta_ecod_domain,04_add_contact_network,05_add_ecod_domain,0.005386112955486855,0.005425536484510718,0.003334675402323642,0.007595040377800418,2000,2000,1.0,0.0,199,999,5756
esm3_frozen_bilstm_attn,1,test,reference_80,reference_80,delta_total_external_structure,01_base_biophysics,05_add_ecod_domain,0.04398682385082919,0.04378081512767956,0.0322711499240749,0.056913424307105706,2000,2000,1.0,0.0,199,999,5756
esm3_top28_bilstm_attn,1,test,reference_80,reference_80,delta_local_annotation,01_base_biophysics,02_add_local_sequence_or_annotation_geometry,0.020488121409710236,0.02036348889187728,0.013305832334195116,0.027736904224052575,2000,2000,1.0,0.0,195,1023,5695
esm3_top28_bilstm_attn,1,test,reference_80,reference_80,delta_experimental_pdb_geometry,02_add_local_sequence_or_annotation_geometry,03_add_experimental_pdb_geometry,0.004943347981369972,0.0050536681129955685,-0.000720544140973664,0.011004115076528327,2000,2000,1.0,0.045,195,1023,5695
esm3_top28_bilstm_attn,1,test,reference_80,reference_80,delta_contact_network,03_add_experimental_pdb_geometry,04_add_contact_network,0.011380282043849776,0.011258484090036158,0.006857090334965246,0.01615152947099173,2000,2000,1.0,0.0,195,1023,5695
esm3_top28_bilstm_attn,1,test,reference_80,reference_80,delta_ecod_domain,04_add_contact_network,05_add_ecod_domain,0.005660527812336169,0.005640321203315923,0.0034950036078616547,0.008196608531473276,2000,2000,1.0,0.0,195,1023,5695
esm3_top28_bilstm_attn,1,test,reference_80,reference_80,delta_total_external_structure,01_base_biophysics,05_add_ecod_domain,0.042472279247266154,0.04235437719025714,0.033689216164260224,0.05166935405543815,2000,2000,1.0,0.0,195,1023,5695
esm3_top4_bilstm_attn,1,test,reference_80,reference_80,delta_local_annotation,01_base_biophysics,02_add_local_sequence_or_annotation_geometry,0.01633845100923803,0.016158414496340423,0.00894627860471692,0.024119834988420324,2000,2000,1.0,0.0,201,998,5828
esm3_top4_bilstm_attn,1,test,reference_80,reference_80,delta_experimental_pdb_geometry,02_add_local_sequence_or_annotation_geometry,03_add_experimental_pdb_geometry,0.011232078402736212,0.011240064947505735,0.005578663442756641,0.01719105452623927,2000,2000,1.0,0.0,201,998,5828
esm3_top4_bilstm_attn,1,test,reference_80,reference_80,delta_contact_network,03_add_experimental_pdb_geometry,04_add_contact_network,0.015176973165212604,0.015119877264046289,0.010188007627404839,0.02042947385542811,2000,2000,1.0,0.0,201,998,5828
esm3_top4_bilstm_attn,1,test,reference_80,reference_80,delta_ecod_domain,04_add_contact_network,05_add_ecod_domain,0.007853170999109538,0.007856523360141199,0.005319916952354281,0.01071164397173189,2000,2000,1.0,0.0,201,998,5828
esm3_top4_bilstm_attn,1,test,reference_80,reference_80,delta_total_external_structure,01_base_biophysics,05_add_ecod_domain,0.050600673576296384,0.0504970007690298,0.040323398085305134,0.060964188979293496,2000,2000,1.0,0.0,201,998,5828
esm2_frozen_bilstm_attn,1,test,fully_resolved_local,reference_80,delta_local_annotation,01_base_biophysics,02_add_local_sequence_or_annotation_geometry,0.02155184880027161,0.02135422784126889,0.01229564026331626,0.030287139539811443,2000,2000,1.0,0.0,194,920,5651
esm2_frozen_bilstm_attn,1,test,fully_resolved_local,reference_80,delta_experimental_pdb_geometry,02_add_local_sequence_or_annotation_geometry,03_add_experimental_pdb_geometry,0.003649546728785813,0.003674661678751523,-0.002064531574272005,0.009527282501588514,2000,2000,1.0,0.1095,194,920,5651
esm2_frozen_bilstm_attn,1,test,fully_resolved_local,reference_80,delta_contact_network,03_add_experimental_pdb_geometry,04_add_contact_network,0.005293363372405269,0.005329995430105261,0.001610926350925862,0.00878620793206072,2000,2000,1.0,0.0015,194,920,5651
esm2_frozen_bilstm_attn,1,test,fully_resolved_local,reference_80,delta_ecod_domain,04_add_contact_network,05_add_ecod_domain,0.0008383600210946085,0.0008366740359642688,-0.0003853990280273722,0.002171584828995926,2000,2000,1.0,0.099,194,920,5651
esm2_frozen_bilstm_attn,1,test,fully_resolved_local,reference_80,delta_total_external_structure,01_base_biophysics,05_add_ecod_domain,0.0313331189225573,0.0313854212561121,0.020978875367876106,0.04153446940609334,2000,2000,1.0,0.0,194,920,5651
esm2_top28_bilstm_attn,1,test,fully_resolved_local,reference_80,delta_local_annotation,01_base_biophysics,02_add_local_sequence_or_annotation_geometry,0.026099447329846037,0.026099994238098778,0.016935753709037153,0.0361222040686685,2000,2000,1.0,0.0,200,1077,5417
esm2_top28_bilstm_attn,1,test,fully_resolved_local,reference_80,delta_experimental_pdb_geometry,02_add_local_sequence_or_annotation_geometry,03_add_experimental_pdb_geometry,0.006980757749576183,0.006882980065742561,0.0027584445329629282,0.011738463737768507,2000,2000,1.0,0.0,200,1077,5417
esm2_top28_bilstm_attn,1,test,fully_resolved_local,reference_80,delta_contact_network,03_add_experimental_pdb_geometry,04_add_contact_network,0.007391770702020906,0.007367915182895257,0.003584904453004045,0.011255810647890876,2000,2000,1.0,0.001,200,1077,5417
esm2_top28_bilstm_attn,1,test,fully_resolved_local,reference_80,delta_ecod_domain,04_add_contact_network,05_add_ecod_domain,0.006435286742377588,0.006479503889767535,0.004049294016094449,0.008977466196977934,2000,2000,1.0,0.0,200,1077,5417
esm2_top28_bilstm_attn,1,test,fully_resolved_local,reference_80,delta_total_external_structure,01_base_biophysics,05_add_ecod_domain,0.046907262523820714,0.04693758134304693,0.0364748252573567,0.05791829094685694,2000,2000,1.0,0.0,200,1077,5417
esm2_top4_bilstm_attn,1,test,fully_resolved_local,reference_80,delta_local_annotation,01_base_biophysics,02_add_local_sequence_or_annotation_geometry,0.02985400963845375,0.02980305868290084,0.019690853483515968,0.03974259450023606,2000,2000,1.0,0.0,204,1123,5398
esm2_top4_bilstm_attn,1,test,fully_resolved_local,reference_80,delta_experimental_pdb_geometry,02_add_local_sequence_or_annotation_geometry,03_add_experimental_pdb_geometry,0.00811999608259828,0.008136292134969969,0.002723498100050417,0.013536275327786656,2000,2000,1.0,0.0015,204,1123,5398
esm2_top4_bilstm_attn,1,test,fully_resolved_local,reference_80,delta_contact_network,03_add_experimental_pdb_geometry,04_add_contact_network,0.007936752268981828,0.007897647497165872,0.004769119493916463,0.011236887263579225,2000,2000,1.0,0.0,204,1123,5398
esm2_top4_bilstm_attn,1,test,fully_resolved_local,reference_80,delta_ecod_domain,04_add_contact_network,05_add_ecod_domain,0.00613207533085347,0.0060974992869351485,0.0036709900427234097,0.008763682499546229,2000,2000,1.0,0.0,204,1123,5398
esm2_top4_bilstm_attn,1,test,fully_resolved_local,reference_80,delta_total_external_structure,01_base_biophysics,05_add_ecod_domain,0.05204283332088733,0.05198862055950715,0.04069895467071385,0.06344561227148661,2000,2000,1.0,0.0,204,1123,5398
esm3_frozen_bilstm_attn,1,test,fully_resolved_local,reference_80,delta_local_annotation,01_base_biophysics,02_add_local_sequence_or_annotation_geometry,0.02419659030577903,0.02405514602702502,0.014229478944055874,0.034216430064255066,2000,2000,1.0,0.0,198,974,5719
esm3_frozen_bilstm_attn,1,test,fully_resolved_local,reference_80,delta_experimental_pdb_geometry,02_add_local_sequence_or_annotation_geometry,03_add_experimental_pdb_geometry,0.006842662444963454,0.006807237879196182,0.0012032473695670037,0.012148426442993607,2000,2000,1.0,0.0085,198,974,5719
esm3_frozen_bilstm_attn,1,test,fully_resolved_local,reference_80,delta_contact_network,03_add_experimental_pdb_geometry,04_add_contact_network,0.009615552301702746,0.00962492500293144,0.003814505670777188,0.015528246941791588,2000,2000,1.0,0.001,198,974,5719
esm3_frozen_bilstm_attn,1,test,fully_resolved_local,reference_80,delta_ecod_domain,04_add_contact_network,05_add_ecod_domain,0.005496558741479918,0.005537849369564973,0.0034354882317308546,0.007698698461412975,2000,2000,1.0,0.0,198,974,5719
esm3_frozen_bilstm_attn,1,test,fully_resolved_local,reference_80,delta_total_external_structure,01_base_biophysics,05_add_ecod_domain,0.04615136379392515,0.045797966784037636,0.03417460134528658,0.05898752338237658,2000,2000,1.0,0.0,198,974,5719
esm3_top28_bilstm_attn,1,test,fully_resolved_local,reference_80,delta_local_annotation,01_base_biophysics,02_add_local_sequence_or_annotation_geometry,0.020440469318644294,0.020300242260069434,0.013103811900484288,0.027612807991768018,2000,2000,1.0,0.0,193,1005,5664
esm3_top28_bilstm_attn,1,test,fully_resolved_local,reference_80,delta_experimental_pdb_geometry,02_add_local_sequence_or_annotation_geometry,03_add_experimental_pdb_geometry,0.0053522553320471955,0.00542936779008385,-0.0003706935180214199,0.01144899369860529,2000,2000,1.0,0.0335,193,1005,5664
esm3_top28_bilstm_attn,1,test,fully_resolved_local,reference_80,delta_contact_network,03_add_experimental_pdb_geometry,04_add_contact_network,0.011765789114731806,0.011636122287894846,0.0073058867299531345,0.016613117724800036,2000,2000,1.0,0.0,193,1005,5664
esm3_top28_bilstm_attn,1,test,fully_resolved_local,reference_80,delta_ecod_domain,04_add_contact_network,05_add_ecod_domain,0.0056648784794675056,0.0056364875317236884,0.0034507817546689966,0.008192272466037109,2000,2000,1.0,0.0,193,1005,5664
esm3_top28_bilstm_attn,1,test,fully_resolved_local,reference_80,delta_total_external_structure,01_base_biophysics,05_add_ecod_domain,0.0432233922448908,0.04315145300285611,0.03415904441166276,0.05230047990720775,2000,2000,1.0,0.0,193,1005,5664
esm3_top4_bilstm_attn,1,test,fully_resolved_local,reference_80,delta_local_annotation,01_base_biophysics,02_add_local_sequence_or_annotation_geometry,0.01649897246797094,0.016409698948186224,0.008982796616306946,0.024537900230599183,2000,2000,1.0,0.0,201,980,5783
esm3_top4_bilstm_attn,1,test,fully_resolved_local,reference_80,delta_experimental_pdb_geometry,02_add_local_sequence_or_annotation_geometry,03_add_experimental_pdb_geometry,0.011431704869340864,0.011447950019201791,0.005578044902356205,0.01741297227340492,2000,2000,1.0,0.0,201,980,5783
esm3_top4_bilstm_attn,1,test,fully_resolved_local,reference_80,delta_contact_network,03_add_experimental_pdb_geometry,04_add_contact_network,0.015733350291400106,0.015667846733482427,0.010651952057530778,0.021051146966809604,2000,2000,1.0,0.0,201,980,5783
esm3_top4_bilstm_attn,1,test,fully_resolved_local,reference_80,delta_ecod_domain,04_add_contact_network,05_add_ecod_domain,0.008069634361268951,0.008086540696370825,0.00550731600496863,0.010844286106916151,2000,2000,1.0,0.0,201,980,5783
esm3_top4_bilstm_attn,1,test,fully_resolved_local,reference_80,delta_total_external_structure,01_base_biophysics,05_add_ecod_domain,0.05173366198998086,0.05170362864926498,0.04110137000485124,0.06207222377954198,2000,2000,1.0,0.0,201,980,5783
esm2_frozen_bilstm_attn,1,test,fully_resolved_geometry,reference_80,delta_local_annotation,01_base_biophysics,02_add_local_sequence_or_annotation_geometry,0.01397444298662709,0.013847590734901327,0.00308930511352829,0.023970810143684507,2000,2000,1.0,0.006,192,733,2982
esm2_frozen_bilstm_attn,1,test,fully_resolved_geometry,reference_80,delta_experimental_pdb_geometry,02_add_local_sequence_or_annotation_geometry,03_add_experimental_pdb_geometry,-0.0009892675536049556,-0.0010558525850015155,-0.009250874213790682,0.007050707722209411,2000,2000,1.0,0.5955,192,733,2982
esm2_frozen_bilstm_attn,1,test,fully_resolved_geometry,reference_80,delta_contact_network,03_add_experimental_pdb_geometry,04_add_contact_network,0.008057973076643465,0.008036050080725166,0.0031345706341234596,0.013196177866549147,2000,2000,1.0,0.001,192,733,2982
esm2_frozen_bilstm_attn,1,test,fully_resolved_geometry,reference_80,delta_ecod_domain,04_add_contact_network,05_add_ecod_domain,0.0013175631987064618,0.0013480206650980375,-0.0005096686632714315,0.003197546671263967,2000,2000,1.0,0.075,192,733,2982
esm2_frozen_bilstm_attn,1,test,fully_resolved_geometry,reference_80,delta_total_external_structure,01_base_biophysics,05_add_ecod_domain,0.02236071170837206,0.022263609353889935,0.009876418490391175,0.034140746969427684,2000,2000,1.0,0.001,192,733,2982
esm2_top28_bilstm_attn,1,test,fully_resolved_geometry,reference_80,delta_local_annotation,01_base_biophysics,02_add_local_sequence_or_annotation_geometry,0.0249176118969181,0.024951659439164275,0.01276055922011202,0.0378738867837197,2000,2000,1.0,0.0,193,855,2801
esm2_top28_bilstm_attn,1,test,fully_resolved_geometry,reference_80,delta_experimental_pdb_geometry,02_add_local_sequence_or_annotation_geometry,03_add_experimental_pdb_geometry,0.0006906322479677263,0.0005678791075967027,-0.00559097097546826,0.007080337390597665,2000,2000,1.0,0.42,193,855,2801
esm2_top28_bilstm_attn,1,test,fully_resolved_geometry,reference_80,delta_contact_network,03_add_experimental_pdb_geometry,04_add_contact_network,0.00904760260120574,0.008985166786522725,0.004087105937899441,0.014130211955559129,2000,2000,1.0,0.0,193,855,2801
esm2_top28_bilstm_attn,1,test,fully_resolved_geometry,reference_80,delta_ecod_domain,04_add_contact_network,05_add_ecod_domain,0.006957772187606848,0.006955951280507855,0.0034446463777413313,0.01048262919348971,2000,2000,1.0,0.0,193,855,2801
esm2_top28_bilstm_attn,1,test,fully_resolved_geometry,reference_80,delta_total_external_structure,01_base_biophysics,05_add_ecod_domain,0.041613618933698415,0.04156961494115646,0.02742305275535225,0.05601402697032611,2000,2000,1.0,0.0,193,855,2801
esm2_top4_bilstm_attn,1,test,fully_resolved_geometry,reference_80,delta_local_annotation,01_base_biophysics,02_add_local_sequence_or_annotation_geometry,0.03512209630387231,0.03508452619646146,0.02387441048966585,0.04636858302541528,2000,2000,1.0,0.0,196,890,2777
esm2_top4_bilstm_attn,1,test,fully_resolved_geometry,reference_80,delta_experimental_pdb_geometry,02_add_local_sequence_or_annotation_geometry,03_add_experimental_pdb_geometry,0.0038451579857856633,0.0037952785227335917,-0.003662338079359939,0.011251281282639736,2000,2000,1.0,0.161,196,890,2777
esm2_top4_bilstm_attn,1,test,fully_resolved_geometry,reference_80,delta_contact_network,03_add_experimental_pdb_geometry,04_add_contact_network,0.010270012901606562,0.01016759719611654,0.0057136993000598355,0.015303558540211282,2000,2000,1.0,0.0,196,890,2777
esm2_top4_bilstm_attn,1,test,fully_resolved_geometry,reference_80,delta_ecod_domain,04_add_contact_network,05_add_ecod_domain,0.00911440699661703,0.009110005271756316,0.00511500222316284,0.013398828002689689,2000,2000,1.0,0.0,196,890,2777
esm2_top4_bilstm_attn,1,test,fully_resolved_geometry,reference_80,delta_total_external_structure,01_base_biophysics,05_add_ecod_domain,0.058351674187881564,0.058176264964918345,0.043601272561025334,0.07370474911879528,2000,2000,1.0,0.0,196,890,2777
esm3_frozen_bilstm_attn,1,test,fully_resolved_geometry,reference_80,delta_local_annotation,01_base_biophysics,02_add_local_sequence_or_annotation_geometry,0.02246417679608248,0.022479274887999223,0.011238205225913797,0.033644534140458475,2000,2000,1.0,0.0005,192,787,2984
esm3_frozen_bilstm_attn,1,test,fully_resolved_geometry,reference_80,delta_experimental_pdb_geometry,02_add_local_sequence_or_annotation_geometry,03_add_experimental_pdb_geometry,0.001314493983582521,0.001366845144938178,-0.005731721289244249,0.008126528964261647,2000,2000,1.0,0.3595,192,787,2984
esm3_frozen_bilstm_attn,1,test,fully_resolved_geometry,reference_80,delta_contact_network,03_add_experimental_pdb_geometry,04_add_contact_network,0.012158524416676308,0.01216662755226261,0.004996188379684657,0.019315921120558056,2000,2000,1.0,0.001,192,787,2984
esm3_frozen_bilstm_attn,1,test,fully_resolved_geometry,reference_80,delta_ecod_domain,04_add_contact_network,05_add_ecod_domain,0.007437276288403516,0.00747727950392113,0.004423752893252994,0.010672499764391895,2000,2000,1.0,0.0,192,787,2984
esm3_frozen_bilstm_attn,1,test,fully_resolved_geometry,reference_80,delta_total_external_structure,01_base_biophysics,05_add_ecod_domain,0.043374471484744825,0.04334622687759365,0.028747355297138313,0.05847811506133196,2000,2000,1.0,0.0,192,787,2984
esm3_top28_bilstm_attn,1,test,fully_resolved_geometry,reference_80,delta_local_annotation,01_base_biophysics,02_add_local_sequence_or_annotation_geometry,0.018604574629905613,0.018683552561779115,0.010287396768758342,0.027320041417885323,2000,2000,1.0,0.0,186,792,2980
esm3_top28_bilstm_attn,1,test,fully_resolved_geometry,reference_80,delta_experimental_pdb_geometry,02_add_local_sequence_or_annotation_geometry,03_add_experimental_pdb_geometry,0.001791834904564471,0.0017888463433782809,-0.006396026031678906,0.010013605045199048,2000,2000,1.0,0.3315,186,792,2980
esm3_top28_bilstm_attn,1,test,fully_resolved_geometry,reference_80,delta_contact_network,03_add_experimental_pdb_geometry,04_add_contact_network,0.008993197947204545,0.008858750670972693,0.0024232008283847834,0.015778103311955116,2000,2000,1.0,0.004,186,792,2980
esm3_top28_bilstm_attn,1,test,fully_resolved_geometry,reference_80,delta_ecod_domain,04_add_contact_network,05_add_ecod_domain,0.0066145096688796645,0.006634210239369109,0.0036292500100343545,0.009814895806508083,2000,2000,1.0,0.0,186,792,2980
esm3_top28_bilstm_attn,1,test,fully_resolved_geometry,reference_80,delta_total_external_structure,01_base_biophysics,05_add_ecod_domain,0.03600411715055429,0.036184578115801,0.023959584180883252,0.04819036156834165,2000,2000,1.0,0.0,186,792,2980
esm3_top4_bilstm_attn,1,test,fully_resolved_geometry,reference_80,delta_local_annotation,01_base_biophysics,02_add_local_sequence_or_annotation_geometry,0.016766617111207527,0.016809058839712232,0.0075402537933459135,0.027053813984410868,2000,2000,1.0,0.0005,195,789,3067
esm3_top4_bilstm_attn,1,test,fully_resolved_geometry,reference_80,delta_experimental_pdb_geometry,02_add_local_sequence_or_annotation_geometry,03_add_experimental_pdb_geometry,0.004777111978146453,0.00481966712902987,-0.0033669379357767425,0.012982719065113056,2000,2000,1.0,0.1175,195,789,3067
esm3_top4_bilstm_attn,1,test,fully_resolved_geometry,reference_80,delta_contact_network,03_add_experimental_pdb_geometry,04_add_contact_network,0.016010813076406505,0.015861068801522826,0.00917812062779671,0.02297152846226852,2000,2000,1.0,0.0,195,789,3067
esm3_top4_bilstm_attn,1,test,fully_resolved_geometry,reference_80,delta_ecod_domain,04_add_contact_network,05_add_ecod_domain,0.010358269106222506,0.010422566928144028,0.006590257226411975,0.014604945547178566,2000,2000,1.0,0.0,195,789,3067
esm3_top4_bilstm_attn,1,test,fully_resolved_geometry,reference_80,delta_total_external_structure,01_base_biophysics,05_add_ecod_domain,0.04791281127198299,0.047799658512853394,0.035491101371110834,0.06217569229529071,2000,2000,1.0,0.0,195,789,3067
