condition,split,sign,label,metric,metric_description,n_proteins,n_bands,case_macro_protein_mean,control_macro_protein_mean,case_minus_control_macro_mean,ci95_low,ci95_high,inference_eligible,wilcoxon_p_two_sided,wilcoxon_q_bh
esm2_frozen_bilstm_attn,test,-1,rigidity_supporting,attention_breadth,attention column mean B_j,194,1154,0.006984280044979579,0.004551213515475638,0.0024330665295039158,0.0019684205497092306,0.002897712509298601,True,1.3159627585171792e-22,1.3220835155335382e-22
esm2_frozen_bilstm_attn,test,-1,rigidity_supporting,directional_evidence,sign * intrinsic signed evidence s_j,194,1154,1.6242308167821922,0.2762769180981049,1.347953898684087,1.293278660712784,1.4026291366553902,True,1.4047835044851406e-33,1.6226376308491463e-33
esm2_frozen_bilstm_attn,test,-1,rigidity_supporting,directional_influence,sign * I_j,194,1154,0.012425264916588895,0.0009987002493719859,0.011426564667216883,0.010110816166178744,0.012742313168255021,True,1.4047835044851406e-33,1.6226376308491463e-33
esm2_frozen_bilstm_attn,test,-1,rigidity_supporting,log_abs_evidence,log absolute intrinsic evidence,194,1154,0.41562973937195813,-0.9462685916380601,1.3618983310100183,1.311264642195346,1.4125320198246907,True,2.038189333731938e-33,2.3293592385507863e-33
esm2_frozen_bilstm_attn,test,-1,rigidity_supporting,log_abs_influence,log absolute signed influence,194,1154,-4.796200188282107,-6.533793992814061,1.7375938045319532,1.6617010303469217,1.8134865787169847,True,1.5904968202238596e-33,1.8273793253635835e-33
esm2_frozen_bilstm_attn,test,-1,rigidity_supporting,log_attention_breadth,log attention column mean,194,1154,-5.211829927628335,-5.587525400275134,0.37569547264679903,0.32643630746361074,0.4249546378299873,True,2.5527648813199282e-25,2.676685506626721e-25
esm2_frozen_bilstm_attn,test,1,flexibility_supporting,attention_breadth,attention column mean B_j,206,1297,0.0129018054164031,0.005342716015273811,0.007559089401129242,0.006608683191507377,0.008509495610751108,True,1.7264881772682771e-35,2.782995867835432e-35
esm2_frozen_bilstm_attn,test,1,flexibility_supporting,directional_evidence,sign * intrinsic signed evidence s_j,206,1297,1.4230962342104212,0.255156777663891,1.16793945654653,1.1236550912363692,1.2122238218566908,True,1.4917535432629874e-35,2.4959094958959715e-35
esm2_frozen_bilstm_attn,test,1,flexibility_supporting,directional_influence,sign * I_j,206,1297,0.020450673174429407,0.001731981871857772,0.0187186913025716,0.016376515637437312,0.021060866967705885,True,1.4917535432629874e-35,2.4959094958959715e-35
esm2_frozen_bilstm_attn,test,1,flexibility_supporting,log_abs_evidence,log absolute intrinsic evidence,206,1297,0.31332361114785423,-0.9519048323002527,1.265228443448107,1.2200613139509828,1.310395572945231,True,1.4917535432629874e-35,2.4959094958959715e-35
esm2_frozen_bilstm_attn,test,1,flexibility_supporting,log_abs_influence,log absolute signed influence,206,1297,-4.319503884279085,-6.378322974932008,2.0588190906529222,1.9918887674647618,2.1257494138410826,True,1.4917535432629874e-35,2.4959094958959715e-35
esm2_frozen_bilstm_attn,test,1,flexibility_supporting,log_attention_breadth,log attention column mean,206,1297,-4.632827498783687,-5.4264181430510146,0.7935906442673262,0.7576624375626992,0.8295188509719531,True,1.5815784844098565e-35,2.5685785912220225e-35
esm2_frozen_bilstm_attn,train,-1,rigidity_supporting,attention_breadth,attention column mean B_j,909,5530,0.0076638172102898045,0.005018826630501811,0.002644990579787968,0.0024280075866347146,0.0028619735729412212,True,2.821404070853247e-107,8.832221439192773e-107
esm2_frozen_bilstm_attn,train,-1,rigidity_supporting,directional_evidence,sign * intrinsic signed evidence s_j,909,5530,1.6144842989394224,0.26845159395063173,1.3460327049887908,1.3207585437242981,1.3713068662532835,True,2.9057702798562355e-150,1.3644486531498845e-149
esm2_frozen_bilstm_attn,train,-1,rigidity_supporting,directional_influence,sign * I_j,909,5530,0.013342233261019647,0.0010754494565696053,0.012266783804450019,0.011590324477704847,0.01294324313119519,True,4.8629799081402223e-150,2.234901404592102e-149
esm2_frozen_bilstm_attn,train,-1,rigidity_supporting,log_abs_evidence,log absolute intrinsic evidence,909,5530,0.4105192327722318,-0.9462055715560621,1.356724804328294,1.3311153000372704,1.3823343086193176,True,1.0179674831413346e-149,4.311391693304476e-149
esm2_frozen_bilstm_attn,train,-1,rigidity_supporting,log_abs_influence,log absolute signed influence,909,5530,-4.75177207143724,-6.481814927785445,1.7300428563482049,1.6949768705722523,1.7651088421241574,True,5.604250890521847e-150,2.5219129007348312e-149
esm2_frozen_bilstm_attn,train,-1,rigidity_supporting,log_attention_breadth,log attention column mean,909,5530,-5.162291304293694,-5.535609356165892,0.3733180518721992,0.3520112080046063,0.3946248957397921,True,2.4437604711078195e-115,7.878391966556552e-115
esm2_frozen_bilstm_attn,train,1,flexibility_supporting,attention_breadth,attention column mean B_j,960,6070,0.013787778397426379,0.005960274231429639,0.007827504165996691,0.0073216020330783,0.008333406298915082,True,8.69017734420505e-158,2.1332388098412475e-156
esm2_frozen_bilstm_attn,train,1,flexibility_supporting,directional_evidence,sign * intrinsic signed evidence s_j,960,6070,1.4293052210405044,0.2715460898810139,1.1577591311594904,1.1355332308010788,1.179985031517902,True,1.10957545712362e-158,6.622386525909235e-157
esm2_frozen_bilstm_attn,train,1,flexibility_supporting,directional_influence,sign * I_j,960,6070,0.02210214619835805,0.0020655972797057236,0.02003654891865229,0.0187712641112358,0.02130183372606878,True,1.10957545712362e-158,6.622386525909235e-157
esm2_frozen_bilstm_attn,train,1,flexibility_supporting,log_abs_evidence,log absolute intrinsic evidence,960,6070,0.31507168525361373,-0.9114075385326167,1.2264792237862305,1.2057409599501072,1.2472174876223538,True,1.2263678751683769e-158,6.622386525909235e-157
esm2_frozen_bilstm_attn,train,1,flexibility_supporting,log_abs_influence,log absolute signed influence,960,6070,-4.288672006910923,-6.27737476432929,1.9887027574183667,1.9574049216605978,2.020000593176136,True,1.2035710641445322e-158,6.622386525909235e-157
esm2_frozen_bilstm_attn,train,1,flexibility_supporting,log_attention_breadth,log attention column mean,960,6070,-4.603743691552906,-5.365967226364658,0.7622235348117515,0.7444065022787557,0.7800405673447474,True,2.1193745738614166e-158,9.15569815908132e-157
esm2_frozen_bilstm_attn,validation,-1,rigidity_supporting,attention_breadth,attention column mean B_j,199,1160,0.006801094861621705,0.004366098035058042,0.0024349968265636383,0.0019595930442150764,0.0029104006089122002,True,1.0279097894452823e-23,1.0473043137744385e-23
esm2_frozen_bilstm_attn,validation,-1,rigidity_supporting,directional_evidence,sign * intrinsic signed evidence s_j,199,1160,1.637075657247967,0.31603094497052964,1.3210447122774374,1.2696427030005937,1.372446721554281,True,2.1919876276117707e-34,2.7368169223360836e-34
esm2_frozen_bilstm_attn,validation,-1,rigidity_supporting,directional_influence,sign * I_j,199,1160,0.012271067904725964,0.0011377661012076268,0.011133301803518307,0.00984901251234256,0.012417591094694055,True,2.0946889654506974e-34,2.630539631031108e-34
esm2_frozen_bilstm_attn,validation,-1,rigidity_supporting,log_abs_evidence,log absolute intrinsic evidence,199,1160,0.4203612621420207,-0.913800760087959,1.33416202222998,1.278648213801376,1.389675830658584,True,2.791930440286587e-34,3.465844684493694e-34
esm2_frozen_bilstm_attn,validation,-1,rigidity_supporting,log_abs_influence,log absolute signed influence,199,1160,-4.799578544988779,-6.516420380328901,1.7168418353401205,1.630975418286282,1.802708252393959,True,3.950437593674825e-34,4.8208729956709726e-34
esm2_frozen_bilstm_attn,validation,-1,rigidity_supporting,log_attention_breadth,log attention column mean,199,1160,-5.219939807004943,-5.602619621128879,0.382679814123935,0.3301304280459723,0.43522920020189765,True,9.616348742245204e-25,9.938427408253417e-25
esm2_frozen_bilstm_attn,validation,1,flexibility_supporting,attention_breadth,attention column mean B_j,208,1286,0.012944414122361551,0.005125050418684331,0.00781936370367717,0.006873411313755446,0.008765316093598893,True,7.013060631483342e-36,1.8033584480957166e-35
esm2_frozen_bilstm_attn,validation,1,flexibility_supporting,directional_evidence,sign * intrinsic signed evidence s_j,208,1286,1.4545789122929018,0.27100487491354286,1.1835740373793588,1.139371286683983,1.2277767880747348,True,7.013060631483342e-36,1.8033584480957166e-35
esm2_frozen_bilstm_attn,validation,1,flexibility_supporting,directional_influence,sign * I_j,208,1286,0.02110032796643448,0.0019332285940117848,0.019167099372422662,0.016909132248388,0.021425066496457323,True,7.013060631483342e-36,1.8033584480957166e-35
esm2_frozen_bilstm_attn,validation,1,flexibility_supporting,log_abs_evidence,log absolute intrinsic evidence,208,1286,0.3304113991624327,-0.953736937498121,1.2841483366605537,1.2405194510056112,1.3277772223154962,True,7.013060631483342e-36,1.8033584480957166e-35
esm2_frozen_bilstm_attn,validation,1,flexibility_supporting,log_abs_influence,log absolute signed influence,208,1286,-4.29113900025483,-6.402124168556444,2.110985168301613,2.0452835017722553,2.1766868348309707,True,7.013060631483342e-36,1.8033584480957166e-35
esm2_frozen_bilstm_attn,validation,1,flexibility_supporting,log_attention_breadth,log attention column mean,208,1286,-4.621550398073331,-5.448387230070239,0.8268368319969082,0.7904217567899241,0.8632519072038922,True,7.013060631483342e-36,1.8033584480957166e-35
esm2_top28_bilstm_attn,test,-1,rigidity_supporting,attention_breadth,attention column mean B_j,197,1103,0.007254631429970543,0.004233636171633541,0.003020995258336972,0.0026083386442873223,0.0034336518723866215,True,1.561557907018355e-30,1.7209005505916567e-30
esm2_top28_bilstm_attn,test,-1,rigidity_supporting,directional_evidence,sign * intrinsic signed evidence s_j,197,1103,1.2773060148983444,0.22072063272925332,1.0565853821690907,1.0096676593095,1.1035031050286814,True,4.525246018433445e-34,5.400293591058696e-34
esm2_top28_bilstm_attn,test,-1,rigidity_supporting,directional_influence,sign * I_j,197,1103,0.010400006679415518,0.0008884808271735965,0.009511525852241905,0.008518422902779144,0.010504628801704666,True,4.525246018433445e-34,5.400293591058696e-34
esm2_top28_bilstm_attn,test,-1,rigidity_supporting,log_abs_evidence,log absolute intrinsic evidence,197,1103,0.11495785760412564,-1.035226112993827,1.1501839705979526,1.088793102610498,1.2115748385854073,True,6.834104447345741e-34,8.022644351231957e-34
esm2_top28_bilstm_attn,test,-1,rigidity_supporting,log_abs_influence,log absolute signed influence,197,1103,-5.0415161630307495,-6.7002800538580605,1.6587638908273108,1.5646838913583756,1.752843890296246,True,1.095572659238555e-33,1.2791551048406912e-33
esm2_top28_bilstm_attn,test,-1,rigidity_supporting,log_attention_breadth,log attention column mean,197,1103,-5.156474018275054,-5.665053943229826,0.5085799249547712,0.46497695875398476,0.5521828911555577,True,1.8650470532951342e-31,2.0873065466929997e-31
esm2_top28_bilstm_attn,test,1,flexibility_supporting,attention_breadth,attention column mean B_j,206,1161,0.013713186267372534,0.00511787826602295,0.008595308001349534,0.007705388203793745,0.009485227798905323,True,1.5137228887146863e-35,2.4959094958959715e-35
esm2_top28_bilstm_attn,test,1,flexibility_supporting,directional_evidence,sign * intrinsic signed evidence s_j,206,1161,1.2252390330428753,0.3649384163203041,0.860300616722571,0.82785574614256,0.892745487302582,True,1.4917535432629874e-35,2.4959094958959715e-35
esm2_top28_bilstm_attn,test,1,flexibility_supporting,directional_influence,sign * I_j,206,1161,0.01784545900989031,0.0024163944536420364,0.015429064556248233,0.013786434783463499,0.017071694329032966,True,1.4917535432629874e-35,2.4959094958959715e-35
esm2_top28_bilstm_attn,test,1,flexibility_supporting,log_abs_evidence,log absolute intrinsic evidence,206,1161,0.17500081796646375,-0.9971524726540525,1.172153290620516,1.1183742515992345,1.2259323296417977,True,1.558630652508965e-35,2.5504865222873976e-35
esm2_top28_bilstm_attn,test,1,flexibility_supporting,log_abs_influence,log absolute signed influence,206,1161,-4.347354522448015,-6.479579478752471,2.132224956304455,2.055141478367385,2.209308434241525,True,1.5137228887146863e-35,2.4959094958959715e-35
esm2_top28_bilstm_attn,test,1,flexibility_supporting,log_attention_breadth,log attention column mean,206,1161,-4.522355335289644,-5.482427005244441,0.9600716699547985,0.9294603463551486,0.9906829935544484,True,1.5137228887146863e-35,2.4959094958959715e-35
esm2_top28_bilstm_attn,train,-1,rigidity_supporting,attention_breadth,attention column mean B_j,911,4902,0.008345703999637185,0.004852573249277005,0.003493130750360147,0.003257403703799814,0.00372885779692048,True,8.140555816417162e-132,2.83606460700985e-131
esm2_top28_bilstm_attn,train,-1,rigidity_supporting,directional_evidence,sign * intrinsic signed evidence s_j,911,4902,1.323220768715413,0.2304787566562259,1.0927420120591869,1.0695250597562243,1.1159589643621495,True,1.1098055278162543e-150,5.448136227461611e-150
esm2_top28_bilstm_attn,train,-1,rigidity_supporting,directional_influence,sign * I_j,911,4902,0.012336640624135201,0.0009142364230789448,0.011422404201056238,0.010785754018813754,0.012059054383298722,True,2.8940187663532387e-150,1.3644486531498845e-149
esm2_top28_bilstm_attn,train,-1,rigidity_supporting,log_abs_evidence,log absolute intrinsic evidence,911,4902,0.16621371937675147,-0.9195189096130801,1.0857326289898317,1.057610342922856,1.1138549150568073,True,2.2339901925520988e-147,8.465647045460585e-147
esm2_top28_bilstm_attn,train,-1,rigidity_supporting,log_abs_influence,log absolute signed influence,911,4902,-4.907742008232159,-6.520430833349516,1.612688825117356,1.5699795716273763,1.6553980786073355,True,7.179242959755864e-148,2.819484507831394e-147
esm2_top28_bilstm_attn,train,-1,rigidity_supporting,log_attention_breadth,log attention column mean,911,4902,-5.073955727705739,-5.600911923468404,0.5269561957626651,0.5061284383101397,0.5477839532151905,True,3.8133853726820684e-141,1.3503135090152897e-140
esm2_top28_bilstm_attn,train,1,flexibility_supporting,attention_breadth,attention column mean B_j,943,5164,0.014735590851762848,0.0056194756808704595,0.00911611517089234,0.008645760713146135,0.009586469628638544,True,6.571307762144955e-156,4.9101008037601545e-155
esm2_top28_bilstm_attn,train,1,flexibility_supporting,directional_evidence,sign * intrinsic signed evidence s_j,943,5164,1.2361675439855182,0.3608836744270559,0.8752838695584622,0.8582511550188237,0.8923165840981007,True,6.571307762144955e-156,4.9101008037601545e-155
esm2_top28_bilstm_attn,train,1,flexibility_supporting,directional_influence,sign * I_j,943,5164,0.019355066998593823,0.002747158303936905,0.016607908694656878,0.015734942985564382,0.017480874403749375,True,6.571307762144955e-156,4.9101008037601545e-155
esm2_top28_bilstm_attn,train,1,flexibility_supporting,log_abs_evidence,log absolute intrinsic evidence,943,5164,0.18230220080964774,-0.8870786832220136,1.0693808840316614,1.046135836258298,1.0926259318050249,True,6.592264968011319e-156,4.9101008037601545e-155
esm2_top28_bilstm_attn,train,1,flexibility_supporting,log_abs_influence,log absolute signed influence,943,5164,-4.313367245857524,-6.336036613140539,2.022669367283014,1.9877769287964207,2.0575618057696072,True,6.571307762144955e-156,4.9101008037601545e-155
esm2_top28_bilstm_attn,train,1,flexibility_supporting,log_attention_breadth,log attention column mean,943,5164,-4.495669445497172,-5.448957929787048,0.9532884842898759,0.9377681545851075,0.9688088139946442,True,6.571307762144955e-156,4.9101008037601545e-155
esm2_top28_bilstm_attn,validation,-1,rigidity_supporting,attention_breadth,attention column mean B_j,204,1092,0.00731021667511499,0.00429576786443458,0.0030144488106803825,0.002540146746284081,0.003488750875076684,True,9.274062837450666e-31,1.0272808066099199e-30
esm2_top28_bilstm_attn,validation,-1,rigidity_supporting,directional_evidence,sign * intrinsic signed evidence s_j,204,1092,1.2802437578259371,0.24333113719773292,1.036912620628204,0.9910676512066955,1.0827575900497124,True,3.173265877226967e-35,4.7931848215456286e-35
esm2_top28_bilstm_attn,validation,-1,rigidity_supporting,directional_influence,sign * I_j,204,1092,0.010584314025189686,0.000942625199038761,0.009641688826150902,0.008637135803675023,0.01064624184862678,True,3.173265877226967e-35,4.7931848215456286e-35
esm2_top28_bilstm_attn,validation,-1,rigidity_supporting,log_abs_evidence,log absolute intrinsic evidence,204,1092,0.1196051157840463,-1.038579258450853,1.1581843742348994,1.0936804345456894,1.2226883139241094,True,6.068090308929606e-35,8.916377596794523e-35
esm2_top28_bilstm_attn,validation,-1,rigidity_supporting,log_abs_influence,log absolute signed influence,204,1092,-5.020064692794331,-6.682764386629938,1.662699693835608,1.5620871636639357,1.7633122240072803,True,4.236043967537034e-34,5.111650821162007e-34
esm2_top28_bilstm_attn,validation,-1,rigidity_supporting,log_attention_breadth,log attention column mean,204,1092,-5.139669807817927,-5.644185128331069,0.5045153205131413,0.45617293697653233,0.5528577040497503,True,1.8882806367523396e-31,2.1024155543221923e-31
esm2_top28_bilstm_attn,validation,1,flexibility_supporting,attention_breadth,attention column mean B_j,207,1168,0.013350994837557088,0.005163172078324662,0.008187822759232377,0.007481766569637425,0.00889387894882733,True,1.022821555889401e-35,1.9725844292152732e-35
esm2_top28_bilstm_attn,validation,1,flexibility_supporting,directional_evidence,sign * intrinsic signed evidence s_j,207,1168,1.2277944873011173,0.3716010192564449,0.8561934680446722,0.823638917796515,0.8887480182928295,True,1.022821555889401e-35,1.9725844292152732e-35
esm2_top28_bilstm_attn,validation,1,flexibility_supporting,directional_influence,sign * I_j,207,1168,0.017343380801004647,0.00267207184480648,0.014671308956198125,0.013388260566686896,0.015954357345709352,True,1.022821555889401e-35,1.9725844292152732e-35
esm2_top28_bilstm_attn,validation,1,flexibility_supporting,log_abs_evidence,log absolute intrinsic evidence,207,1168,0.17463573073817018,-0.9232972104663374,1.0979329412045076,1.050782119813538,1.145083762595477,True,1.022821555889401e-35,1.9725844292152732e-35
esm2_top28_bilstm_attn,validation,1,flexibility_supporting,log_abs_influence,log absolute signed influence,207,1168,-4.352143362700351,-6.400070016461941,2.0479266537615897,1.9789108047593413,2.116942502763838,True,1.022821555889401e-35,1.9725844292152732e-35
esm2_top28_bilstm_attn,validation,1,flexibility_supporting,log_attention_breadth,log attention column mean,207,1168,-4.526779091600984,-5.476772807072622,0.9499937154716368,0.9199240304124229,0.9800634005308507,True,1.022821555889401e-35,1.9725844292152732e-35
esm2_top4_bilstm_attn,test,-1,rigidity_supporting,attention_breadth,attention column mean B_j,200,1123,0.007009187474908367,0.004375617382244401,0.0026335700926639416,0.002217050329706807,0.0030500898556210763,True,6.933319831002517e-28,7.525613484907255e-28
esm2_top4_bilstm_attn,test,-1,rigidity_supporting,directional_evidence,sign * intrinsic signed evidence s_j,200,1123,1.2177598857138465,0.2741622792935363,0.9435976064203102,0.8994020771464346,0.9877931356941858,True,1.4361059590739e-34,1.8686679949395325e-34
esm2_top4_bilstm_attn,test,-1,rigidity_supporting,directional_influence,sign * I_j,200,1123,0.009572880971482284,0.0012471285445628207,0.00832575242691944,0.007404025816378578,0.0092474790374603,True,1.4361059590739e-34,1.8686679949395325e-34
esm2_top4_bilstm_attn,test,-1,rigidity_supporting,log_abs_evidence,log absolute intrinsic evidence,200,1123,0.06961697625469632,-1.1322119479851978,1.201828924239894,1.1370266757013487,1.2666311727784394,True,1.7998100626745213e-34,2.273444289694132e-34
esm2_top4_bilstm_attn,test,-1,rigidity_supporting,log_abs_influence,log absolute signed influence,200,1123,-5.129044164112716,-6.766042907893282,1.6369987437805662,1.5466290509771372,1.7273684365839952,True,1.5252627675716763e-34,1.949448270979184e-34
esm2_top4_bilstm_attn,test,-1,rigidity_supporting,log_attention_breadth,log attention column mean,200,1123,-5.198661139520675,-5.633830959638689,0.43516982011801403,0.3902938097095831,0.48004583052644495,True,1.9084999159088748e-29,2.092568435717345e-29
esm2_top4_bilstm_attn,test,1,flexibility_supporting,attention_breadth,attention column mean B_j,202,1171,0.014206629050345037,0.005174319341666933,0.00903230970867806,0.00816611800677623,0.009898501410579888,True,6.75050294553107e-35,9.468237897627995e-35
esm2_top4_bilstm_attn,test,1,flexibility_supporting,directional_evidence,sign * intrinsic signed evidence s_j,202,1171,1.1376961986539673,0.3117447865079899,0.8259514121459773,0.7935424591588054,0.8583603651331493,True,6.75050294553107e-35,9.468237897627995e-35
esm2_top4_bilstm_attn,test,1,flexibility_supporting,directional_influence,sign * I_j,202,1171,0.017385947443632355,0.0020763585223093337,0.015309588921322987,0.013820787427857546,0.01679839041478843,True,6.75050294553107e-35,9.468237897627995e-35
esm2_top4_bilstm_attn,test,1,flexibility_supporting,log_abs_evidence,log absolute intrinsic evidence,202,1171,0.101009471179275,-1.150232582437581,1.2512420536168558,1.1972584332662703,1.3052256739674413,True,6.75050294553107e-35,9.468237897627995e-35
esm2_top4_bilstm_attn,test,1,flexibility_supporting,log_abs_influence,log absolute signed influence,202,1171,-4.393595691234416,-6.621547771601892,2.2279520803674755,2.1484368750114333,2.3074672857235177,True,6.75050294553107e-35,9.468237897627995e-35
esm2_top4_bilstm_attn,test,1,flexibility_supporting,log_attention_breadth,log attention column mean,202,1171,-4.4946051613345075,-5.471315187561294,0.9767100262267867,0.9414458992551118,1.0119741531984616,True,6.75050294553107e-35,9.468237897627995e-35
esm2_top4_bilstm_attn,train,-1,rigidity_supporting,attention_breadth,attention column mean B_j,913,5205,0.00764645855270971,0.004789586316497456,0.0028568722362122263,0.0026472851209104987,0.003066459351513954,True,2.5268351957491697e-117,8.396867727412625e-117
esm2_top4_bilstm_attn,train,-1,rigidity_supporting,directional_evidence,sign * intrinsic signed evidence s_j,913,5205,1.222750721129729,0.2676726770002098,0.9550780441295192,0.9347285916439937,0.9754274966150448,True,5.3759923168933016e-151,2.700498466160356e-150
esm2_top4_bilstm_attn,train,-1,rigidity_supporting,directional_influence,sign * I_j,913,5205,0.010459242875714887,0.0012224421589823932,0.009236800716732468,0.00872901790197279,0.009744583531492147,True,5.828514461089903e-150,2.5693043338682023e-149
esm2_top4_bilstm_attn,train,-1,rigidity_supporting,log_abs_evidence,log absolute intrinsic evidence,913,5205,0.07138479533451937,-1.0995949092140989,1.170979704548618,1.1395368276917561,1.20242258140548,True,2.686936731944631e-147,1.0006523001724833e-146
esm2_top4_bilstm_attn,train,-1,rigidity_supporting,log_abs_influence,log absolute signed influence,913,5205,-5.084600165272739,-6.694033475333298,1.6094333100605591,1.5638870981293107,1.6549795219918075,True,1.1539389203835247e-145,4.154180113380689e-145
esm2_top4_bilstm_attn,train,-1,rigidity_supporting,log_attention_breadth,log attention column mean,913,5205,-5.155984958978199,-5.59443856680126,0.4384536078230613,0.4168967718133676,0.460010443832755,True,1.2380109183670766e-125,4.244608862972834e-125
esm2_top4_bilstm_attn,train,1,flexibility_supporting,attention_breadth,attention column mean B_j,948,5456,0.0159724833327096,0.005806818223619659,0.01016566510908989,0.009620320520426242,0.01071100969775354,True,1.0050899800435234e-156,9.507444522575038e-156
esm2_top4_bilstm_attn,train,1,flexibility_supporting,directional_evidence,sign * intrinsic signed evidence s_j,948,5456,1.13327789538504,0.3163062190632991,0.816971676321741,0.8017320129015939,0.832211339741888,True,1.0050899800435234e-156,9.507444522575038e-156
esm2_top4_bilstm_attn,train,1,flexibility_supporting,directional_influence,sign * I_j,948,5456,0.019625620392747734,0.002373795454586516,0.017251824938161176,0.016300727964706718,0.018202921911615634,True,1.0050899800435234e-156,9.507444522575038e-156
esm2_top4_bilstm_attn,train,1,flexibility_supporting,log_abs_evidence,log absolute intrinsic evidence,948,5456,0.09029481545454529,-1.1241108156178374,1.2144056310723828,1.1878348318278662,1.2409764303168993,True,1.0114770486122999e-156,9.507444522575038e-156
esm2_top4_bilstm_attn,train,1,flexibility_supporting,log_abs_influence,log absolute signed influence,948,5456,-4.349897761258595,-6.533827292519232,2.1839295312606373,2.146002925901499,2.2218561366197753,True,1.0082784639577412e-156,9.507444522575038e-156
esm2_top4_bilstm_attn,train,1,flexibility_supporting,log_attention_breadth,log attention column mean,948,5456,-4.440192575874812,-5.409716476549332,0.9695239006745197,0.9522547885698252,0.9867930127792142,True,1.0050899800435234e-156,9.507444522575038e-156
esm2_top4_bilstm_attn,validation,-1,rigidity_supporting,attention_breadth,attention column mean B_j,201,1117,0.006763215602305358,0.004142679666440847,0.002620535935864489,0.0021985012076024303,0.0030425706641265477,True,1.2751068184267084e-27,1.3771153639008451e-27
esm2_top4_bilstm_attn,validation,-1,rigidity_supporting,directional_evidence,sign * intrinsic signed evidence s_j,201,1117,1.2127145755388438,0.2700720544735542,0.9426425210652893,0.897016425047972,0.9882686170826067,True,1.0454091156356772e-34,1.42017842124092e-34
esm2_top4_bilstm_attn,validation,-1,rigidity_supporting,directional_influence,sign * I_j,201,1117,0.009316885029449589,0.0011469216287678418,0.008169963400681726,0.007232691569341815,0.009107235232021636,True,1.0454091156356772e-34,1.42017842124092e-34
esm2_top4_bilstm_attn,validation,-1,rigidity_supporting,log_abs_evidence,log absolute intrinsic evidence,201,1117,0.058810385700188074,-1.104361946468844,1.163172332169032,1.093946347878515,1.232398316459549,True,1.2700066535613465e-34,1.714508982307818e-34
esm2_top4_bilstm_attn,validation,-1,rigidity_supporting,log_abs_influence,log absolute signed influence,201,1117,-5.157254021054202,-6.761134325836016,1.6038803047818122,1.5023317552334534,1.705428854330171,True,1.5195998880813563e-34,1.949448270979184e-34
esm2_top4_bilstm_attn,validation,-1,rigidity_supporting,log_attention_breadth,log attention column mean,201,1117,-5.216064407215124,-5.656772380183138,0.44070797296801545,0.39264837778210054,0.48876756815393035,True,1.1214440358024269e-28,1.2233934936026475e-28
esm2_top4_bilstm_attn,validation,1,flexibility_supporting,attention_breadth,attention column mean B_j,207,1180,0.014477537696345836,0.0050633219527197815,0.009414215743626008,0.008550780015123485,0.010277651472128531,True,1.022821555889401e-35,1.9725844292152732e-35
esm2_top4_bilstm_attn,validation,1,flexibility_supporting,directional_evidence,sign * intrinsic signed evidence s_j,207,1180,1.1465835653206105,0.32171890105248396,0.8248646642681268,0.7932389620417162,0.8564903664945374,True,1.022821555889401e-35,1.9725844292152732e-35
esm2_top4_bilstm_attn,validation,1,flexibility_supporting,directional_influence,sign * I_j,207,1180,0.018097338422588507,0.0022148981359531735,0.0158824402866353,0.014408070581190617,0.017356809992079985,True,1.022821555889401e-35,1.9725844292152732e-35
esm2_top4_bilstm_attn,validation,1,flexibility_supporting,log_abs_evidence,log absolute intrinsic evidence,207,1180,0.08797438585586473,-1.0861853724933463,1.1741597583492112,1.118535977447719,1.2297835392507033,True,1.099984688051478e-35,2.0841815142028005e-35
esm2_top4_bilstm_attn,validation,1,flexibility_supporting,log_abs_influence,log absolute signed influence,207,1180,-4.392011148752855,-6.563286620027663,2.1712754712748086,2.091015542063756,2.251535400485861,True,1.022821555889401e-35,1.9725844292152732e-35
esm2_top4_bilstm_attn,validation,1,flexibility_supporting,log_attention_breadth,log attention column mean,207,1180,-4.479985533016511,-5.477101247664103,0.9971157146475902,0.9602226426665674,1.034008786628613,True,1.022821555889401e-35,1.9725844292152732e-35
esm3_frozen_bilstm_attn,test,-1,rigidity_supporting,attention_breadth,attention column mean B_j,200,1158,0.0069312873158520645,0.004371816331649026,0.00255947098420302,0.0019913021144814533,0.003127639853924587,True,1.3243682940152243e-21,1.3243682940152245e-21
esm3_frozen_bilstm_attn,test,-1,rigidity_supporting,directional_evidence,sign * intrinsic signed evidence s_j,200,1158,1.5548271151562825,0.36121426866744955,1.1936128464888327,1.1400997320461286,1.2471259609315368,True,1.4578975098014203e-34,1.8856638450126155e-34
esm3_frozen_bilstm_attn,test,-1,rigidity_supporting,directional_influence,sign * I_j,200,1158,0.012547572248612781,0.0008911437527929648,0.011656428495819795,0.010453750880032394,0.012859106111607196,True,1.4361059590739e-34,1.8686679949395325e-34
esm3_frozen_bilstm_attn,test,-1,rigidity_supporting,log_abs_evidence,log absolute intrinsic evidence,200,1158,0.30083903258896216,-0.8435927049537696,1.1444317375427318,1.0819258889832093,1.2069375861022542,True,5.7903607006458285e-34,6.8345241056803225e-34
esm3_frozen_bilstm_attn,test,-1,rigidity_supporting,log_abs_influence,log absolute signed influence,200,1158,-4.953487306522052,-6.551653496052884,1.5981661895308321,1.4897804131267125,1.7065519659349517,True,1.0641819219615324e-32,1.197204662206724e-32
esm3_frozen_bilstm_attn,test,-1,rigidity_supporting,log_attention_breadth,log attention column mean,200,1158,-5.254326339556332,-5.708060791844685,0.45373445228835235,0.3893174945516007,0.518151410025104,True,2.1133165302546983e-23,2.1330671520327795e-23
esm3_frozen_bilstm_attn,test,1,flexibility_supporting,attention_breadth,attention column mean B_j,207,1229,0.017057317636013505,0.005121014944575163,0.0119363026914383,0.010671400815343589,0.013201204567533011,True,1.022821555889401e-35,1.9725844292152732e-35
esm3_frozen_bilstm_attn,test,1,flexibility_supporting,directional_evidence,sign * intrinsic signed evidence s_j,207,1229,1.2101357734139193,0.3030320491373709,0.9071037242765483,0.8697594410362351,0.9444480075168614,True,1.022821555889401e-35,1.9725844292152732e-35
esm3_frozen_bilstm_attn,test,1,flexibility_supporting,directional_influence,sign * I_j,207,1229,0.024405239800837825,0.0024286770382721816,0.021976562762565616,0.019587219979481464,0.02436590554564977,True,1.022821555889401e-35,1.9725844292152732e-35
esm3_frozen_bilstm_attn,test,1,flexibility_supporting,log_abs_evidence,log absolute intrinsic evidence,207,1229,0.1073585452663902,-1.067323507465754,1.1746820527321442,1.120955293672596,1.2284088117916925,True,1.0684486923426731e-35,2.042344403062101e-35
esm3_frozen_bilstm_attn,test,1,flexibility_supporting,log_abs_influence,log absolute signed influence,207,1229,-4.343439464577656,-6.59972460043305,2.256285135855394,2.1717176107427356,2.3408526609680527,True,1.022821555889401e-35,1.9725844292152732e-35
esm3_frozen_bilstm_attn,test,1,flexibility_supporting,log_attention_breadth,log attention column mean,207,1229,-4.450798009868703,-5.532401094771058,1.0816030849023548,1.0406544092929326,1.122551760511777,True,1.022821555889401e-35,1.9725844292152732e-35
esm3_frozen_bilstm_attn,train,-1,rigidity_supporting,attention_breadth,attention column mean B_j,918,5397,0.007575774848607106,0.004406182726457928,0.0031695921221491525,0.0029203983041177564,0.0034187859401805486,True,1.0187697857788663e-105,3.1436324818319303e-105
esm3_frozen_bilstm_attn,train,-1,rigidity_supporting,directional_evidence,sign * intrinsic signed evidence s_j,918,5397,1.5494690652866605,0.3435656563448155,1.2059034089418448,1.1822657293413763,1.2295410885423133,True,7.981436573919118e-152,4.536816578859288e-151
esm3_frozen_bilstm_attn,train,-1,rigidity_supporting,directional_influence,sign * I_j,918,5397,0.013537293251196488,0.0011790068334970817,0.012358286417699383,0.011728953346058807,0.01298761948933996,True,7.981436573919118e-152,4.536816578859288e-151
esm3_frozen_bilstm_attn,train,-1,rigidity_supporting,log_abs_evidence,log absolute intrinsic evidence,918,5397,0.29683436428356175,-0.9035850623927034,1.200419426676265,1.169893196197617,1.2309456571549129,True,2.0165219584600552e-148,8.066087833840222e-148
esm3_frozen_bilstm_attn,train,-1,rigidity_supporting,log_abs_influence,log absolute signed influence,918,5397,-4.908612696166949,-6.632014244819176,1.7234015486522276,1.67349110006528,1.7733119972391753,True,4.9795615704138357e-147,1.8230259308633705e-146
esm3_frozen_bilstm_attn,train,-1,rigidity_supporting,log_attention_breadth,log attention column mean,918,5397,-5.205447060700801,-5.728429182219608,0.5229821215188065,0.4937994480957252,0.5521647949418879,True,5.836842466868145e-117,1.910239352793211e-116
esm3_frozen_bilstm_attn,train,1,flexibility_supporting,attention_breadth,attention column mean B_j,949,5618,0.01851878037086558,0.0056420181426717324,0.012876762228193802,0.01219726299863781,0.013556261457749795,True,6.948074728699422e-157,9.469356898995986e-156
esm3_frozen_bilstm_attn,train,1,flexibility_supporting,directional_evidence,sign * intrinsic signed evidence s_j,949,5618,1.273639064604464,0.3662743514451113,0.9073647131593526,0.8903471428898881,0.9243822834288171,True,6.904246571814095e-157,9.469356898995986e-156
esm3_frozen_bilstm_attn,train,1,flexibility_supporting,directional_influence,sign * I_j,949,5618,0.02722939002419984,0.0029677199659869395,0.02426167005821286,0.02295933346824592,0.0255640066481798,True,6.904246571814095e-157,9.469356898995986e-156
esm3_frozen_bilstm_attn,train,1,flexibility_supporting,log_abs_evidence,log absolute intrinsic evidence,949,5618,0.1773273840398494,-0.9580083245680012,1.1353357086078504,1.1110299891695914,1.1596414280461094,True,9.317743036569772e-156,6.708774986330236e-155
esm3_frozen_bilstm_attn,train,1,flexibility_supporting,log_abs_influence,log absolute signed influence,949,5618,-4.221175242074391,-6.462017167489672,2.240841925415281,2.2016576133792842,2.2800262374512776,True,1.0123667778667863e-156,9.507444522575038e-156
esm3_frozen_bilstm_attn,train,1,flexibility_supporting,log_attention_breadth,log attention column mean,949,5618,-4.398502626237461,-5.5040088425395775,1.1055062163021172,1.0849121084298872,1.1261003241743472,True,7.01433844370073e-157,9.469356898995986e-156
esm3_frozen_bilstm_attn,validation,-1,rigidity_supporting,attention_breadth,attention column mean B_j,198,1131,0.006973535380988894,0.003915912883321068,0.0030576224976678053,0.002522089279822261,0.0035931557155133493,True,2.3137822078059396e-25,2.437936375054063e-25
esm3_frozen_bilstm_attn,validation,-1,rigidity_supporting,directional_evidence,sign * intrinsic signed evidence s_j,198,1131,1.5766001790726294,0.3733251327755373,1.203275046297092,1.1521087203626694,1.2544413722315146,True,3.1021640626838624e-34,3.8072013496574673e-34
esm3_frozen_bilstm_attn,validation,-1,rigidity_supporting,directional_influence,sign * I_j,198,1131,0.012983475578588583,0.001086344207754973,0.011897131370833577,0.010586902041014215,0.01320736070065294,True,3.1021640626838624e-34,3.8072013496574673e-34
esm3_frozen_bilstm_attn,validation,-1,rigidity_supporting,log_abs_evidence,log absolute intrinsic evidence,198,1131,0.3172818459752565,-0.8828393205257276,1.200121166500984,1.1382083107775787,1.2620340222243895,True,5.198800239251729e-34,6.170004679551502e-34
esm3_frozen_bilstm_attn,validation,-1,rigidity_supporting,log_abs_influence,log absolute signed influence,198,1131,-4.9424813743988425,-6.650434382118417,1.707953007719573,1.5968286016568844,1.8190774137822616,True,1.0614856816009164e-32,1.197204662206724e-32
esm3_frozen_bilstm_attn,validation,-1,rigidity_supporting,log_attention_breadth,log attention column mean,198,1131,-5.259763220655056,-5.767595062047453,0.5078318413923963,0.4420581638162542,0.5736055189685385,True,1.8786904268916553e-25,1.9892016284735174e-25
esm3_frozen_bilstm_attn,validation,1,flexibility_supporting,attention_breadth,attention column mean B_j,205,1209,0.016092252651712526,0.005080231397590157,0.011012021254122319,0.010035200546889438,0.0119888419613552,True,2.1757012366140644e-35,3.356796193633128e-35
esm3_frozen_bilstm_attn,validation,1,flexibility_supporting,directional_evidence,sign * intrinsic signed evidence s_j,205,1209,1.2260123110717949,0.350841915407598,0.8751703956641966,0.8398952981089749,0.9104454932194184,True,2.1757012366140644e-35,3.356796193633128e-35
esm3_frozen_bilstm_attn,validation,1,flexibility_supporting,directional_influence,sign * I_j,205,1209,0.023146857010917326,0.0027524901817773256,0.020394366829139962,0.01850684796588954,0.022281885692390386,True,2.1757012366140644e-35,3.356796193633128e-35
esm3_frozen_bilstm_attn,validation,1,flexibility_supporting,log_abs_evidence,log absolute intrinsic evidence,205,1209,0.13261623859167304,-0.9852209095328432,1.1178371481245164,1.0699477444333485,1.1657265518156843,True,2.207901256618639e-35,3.3823168186498296e-35
esm3_frozen_bilstm_attn,validation,1,flexibility_supporting,log_abs_influence,log absolute signed influence,205,1209,-4.330767020477769,-6.514485676979995,2.1837186565022275,2.1038217668814094,2.2636155461230456,True,2.1757012366140644e-35,3.356796193633128e-35
esm3_frozen_bilstm_attn,validation,1,flexibility_supporting,log_attention_breadth,log attention column mean,205,1209,-4.463383258834403,-5.5292647679018065,1.065881509067403,1.0235420762416527,1.1082209418931532,True,2.1757012366140644e-35,3.356796193633128e-35
esm3_top28_bilstm_attn,test,-1,rigidity_supporting,attention_breadth,attention column mean B_j,200,1167,0.00691285321515767,0.004444648643645309,0.002468204571512338,0.0018486919826260985,0.003087717160398578,True,7.645996799015503e-25,7.940073598977638e-25
esm3_top28_bilstm_attn,test,-1,rigidity_supporting,directional_evidence,sign * intrinsic signed evidence s_j,200,1167,1.9410471492350678,0.4794677338922487,1.4615794153428192,1.3957456703951778,1.5274131602904606,True,1.4361059590739e-34,1.8686679949395325e-34
esm3_top28_bilstm_attn,test,-1,rigidity_supporting,directional_influence,sign * I_j,200,1167,0.015064011993875326,0.0015574820492968372,0.013506529944578466,0.011803449868314022,0.01520961002084291,True,1.4361059590739e-34,1.8686679949395325e-34
esm3_top28_bilstm_attn,test,-1,rigidity_supporting,log_abs_evidence,log absolute intrinsic evidence,200,1167,0.5529295024494045,-0.6349768984994089,1.1879064009488136,1.1269142534201546,1.2488985484774726,True,1.669408701510081e-34,2.1211310560363383e-34
esm3_top28_bilstm_attn,test,-1,rigidity_supporting,log_abs_influence,log absolute signed influence,200,1167,-4.697130119557284,-6.319755025760253,1.622624906202969,1.5282532751362354,1.7169965372697025,True,2.339321441207049e-33,2.6594391121090662e-33
esm3_top28_bilstm_attn,test,-1,rigidity_supporting,log_attention_breadth,log attention column mean,200,1167,-5.250059623592131,-5.684778128501038,0.43471850490890723,0.3794723913588717,0.4899646184589428,True,2.9430670388315448e-27,3.1626989074010634e-27
esm3_top28_bilstm_attn,test,1,flexibility_supporting,attention_breadth,attention column mean B_j,206,1202,0.017036541795969175,0.005391989168483539,0.011644552627485594,0.010365252648684415,0.012923852606286772,True,1.4917535432629874e-35,2.4959094958959715e-35
esm3_top28_bilstm_attn,test,1,flexibility_supporting,directional_evidence,sign * intrinsic signed evidence s_j,206,1202,1.5099525959224993,0.3585442995352287,1.1514082963872705,1.099742479196868,1.203074113577673,True,1.4917535432629874e-35,2.4959094958959715e-35
esm3_top28_bilstm_attn,test,1,flexibility_supporting,directional_influence,sign * I_j,206,1202,0.029634528796737076,0.00297674235447453,0.026657786442262507,0.0236447800448047,0.029670792839720316,True,1.4917535432629874e-35,2.4959094958959715e-35
esm3_top28_bilstm_attn,test,1,flexibility_supporting,log_abs_evidence,log absolute intrinsic evidence,206,1202,0.353633742821466,-0.7965915791674092,1.1502253219888752,1.0973956999156584,1.203054944062092,True,1.4917535432629874e-35,2.4959094958959715e-35
esm3_top28_bilstm_attn,test,1,flexibility_supporting,log_abs_influence,log absolute signed influence,206,1202,-4.055189532100248,-6.286097674888074,2.230908142787827,2.13900174170776,2.3228145438678935,True,1.4917535432629874e-35,2.4959094958959715e-35
esm3_top28_bilstm_attn,test,1,flexibility_supporting,log_attention_breadth,log attention column mean,206,1202,-4.408823274767822,-5.489506096300716,1.0806828215328952,1.033542617355354,1.1278230257104365,True,1.4917535432629874e-35,2.4959094958959715e-35
esm3_top28_bilstm_attn,train,-1,rigidity_supporting,attention_breadth,attention column mean B_j,913,5338,0.007218847301406487,0.004722635378622734,0.002496211922783729,0.0022804927439597964,0.002711931101607662,True,1.848113389563369e-105,5.622429466840672e-105
esm3_top28_bilstm_attn,train,-1,rigidity_supporting,directional_evidence,sign * intrinsic signed evidence s_j,913,5338,1.8788182795623813,0.4246019998495552,1.4542162797128262,1.4240528912162713,1.484379668209381,True,5.134080640104824e-151,2.640384329196767e-150
esm3_top28_bilstm_attn,train,-1,rigidity_supporting,directional_influence,sign * I_j,913,5338,0.014981473186326554,0.0014900217963150512,0.013491451390011476,0.012760494126448096,0.014222408653574856,True,5.134080640104824e-151,2.640384329196767e-150
esm3_top28_bilstm_attn,train,-1,rigidity_supporting,log_abs_evidence,log absolute intrinsic evidence,913,5338,0.5105039192974367,-0.6601317863564532,1.1706357056538896,1.1430383943678804,1.198233016939899,True,9.611708969732903e-149,3.91722478766473e-148
esm3_top28_bilstm_attn,train,-1,rigidity_supporting,log_abs_influence,log absolute signed influence,913,5338,-4.726251092104217,-6.322816199276005,1.5965651071717868,1.5536740292432105,1.639456185100363,True,2.1128363171708014e-147,8.149511509087378e-147
esm3_top28_bilstm_attn,train,-1,rigidity_supporting,log_attention_breadth,log attention column mean,913,5338,-5.236755012101366,-5.662684412444515,0.4259294003431493,0.40139781633360677,0.45046098435269183,True,3.6171331756736263e-115,1.1489717146257401e-114
esm3_top28_bilstm_attn,train,1,flexibility_supporting,attention_breadth,attention column mean B_j,940,5537,0.017689351075922517,0.005719525807077654,0.011969825268844818,0.011354845111722607,0.012584805425967028,True,2.0403156311010894e-155,1.2835313554339125e-154
esm3_top28_bilstm_attn,train,1,flexibility_supporting,directional_evidence,sign * intrinsic signed evidence s_j,940,5537,1.5150907579787791,0.36989073942226836,1.1452000185565108,1.1225464800401737,1.1678535570728479,True,2.0338086887204085e-155,1.2835313554339125e-154
esm3_top28_bilstm_attn,train,1,flexibility_supporting,directional_influence,sign * I_j,940,5537,0.030487875265039096,0.0031877855887770127,0.02730008967626205,0.025871737798794498,0.0287284415537296,True,2.0338086887204085e-155,1.2835313554339125e-154
esm3_top28_bilstm_attn,train,1,flexibility_supporting,log_abs_evidence,log absolute intrinsic evidence,940,5537,0.3537614256998443,-0.7854246952707116,1.139186120970556,1.115757842604081,1.162614399337031,True,2.340688113059126e-155,1.4044128678354754e-154
esm3_top28_bilstm_attn,train,1,flexibility_supporting,log_abs_influence,log absolute signed influence,940,5537,-4.045418044577298,-6.260108491888902,2.214690447311603,2.1754757009564156,2.25390519366679,True,2.0797961777864324e-155,1.2835313554339125e-154
esm3_top28_bilstm_attn,train,1,flexibility_supporting,log_attention_breadth,log attention column mean,940,5537,-4.399179469510623,-5.474683796652734,1.0755043271421107,1.0539465345618642,1.0970621197223573,True,2.053391948428517e-155,1.2835313554339125e-154
esm3_top28_bilstm_attn,validation,-1,rigidity_supporting,attention_breadth,attention column mean B_j,203,1153,0.006429676600457189,0.004095409259169048,0.002334267341288121,0.0019362855433830406,0.0027322491391932016,True,3.832589404422659e-24,3.942091958834735e-24
esm3_top28_bilstm_attn,validation,-1,rigidity_supporting,directional_evidence,sign * intrinsic signed evidence s_j,203,1153,1.91446855571782,0.4570677508165022,1.4574008049013176,1.3961127602365855,1.5186888495660498,True,4.697450613972336e-35,6.997581604262238e-35
esm3_top28_bilstm_attn,validation,-1,rigidity_supporting,directional_influence,sign * I_j,203,1153,0.013803722518746925,0.0014414389335772177,0.012362283585169682,0.011102498372983337,0.013622068797356026,True,4.697450613972336e-35,6.997581604262238e-35
esm3_top28_bilstm_attn,validation,-1,rigidity_supporting,log_abs_evidence,log absolute intrinsic evidence,203,1153,0.5466493882905603,-0.6870592096197777,1.2337085979103382,1.1802453444113883,1.287171851409288,True,5.368166180049238e-35,7.941944485552298e-35
esm3_top28_bilstm_attn,validation,-1,rigidity_supporting,log_abs_influence,log absolute signed influence,203,1153,-4.738602162436029,-6.3983802703140285,1.6597781078779992,1.5760073362139706,1.7435488795420278,True,6.508238568676198e-35,9.468237897627995e-35
esm3_top28_bilstm_attn,validation,-1,rigidity_supporting,log_attention_breadth,log attention column mean,203,1153,-5.285251545955659,-5.711321059602967,0.4260695136473071,0.37298684633633966,0.47915218095827455,True,7.441649493401463e-26,7.918208327954266e-26
esm3_top28_bilstm_attn,validation,1,flexibility_supporting,attention_breadth,attention column mean B_j,208,1182,0.01698530878546661,0.0050199894428382946,0.011965319342628272,0.010783923940073905,0.013146714745182638,True,7.013060631483342e-36,1.8033584480957166e-35
esm3_top28_bilstm_attn,validation,1,flexibility_supporting,directional_evidence,sign * intrinsic signed evidence s_j,208,1182,1.5227279061189831,0.35660727200737463,1.1661206341116084,1.1215664511493832,1.2106748170738335,True,7.013060631483342e-36,1.8033584480957166e-35
esm3_top28_bilstm_attn,validation,1,flexibility_supporting,directional_influence,sign * I_j,208,1182,0.03000520031963068,0.0029032641439796234,0.02710193617565102,0.0242721713326712,0.02993170101863084,True,7.013060631483342e-36,1.8033584480957166e-35
esm3_top28_bilstm_attn,validation,1,flexibility_supporting,log_abs_evidence,log absolute intrinsic evidence,208,1182,0.3543154915666902,-0.8137296439366933,1.1680451355033836,1.1166376279058248,1.2194526431009425,True,7.013060631483342e-36,1.8033584480957166e-35
esm3_top28_bilstm_attn,validation,1,flexibility_supporting,log_abs_influence,log absolute signed influence,208,1182,-4.048296290751356,-6.3436674805608195,2.2953711898094626,2.2097064023097457,2.3810359773091796,True,7.013060631483342e-36,1.8033584480957166e-35
esm3_top28_bilstm_attn,validation,1,flexibility_supporting,log_attention_breadth,log attention column mean,208,1182,-4.402611783265984,-5.529937836058429,1.1273260527924458,1.080742686951255,1.1739094186336365,True,7.013060631483342e-36,1.8033584480957166e-35
esm3_top4_bilstm_attn,test,-1,rigidity_supporting,attention_breadth,attention column mean B_j,202,1119,0.006723112757261435,0.0043692814584051646,0.0023538312988562447,0.001882106884203242,0.0028255557135092473,True,9.956915364157947e-24,1.019286122586785e-23
esm3_top4_bilstm_attn,test,-1,rigidity_supporting,directional_evidence,sign * intrinsic signed evidence s_j,202,1119,1.791488797736609,0.437431095566057,1.354057702170552,1.2933258229572602,1.4147895813838438,True,6.954830025485579e-35,9.691892164547645e-35
esm3_top4_bilstm_attn,test,-1,rigidity_supporting,directional_influence,sign * I_j,202,1119,0.01353956062396295,0.0016317979795304977,0.011907762644432428,0.010535749290148545,0.013279775998716312,True,7.60541156983322e-35,1.0463496172509399e-34
esm3_top4_bilstm_attn,test,-1,rigidity_supporting,log_abs_evidence,log absolute intrinsic evidence,202,1119,0.4589994347797688,-0.6994054884452169,1.1584049232249858,1.1000400636194307,1.2167697828305408,True,7.165300607089686e-35,9.921185455970334e-35
esm3_top4_bilstm_attn,test,-1,rigidity_supporting,log_abs_influence,log absolute signed influence,202,1119,-4.7884082112541515,-6.365555111988172,1.5771469007340198,1.4854261649157932,1.6688676365522463,True,1.280028898283184e-34,1.7173058511128431e-34
esm3_top4_bilstm_attn,test,-1,rigidity_supporting,log_attention_breadth,log attention column mean,202,1119,-5.247407648386953,-5.666149623943093,0.41874197555613973,0.36692534684608774,0.4705586042661917,True,2.1632311947500438e-26,2.3131581092376707e-26
esm3_top4_bilstm_attn,test,1,flexibility_supporting,attention_breadth,attention column mean B_j,207,1133,0.01711579556993561,0.005340719775225196,0.011775075794710365,0.010477019333260318,0.013073132256160412,True,1.022821555889401e-35,1.9725844292152732e-35
esm3_top4_bilstm_attn,test,1,flexibility_supporting,directional_evidence,sign * intrinsic signed evidence s_j,207,1133,1.4894395862653336,0.373491608460204,1.1159479778051298,1.073290909711471,1.1586050458987887,True,1.022821555889401e-35,1.9725844292152732e-35
esm3_top4_bilstm_attn,test,1,flexibility_supporting,directional_influence,sign * I_j,207,1133,0.02924064843306487,0.0028129685982288964,0.026427679834835936,0.023398360407954576,0.029456999261717295,True,1.022821555889401e-35,1.9725844292152732e-35
esm3_top4_bilstm_attn,test,1,flexibility_supporting,log_abs_evidence,log absolute intrinsic evidence,207,1133,0.3382123882088583,-0.8611278570755144,1.1993402452843727,1.1435303493397846,1.2551501412289607,True,1.022821555889401e-35,1.9725844292152732e-35
esm3_top4_bilstm_attn,test,1,flexibility_supporting,log_abs_influence,log absolute signed influence,207,1133,-4.060071117701984,-6.337177307773464,2.27710619007148,2.190217041442966,2.3639953386999943,True,1.022821555889401e-35,1.9725844292152732e-35
esm3_top4_bilstm_attn,test,1,flexibility_supporting,log_attention_breadth,log attention column mean,207,1133,-4.398283503348452,-5.476049450638755,1.077765947290305,1.0368117470824665,1.1187201474981434,True,1.022821555889401e-35,1.9725844292152732e-35
esm3_top4_bilstm_attn,train,-1,rigidity_supporting,attention_breadth,attention column mean B_j,917,5206,0.007249512385333832,0.004709193810681092,0.002540318574652716,0.0023327505723992046,0.002747886576906228,True,1.935815559223666e-105,5.807446677670998e-105
esm3_top4_bilstm_attn,train,-1,rigidity_supporting,directional_evidence,sign * intrinsic signed evidence s_j,917,5206,1.7711456861296333,0.4029761963894279,1.3681694897402055,1.3397998857042093,1.3965390937762017,True,1.1505856248945304e-151,6.37247423018509e-151
esm3_top4_bilstm_attn,train,-1,rigidity_supporting,directional_influence,sign * I_j,917,5206,0.014265154482612572,0.001547560384230194,0.01271759409838235,0.01204243964330963,0.01339274855345507,True,1.2124710340778844e-151,6.547343584020576e-151
esm3_top4_bilstm_attn,train,-1,rigidity_supporting,log_abs_evidence,log absolute intrinsic evidence,917,5206,0.44477580605122613,-0.7476445275962272,1.1924203336474535,1.1634228975703798,1.2214177697245272,True,7.413251142756326e-150,3.2025244936707327e-149
esm3_top4_bilstm_attn,train,-1,rigidity_supporting,log_abs_influence,log absolute signed influence,917,5206,-4.765426022883241,-6.389967201163492,1.6245411782802497,1.5815523309300743,1.667530025630425,True,3.1604732878544653e-149,1.3128119811087778e-148
esm3_top4_bilstm_attn,train,-1,rigidity_supporting,log_attention_breadth,log attention column mean,917,5206,-5.210201828364634,-5.642322674381156,0.43212084601652206,0.40847042633452485,0.4557712656985193,True,5.05913564346529e-121,1.7074582796695355e-120
esm3_top4_bilstm_attn,train,1,flexibility_supporting,attention_breadth,attention column mean B_j,954,5416,0.01811224327481035,0.005830588261673442,0.01228165501313686,0.011631595537805576,0.012931714488468145,True,1.0626993053271004e-157,2.1332388098412475e-156
esm3_top4_bilstm_attn,train,1,flexibility_supporting,directional_evidence,sign * intrinsic signed evidence s_j,954,5416,1.5071214207183,0.3986997512259671,1.1084216694923326,1.0870159253032639,1.1298274136814013,True,1.0560308966553259e-157,2.1332388098412475e-156
esm3_top4_bilstm_attn,train,1,flexibility_supporting,directional_influence,sign * I_j,954,5416,0.030827167894870965,0.0032203345167859257,0.027606833378085005,0.02612432431661312,0.02908934243955689,True,1.05935986130498e-157,2.1332388098412475e-156
esm3_top4_bilstm_attn,train,1,flexibility_supporting,log_abs_evidence,log absolute intrinsic evidence,954,5416,0.3517889895116592,-0.8032324402048522,1.1550214297165113,1.1313684605628178,1.1786743988702049,True,1.8840110364804213e-157,3.3912198656647587e-156
esm3_top4_bilstm_attn,train,1,flexibility_supporting,log_abs_influence,log absolute signed influence,954,5416,-4.021542291087524,-6.24402860945126,2.2224863183637367,2.1844947793365668,2.2604778573909066,True,1.0863716161228575e-157,2.1332388098412475e-156
esm3_top4_bilstm_attn,train,1,flexibility_supporting,log_attention_breadth,log attention column mean,954,5416,-4.373331280300643,-5.440796169118562,1.0674648888179188,1.0471111672186244,1.0878186104172132,True,1.0626993053271004e-157,2.1332388098412475e-156
esm3_top4_bilstm_attn,validation,-1,rigidity_supporting,attention_breadth,attention column mean B_j,206,1107,0.006524445077744425,0.004240068168854892,0.002284376908889511,0.0018593967890986635,0.0027093570286803583,True,1.5007588962290855e-23,1.5218963454717487e-23
esm3_top4_bilstm_attn,validation,-1,rigidity_supporting,directional_evidence,sign * intrinsic signed evidence s_j,206,1107,1.7825824855031775,0.4250888910119684,1.357493594491209,1.299425865110994,1.415561323871424,True,1.4917535432629874e-35,2.4959094958959715e-35
esm3_top4_bilstm_attn,validation,-1,rigidity_supporting,directional_influence,sign * I_j,206,1107,0.013118819197268141,0.0013510946687331279,0.011767724528534983,0.010562736243968082,0.012972712813101885,True,1.4917535432629874e-35,2.4959094958959715e-35
esm3_top4_bilstm_attn,validation,-1,rigidity_supporting,log_abs_evidence,log absolute intrinsic evidence,206,1107,0.45808237555556497,-0.7073530818195327,1.1654354573750978,1.1097169101206823,1.2211540046295133,True,1.9404143863389574e-35,3.104663018142332e-35
esm3_top4_bilstm_attn,validation,-1,rigidity_supporting,log_abs_influence,log absolute signed influence,206,1107,-4.805077910835375,-6.379035965764911,1.5739580549295353,1.4768844745202356,1.671031635338835,True,4.095750258197943e-34,4.97012390882447e-34
esm3_top4_bilstm_attn,validation,-1,rigidity_supporting,log_attention_breadth,log attention column mean,206,1107,-5.263160285658933,-5.671682883396094,0.40852259773716154,0.35298449911329577,0.4640606963610273,True,5.117463694099422e-25,5.339962115582006e-25
esm3_top4_bilstm_attn,validation,1,flexibility_supporting,attention_breadth,attention column mean B_j,207,1165,0.016442694543525205,0.0052030239003372485,0.01123967064318791,0.010198640854383541,0.012280700431992277,True,1.022821555889401e-35,1.9725844292152732e-35
esm3_top4_bilstm_attn,validation,1,flexibility_supporting,directional_evidence,sign * intrinsic signed evidence s_j,207,1165,1.4858004511849823,0.40801228232544295,1.077788168859539,1.0330207974880017,1.1225555402310763,True,1.022821555889401e-35,1.9725844292152732e-35
esm3_top4_bilstm_attn,validation,1,flexibility_supporting,directional_influence,sign * I_j,207,1165,0.028191277999986605,0.003136265090433198,0.02505501290955337,0.022595101090302123,0.02751492472880462,True,1.022821555889401e-35,1.9725844292152732e-35
esm3_top4_bilstm_attn,validation,1,flexibility_supporting,log_abs_evidence,log absolute intrinsic evidence,207,1165,0.33271507036160236,-0.7977573159162932,1.1304723862778956,1.0795887116749094,1.1813560608808817,True,1.022821555889401e-35,1.9725844292152732e-35
esm3_top4_bilstm_attn,validation,1,flexibility_supporting,log_abs_influence,log absolute signed influence,207,1165,-4.087256227948734,-6.282958769696489,2.1957025417477554,2.1142893922728008,2.27711569122271,True,1.022821555889401e-35,1.9725844292152732e-35
esm3_top4_bilstm_attn,validation,1,flexibility_supporting,log_attention_breadth,log attention column mean,207,1165,-4.419971295684895,-5.4852014531718805,1.0652301574869856,1.0231092986699337,1.1073510163040374,True,1.022821555889401e-35,1.9725844292152732e-35
