condition,split,sign,q8,n_selected_segments,n_proteins,structure_available_fraction,structure_eligible_fraction,fully_resolved_fraction,strain_available_fraction
esm2_frozen_bilstm_attn,test,1,C,585,196,1.0,0.8666666666666667,0.8205128205128205,1.0
esm2_frozen_bilstm_attn,test,1,E,29,27,1.0,1.0,1.0,1.0
esm2_frozen_bilstm_attn,test,1,G,18,17,1.0,1.0,1.0,1.0
esm2_frozen_bilstm_attn,test,1,H,15,14,1.0,1.0,1.0,1.0
esm2_frozen_bilstm_attn,test,1,S,144,91,1.0,1.0,1.0,1.0
esm2_frozen_bilstm_attn,test,1,T,255,127,1.0,0.9882352941176471,0.9882352941176471,1.0
esm2_frozen_bilstm_attn,train,1,B,1,1,1.0,1.0,1.0,0.0
esm2_frozen_bilstm_attn,train,1,C,2698,888,0.9955522609340252,0.8224610822831727,0.7765011119347665,0.0
esm2_frozen_bilstm_attn,train,1,E,116,104,0.9913793103448276,0.9741379310344828,0.9482758620689655,0.0
esm2_frozen_bilstm_attn,train,1,G,80,71,0.9875,0.975,0.975,0.0
esm2_frozen_bilstm_attn,train,1,H,53,52,1.0,0.9622641509433962,0.9433962264150944,0.0
esm2_frozen_bilstm_attn,train,1,S,690,397,1.0,0.9927536231884058,0.9927536231884058,0.0
esm2_frozen_bilstm_attn,train,1,T,1201,580,0.9958368026644463,0.9816819317235637,0.9816819317235637,0.0
esm2_frozen_bilstm_attn,validation,1,B,2,2,1.0,1.0,1.0,0.0
esm2_frozen_bilstm_attn,validation,1,C,561,196,1.0,0.8324420677361853,0.7950089126559715,0.0
esm2_frozen_bilstm_attn,validation,1,E,27,25,1.0,1.0,1.0,0.0
esm2_frozen_bilstm_attn,validation,1,G,27,24,1.0,1.0,1.0,0.0
esm2_frozen_bilstm_attn,validation,1,H,11,11,1.0,1.0,0.9090909090909091,0.0
esm2_frozen_bilstm_attn,validation,1,S,175,101,1.0,1.0,1.0,0.0
esm2_frozen_bilstm_attn,validation,1,T,281,143,1.0,0.9893238434163701,0.9893238434163701,0.0
esm2_top28_bilstm_attn,test,1,C,622,194,1.0,0.9067524115755627,0.8762057877813505,1.0
esm2_top28_bilstm_attn,test,1,E,18,17,1.0,1.0,1.0,1.0
esm2_top28_bilstm_attn,test,1,G,33,29,1.0,1.0,1.0,1.0
esm2_top28_bilstm_attn,test,1,H,9,9,1.0,1.0,1.0,1.0
esm2_top28_bilstm_attn,test,1,S,161,101,1.0,1.0,1.0,1.0
esm2_top28_bilstm_attn,test,1,T,334,150,1.0,0.9790419161676647,0.9790419161676647,1.0
esm2_top28_bilstm_attn,train,1,C,2565,844,0.9953216374269006,0.8709551656920078,0.8346978557504874,0.0
esm2_top28_bilstm_attn,train,1,E,86,79,1.0,1.0,0.9767441860465116,0.0
esm2_top28_bilstm_attn,train,1,G,133,117,1.0,0.9849624060150376,0.9849624060150376,0.0
esm2_top28_bilstm_attn,train,1,H,119,109,0.9915966386554622,0.9663865546218487,0.9495798319327731,0.0
esm2_top28_bilstm_attn,train,1,S,649,378,0.9969183359013868,0.9907550077041603,0.9907550077041603,0.0
esm2_top28_bilstm_attn,train,1,T,1478,623,0.993234100135318,0.972936400541272,0.972936400541272,0.0
esm2_top28_bilstm_attn,validation,1,C,576,191,1.0,0.890625,0.8559027777777778,0.0
esm2_top28_bilstm_attn,validation,1,E,25,23,1.0,1.0,1.0,0.0
esm2_top28_bilstm_attn,validation,1,G,34,29,1.0,1.0,1.0,0.0
esm2_top28_bilstm_attn,validation,1,H,17,16,1.0,1.0,1.0,0.0
esm2_top28_bilstm_attn,validation,1,S,167,103,1.0,0.9940119760479041,0.9940119760479041,0.0
esm2_top28_bilstm_attn,validation,1,T,372,160,1.0,0.9865591397849462,0.9865591397849462,0.0
esm2_top4_bilstm_attn,test,1,C,607,193,1.0,0.9242174629324547,0.899505766062603,1.0
esm2_top4_bilstm_attn,test,1,E,21,19,1.0,1.0,1.0,1.0
esm2_top4_bilstm_attn,test,1,G,28,26,1.0,1.0,1.0,1.0
esm2_top4_bilstm_attn,test,1,H,11,9,1.0,1.0,1.0,1.0
esm2_top4_bilstm_attn,test,1,S,179,99,1.0,0.9832402234636871,0.9832402234636871,1.0
esm2_top4_bilstm_attn,test,1,T,364,152,1.0,0.9835164835164835,0.9835164835164835,1.0
esm2_top4_bilstm_attn,train,1,C,2647,864,0.9962221382697394,0.8874197204382319,0.8526633925198338,0.0
esm2_top4_bilstm_attn,train,1,E,79,74,1.0,0.9746835443037974,0.9620253164556962,0.0
esm2_top4_bilstm_attn,train,1,G,136,117,1.0,0.9779411764705882,0.9779411764705882,0.0
esm2_top4_bilstm_attn,train,1,H,52,51,1.0,0.9615384615384616,0.9615384615384616,0.0
esm2_top4_bilstm_attn,train,1,S,768,427,1.0,0.98828125,0.98828125,0.0
esm2_top4_bilstm_attn,train,1,T,1720,686,0.9936046511627907,0.977906976744186,0.977906976744186,0.0
esm2_top4_bilstm_attn,validation,1,C,518,191,1.0,0.9034749034749034,0.8783783783783784,0.0
esm2_top4_bilstm_attn,validation,1,E,26,25,1.0,1.0,1.0,0.0
esm2_top4_bilstm_attn,validation,1,G,32,29,1.0,1.0,1.0,0.0
esm2_top4_bilstm_attn,validation,1,H,14,12,1.0,1.0,0.9285714285714286,0.0
esm2_top4_bilstm_attn,validation,1,S,199,108,1.0,0.9949748743718593,0.9949748743718593,0.0
esm2_top4_bilstm_attn,validation,1,T,396,159,1.0,0.9848484848484849,0.9848484848484849,0.0
esm3_frozen_bilstm_attn,test,1,C,628,199,1.0,0.8821656050955414,0.8407643312101911,1.0
esm3_frozen_bilstm_attn,test,1,E,23,21,1.0,1.0,1.0,1.0
esm3_frozen_bilstm_attn,test,1,G,22,22,1.0,1.0,1.0,1.0
esm3_frozen_bilstm_attn,test,1,H,16,13,1.0,1.0,1.0,1.0
esm3_frozen_bilstm_attn,test,1,S,133,84,1.0,0.9774436090225563,0.9774436090225563,1.0
esm3_frozen_bilstm_attn,test,1,T,276,139,1.0,0.9855072463768116,0.9855072463768116,1.0
esm3_frozen_bilstm_attn,train,1,B,3,3,1.0,1.0,1.0,0.0
esm3_frozen_bilstm_attn,train,1,C,2855,890,0.9922942206654991,0.8669001751313485,0.8283712784588442,0.0
esm3_frozen_bilstm_attn,train,1,E,114,108,1.0,0.9824561403508771,0.9824561403508771,0.0
esm3_frozen_bilstm_attn,train,1,G,107,98,1.0,0.9813084112149533,0.9813084112149533,0.0
esm3_frozen_bilstm_attn,train,1,H,60,57,1.0,0.9833333333333333,0.9833333333333333,0.0
esm3_frozen_bilstm_attn,train,1,S,673,417,0.9985141158989599,0.9881129271916791,0.9881129271916791,0.0
esm3_frozen_bilstm_attn,train,1,T,1352,634,0.9970414201183432,0.977810650887574,0.977810650887574,0.0
esm3_frozen_bilstm_attn,validation,1,C,550,189,1.0,0.8709090909090909,0.8381818181818181,0.0
esm3_frozen_bilstm_attn,validation,1,E,33,28,1.0,1.0,1.0,0.0
esm3_frozen_bilstm_attn,validation,1,G,13,12,1.0,1.0,1.0,0.0
esm3_frozen_bilstm_attn,validation,1,H,10,10,1.0,1.0,1.0,0.0
esm3_frozen_bilstm_attn,validation,1,S,170,105,1.0,1.0,1.0,0.0
esm3_frozen_bilstm_attn,validation,1,T,293,147,1.0,0.9897610921501706,0.9897610921501706,0.0
esm3_top28_bilstm_attn,test,1,C,572,189,1.0,0.9090909090909091,0.8758741258741258,1.0
esm3_top28_bilstm_attn,test,1,E,19,18,1.0,1.0,1.0,1.0
esm3_top28_bilstm_attn,test,1,G,28,28,1.0,1.0,1.0,1.0
esm3_top28_bilstm_attn,test,1,H,16,14,1.0,1.0,1.0,1.0
esm3_top28_bilstm_attn,test,1,S,143,83,1.0,1.0,1.0,1.0
esm3_top28_bilstm_attn,test,1,T,322,142,1.0,0.9782608695652174,0.9782608695652174,1.0
esm3_top28_bilstm_attn,train,1,C,2644,857,0.9920574886535553,0.8680030257186082,0.836232980332829,0.0
esm3_top28_bilstm_attn,train,1,E,86,79,1.0,0.9767441860465116,0.9767441860465116,0.0
esm3_top28_bilstm_attn,train,1,G,124,109,1.0,0.9758064516129032,0.9758064516129032,0.0
esm3_top28_bilstm_attn,train,1,H,81,76,1.0,0.9876543209876543,0.9876543209876543,0.0
esm3_top28_bilstm_attn,train,1,S,731,431,1.0,0.9917920656634747,0.9917920656634747,0.0
esm3_top28_bilstm_attn,train,1,T,1410,623,0.9950354609929078,0.975886524822695,0.975886524822695,0.0
esm3_top28_bilstm_attn,validation,1,C,568,191,1.0,0.8855633802816901,0.8573943661971831,0.0
esm3_top28_bilstm_attn,validation,1,E,33,28,1.0,1.0,1.0,0.0
esm3_top28_bilstm_attn,validation,1,G,31,30,1.0,1.0,1.0,0.0
esm3_top28_bilstm_attn,validation,1,H,11,11,1.0,1.0,1.0,0.0
esm3_top28_bilstm_attn,validation,1,S,188,109,1.0,0.9893617021276596,0.9893617021276596,0.0
esm3_top28_bilstm_attn,validation,1,T,311,153,1.0,0.9903536977491961,0.9903536977491961,0.0
esm3_top4_bilstm_attn,test,1,C,548,191,1.0,0.9142335766423357,0.8795620437956204,1.0
esm3_top4_bilstm_attn,test,1,E,22,20,1.0,1.0,1.0,1.0
esm3_top4_bilstm_attn,test,1,G,27,27,1.0,1.0,1.0,1.0
esm3_top4_bilstm_attn,test,1,H,17,15,1.0,1.0,1.0,1.0
esm3_top4_bilstm_attn,test,1,S,143,91,1.0,0.9790209790209791,0.9790209790209791,1.0
esm3_top4_bilstm_attn,test,1,T,315,150,1.0,0.9841269841269841,0.9841269841269841,1.0
esm3_top4_bilstm_attn,train,1,C,2597,871,0.993453985367732,0.8860223334616866,0.8513669618790912,0.0
esm3_top4_bilstm_attn,train,1,E,102,94,1.0,0.9901960784313726,0.9901960784313726,0.0
esm3_top4_bilstm_attn,train,1,G,113,102,1.0,0.9823008849557522,0.9823008849557522,0.0
esm3_top4_bilstm_attn,train,1,H,82,75,1.0,0.9878048780487805,0.975609756097561,0.0
esm3_top4_bilstm_attn,train,1,S,739,444,0.9986468200270636,0.9945872801082544,0.9945872801082544,0.0
esm3_top4_bilstm_attn,train,1,T,1493,665,0.9933020763563295,0.9725385130609511,0.9725385130609511,0.0
esm3_top4_bilstm_attn,validation,1,C,518,186,1.0,0.8918918918918919,0.8648648648648649,0.0
esm3_top4_bilstm_attn,validation,1,E,31,25,1.0,1.0,1.0,0.0
esm3_top4_bilstm_attn,validation,1,G,20,20,1.0,1.0,1.0,0.0
esm3_top4_bilstm_attn,validation,1,H,11,10,1.0,1.0,0.9090909090909091,0.0
esm3_top4_bilstm_attn,validation,1,S,185,110,1.0,0.9945945945945946,0.9945945945945946,0.0
esm3_top4_bilstm_attn,validation,1,T,324,152,1.0,0.9907407407407407,0.9907407407407407,0.0
esm2_frozen_bilstm_attn,test,-1,E,34,25,1.0,1.0,1.0,1.0
esm2_frozen_bilstm_attn,test,-1,G,1,1,1.0,1.0,1.0,1.0
esm2_frozen_bilstm_attn,test,-1,H,601,172,1.0,1.0,0.9883527454242929,1.0
esm2_frozen_bilstm_attn,train,-1,C,4,4,1.0,1.0,1.0,0.0
esm2_frozen_bilstm_attn,train,-1,E,153,119,1.0,0.9934640522875817,0.9934640522875817,0.0
esm2_frozen_bilstm_attn,train,-1,G,2,2,1.0,1.0,1.0,0.0
esm2_frozen_bilstm_attn,train,-1,H,2844,744,0.9957805907172996,0.9947257383966245,0.9876933895921237,0.0
esm2_frozen_bilstm_attn,train,-1,S,1,1,1.0,1.0,1.0,0.0
esm2_frozen_bilstm_attn,validation,-1,C,1,1,1.0,1.0,0.0,0.0
esm2_frozen_bilstm_attn,validation,-1,E,36,29,1.0,1.0,1.0,0.0
esm2_frozen_bilstm_attn,validation,-1,H,627,165,1.0,1.0,0.9936204146730463,0.0
esm2_top28_bilstm_attn,test,-1,E,3,3,1.0,1.0,1.0,1.0
esm2_top28_bilstm_attn,test,-1,G,1,1,1.0,1.0,1.0,1.0
esm2_top28_bilstm_attn,test,-1,H,647,171,1.0,1.0,0.9829984544049459,1.0
esm2_top28_bilstm_attn,train,-1,C,6,6,1.0,1.0,1.0,0.0
esm2_top28_bilstm_attn,train,-1,E,15,14,1.0,1.0,1.0,0.0
esm2_top28_bilstm_attn,train,-1,G,3,3,1.0,1.0,1.0,0.0
esm2_top28_bilstm_attn,train,-1,H,2843,775,0.9950756243404854,0.9943721421034118,0.9876890608512136,0.0
esm2_top28_bilstm_attn,train,-1,T,1,1,1.0,1.0,1.0,0.0
esm2_top28_bilstm_attn,validation,-1,C,1,1,1.0,1.0,1.0,0.0
esm2_top28_bilstm_attn,validation,-1,E,1,1,1.0,1.0,1.0,0.0
esm2_top28_bilstm_attn,validation,-1,H,663,174,1.0,1.0,0.9939668174962293,0.0
esm2_top4_bilstm_attn,test,-1,C,1,1,1.0,1.0,1.0,1.0
esm2_top4_bilstm_attn,test,-1,E,7,7,1.0,1.0,1.0,1.0
esm2_top4_bilstm_attn,test,-1,G,2,2,1.0,1.0,1.0,1.0
esm2_top4_bilstm_attn,test,-1,H,683,176,1.0,1.0,0.9853587115666179,1.0
esm2_top4_bilstm_attn,test,-1,T,1,1,1.0,1.0,1.0,1.0
esm2_top4_bilstm_attn,train,-1,C,8,8,1.0,1.0,1.0,0.0
esm2_top4_bilstm_attn,train,-1,E,15,14,1.0,1.0,1.0,0.0
esm2_top4_bilstm_attn,train,-1,G,2,2,1.0,1.0,1.0,0.0
esm2_top4_bilstm_attn,train,-1,H,3168,800,0.9946338383838383,0.9936868686868687,0.9845328282828283,0.0
esm2_top4_bilstm_attn,train,-1,T,1,1,1.0,1.0,1.0,0.0
esm2_top4_bilstm_attn,validation,-1,C,1,1,1.0,1.0,1.0,0.0
esm2_top4_bilstm_attn,validation,-1,E,2,2,1.0,1.0,1.0,0.0
esm2_top4_bilstm_attn,validation,-1,H,682,169,1.0,1.0,0.9941348973607038,0.0
esm3_frozen_bilstm_attn,test,-1,C,2,2,1.0,0.5,0.5,1.0
esm3_frozen_bilstm_attn,test,-1,E,14,11,1.0,1.0,1.0,1.0
esm3_frozen_bilstm_attn,test,-1,G,1,1,1.0,1.0,1.0,1.0
esm3_frozen_bilstm_attn,test,-1,H,715,172,1.0,1.0,0.986013986013986,1.0
esm3_frozen_bilstm_attn,train,-1,C,4,4,1.0,1.0,1.0,0.0
esm3_frozen_bilstm_attn,train,-1,E,105,69,1.0,1.0,1.0,0.0
esm3_frozen_bilstm_attn,train,-1,G,6,6,1.0,1.0,1.0,0.0
esm3_frozen_bilstm_attn,train,-1,H,3212,765,0.9962640099626401,0.9956413449564134,0.9872353673723536,0.0
esm3_frozen_bilstm_attn,validation,-1,E,13,12,1.0,1.0,1.0,0.0
esm3_frozen_bilstm_attn,validation,-1,H,698,172,1.0,0.998567335243553,0.9928366762177651,0.0
esm3_top28_bilstm_attn,test,-1,C,2,2,1.0,1.0,1.0,1.0
esm3_top28_bilstm_attn,test,-1,E,11,9,1.0,1.0,1.0,1.0
esm3_top28_bilstm_attn,test,-1,G,1,1,1.0,1.0,1.0,1.0
esm3_top28_bilstm_attn,test,-1,H,710,171,1.0,1.0,0.9859154929577465,1.0
esm3_top28_bilstm_attn,train,-1,C,5,4,1.0,1.0,1.0,0.0
esm3_top28_bilstm_attn,train,-1,E,57,33,1.0,1.0,1.0,0.0
esm3_top28_bilstm_attn,train,-1,G,8,8,1.0,1.0,1.0,0.0
esm3_top28_bilstm_attn,train,-1,H,3169,765,0.995582202587567,0.9949510886715052,0.9876932786367939,0.0
esm3_top28_bilstm_attn,train,-1,T,2,2,1.0,1.0,1.0,0.0
esm3_top28_bilstm_attn,validation,-1,C,1,1,1.0,1.0,1.0,0.0
esm3_top28_bilstm_attn,validation,-1,E,9,8,1.0,1.0,1.0,0.0
esm3_top28_bilstm_attn,validation,-1,H,717,173,1.0,1.0,0.99581589958159,0.0
esm3_top4_bilstm_attn,test,-1,C,2,2,1.0,1.0,1.0,1.0
esm3_top4_bilstm_attn,test,-1,E,11,9,1.0,1.0,1.0,1.0
esm3_top4_bilstm_attn,test,-1,G,2,2,1.0,1.0,1.0,1.0
esm3_top4_bilstm_attn,test,-1,H,676,169,1.0,1.0,0.985207100591716,1.0
esm3_top4_bilstm_attn,train,-1,C,7,7,1.0,1.0,1.0,0.0
esm3_top4_bilstm_attn,train,-1,E,81,52,1.0,1.0,1.0,0.0
esm3_top4_bilstm_attn,train,-1,G,7,7,1.0,1.0,1.0,0.0
esm3_top4_bilstm_attn,train,-1,H,3103,770,0.9967773122784402,0.9961327747341283,0.9880760554302288,0.0
esm3_top4_bilstm_attn,train,-1,T,2,2,1.0,1.0,1.0,0.0
esm3_top4_bilstm_attn,validation,-1,E,8,8,1.0,1.0,1.0,0.0
esm3_top4_bilstm_attn,validation,-1,H,673,171,1.0,0.9985141158989599,0.9940564635958395,0.0
