seq	Neq_R1	Neq_R2	Neq_R3
M	1.0	1.0	1.0
K	1.0	1.0	1.0
K	1.007	1.061	1.136
A	1.0	1.0	1.0
V	1.0	1.0	1.0
I	1.001	1.0	1.001
N	1.001	1.0	1.0
G	1.001	1.0	1.0
E	1.001	1.0	1.0
Q	3.195	3.863	2.536
I	2.902	2.9	3.14
R	1.172	1.636	1.696
S	1.115	1.163	1.046
I	1.144	1.162	1.053
S	1.0	1.001	1.0
D	1.0	1.0	1.0
L	1.0	1.0	1.0
H	1.0	1.0	1.0
Q	1.0	1.0	1.0
T	1.0	1.0	1.0
L	1.0	1.0	1.0
K	1.0	1.0	1.0
K	1.0	1.0	1.0
E	1.0	1.0	1.0
L	1.0	1.0	1.0
A	1.0	1.0	1.0
L	1.0	1.0	1.0
P	1.001	1.003	1.0
E	1.236	1.213	1.019
Y	1.937	1.983	1.759
Y	1.895	1.808	2.641
G	2.285	2.351	4.377
E	1.108	1.197	2.592
N	1.066	1.147	3.155
L	1.011	1.02	1.109
D	1.0	1.0	1.0
A	1.0	1.0	1.0
L	1.0	1.0	1.0
W	1.0	1.0	1.0
D	1.0	1.0	1.0
C	1.0	1.0	1.0
L	1.419	1.385	1.719
A	1.91	1.877	2.017
G	1.269	1.238	1.72
W	3.359	3.179	4.27
V	2.762	2.835	2.9
E	1.0	1.0	1.029
Y	1.0	1.0	1.0
P	1.016	1.003	1.011
L	1.0	1.0	1.0
V	1.0	1.0	1.0
L	1.0	1.0	1.0
E	1.0	1.0	1.0
W	1.0	1.0	1.0
R	1.0	1.0	1.0
Q	1.253	1.253	1.164
F	1.003	1.005	1.004
E	1.983	1.997	1.733
Q	1.0	1.0	1.0
S	1.0	1.0	1.0
K	1.0	1.0	1.0
Q	1.0	1.0	1.0
L	2.356	1.0	1.001
T	2.244	1.052	2.14
E	3.23	1.528	1.481
N	2.0	1.0	1.621
G	1.115	1.02	2.015
A	1.087	1.0	1.128
E	1.001	1.0	1.0
S	1.0	1.0	1.0
V	1.0	1.0	1.0
L	1.0	1.0	1.0
Q	1.0	1.0	1.0
V	1.0	1.0	1.0
F	1.0	1.0	1.0
R	1.0	1.0	1.0
E	1.0	1.0	1.0
A	1.0	1.0	1.0
K	1.0	1.0	1.0
A	1.026	1.011	1.015
E	1.048	1.031	1.033
G	1.0	1.0	1.0
C	1.014	1.007	1.007
D	1.019	1.017	1.009
I	1.0	1.0	1.0
T	1.334	1.278	1.238
I	1.0	1.0	1.0
I	1.084	1.885	1.559
L	1.0	1.0	1.0
S	1.0	1.0	1.0
