attention_source,profile,condition_pair,n_proteins,n_seed_pair_observations,profile_spearman_mean,profile_spearman_std_between_proteins,profile_spearman_n_proteins,profile_spearman_ci95_low,profile_spearman_ci95_high,top10_residue_jaccard_mean,top10_residue_jaccard_std_between_proteins,top10_residue_jaccard_n_proteins,top10_residue_jaccard_ci95_low,top10_residue_jaccard_ci95_high,band_mask_jaccard_mean,band_mask_jaccard_std_between_proteins,band_mask_jaccard_n_proteins,band_mask_jaccard_ci95_low,band_mask_jaccard_ci95_high,band_peak_match_precision_mean,band_peak_match_precision_std_between_proteins,band_peak_match_precision_n_proteins,band_peak_match_precision_ci95_low,band_peak_match_precision_ci95_high,band_peak_match_recall_mean,band_peak_match_recall_std_between_proteins,band_peak_match_recall_n_proteins,band_peak_match_recall_ci95_low,band_peak_match_recall_ci95_high,band_peak_match_f1_mean,band_peak_match_f1_std_between_proteins,band_peak_match_f1_n_proteins,band_peak_match_f1_ci95_low,band_peak_match_f1_ci95_high,band_peak_mean_distance_mean,band_peak_mean_distance_std_between_proteins,band_peak_mean_distance_n_proteins,band_peak_mean_distance_ci95_low,band_peak_mean_distance_ci95_high,band_count_absdiff_mean,band_count_absdiff_std_between_proteins,band_count_absdiff_n_proteins,band_count_absdiff_ci95_low,band_count_absdiff_ci95_high,both_no_bands_mean,both_no_bands_std_between_proteins,both_no_bands_n_proteins,both_no_bands_ci95_low,both_no_bands_ci95_high,either_no_bands_mean,either_no_bands_std_between_proteins,either_no_bands_n_proteins,either_no_bands_ci95_low,either_no_bands_ci95_high,normalized_row_entropy_absdiff_mean,normalized_row_entropy_absdiff_std_between_proteins,normalized_row_entropy_absdiff_n_proteins,normalized_row_entropy_absdiff_ci95_low,normalized_row_entropy_absdiff_ci95_high,long_range_mass_absdiff_mean,long_range_mass_absdiff_std_between_proteins,long_range_mass_absdiff_n_proteins,long_range_mass_absdiff_ci95_low,long_range_mass_absdiff_ci95_high,diagonal_mass_absdiff_mean,diagonal_mass_absdiff_std_between_proteins,diagonal_mass_absdiff_n_proteins,diagonal_mass_absdiff_ci95_low,diagonal_mass_absdiff_ci95_high,top10_profile_mass_absdiff_mean,top10_profile_mass_absdiff_std_between_proteins,top10_profile_mass_absdiff_n_proteins,top10_profile_mass_absdiff_ci95_low,top10_profile_mass_absdiff_ci95_high
bilstm_self_attention,flexible_support,esm2_frozen_bilstm_attn vs esm2_top28_bilstm_attn,208,1872,0.8194339228080897,0.05919078671571716,208,0.8111421556024092,0.8271751006386988,0.416609329721347,0.13101109983425469,208,0.3985629884485761,0.4346440625059148,0.40528497277210784,0.15320601557071664,208,0.38426847704340933,0.4270440269498841,0.6109425149559953,0.19789026842227483,208,0.5828941223414734,0.63828698749961,0.6210096434973885,0.19079765517926978,208,0.5959905175424123,0.646125412215745,0.6058148064754607,0.18570346781529162,208,0.5808616822128527,0.6314902219232098,0.72735821576841,0.35422286604949277,206,0.6773039300385578,0.7741330756809114,0.7414529914529915,0.5180449430855911,208,0.6730769230769231,0.8125133547008546,0.0,0.0,208,0.0,0.0,0.0,0.0,208,0.0,0.0,,,0,,,,,0,,,,,0,,,0.07044404198798879,0.044914801815035085,208,0.06448054530223166,0.0765334063042717
bilstm_self_attention,flexible_support,esm2_frozen_bilstm_attn vs esm2_top4_bilstm_attn,208,1872,0.8464776187512728,0.0468073374246442,207,0.8401303911469055,0.8525446660610887,0.4666215824707415,0.14176799758197445,208,0.4474887424072321,0.48454277858872974,0.45461431293803106,0.16352114886897703,208,0.4325996123270788,0.4757022915897494,0.6421815482712918,0.19720677293249403,208,0.6153992039388674,0.6683515320224053,0.6644612591527655,0.20023345333078843,208,0.6369035187494724,0.6904502145342489,0.6444325298183233,0.19057824098331286,208,0.6182209019900029,0.6698207356282435,0.6154918026869245,0.3292093928664499,205,0.5692762135485712,0.659044497169497,0.6832264957264957,0.510191932216876,208,0.6143028846153845,0.7494791666666667,0.0,0.0,208,0.0,0.0,0.00641025641025641,0.0729821665254222,208,0.0,0.017628205128205128,,,0,,,,,0,,,,,0,,,0.06942950681139994,0.04847338181842941,207,0.06295689868578755,0.07595314051773498
bilstm_self_attention,flexible_support,esm2_frozen_bilstm_attn vs esm3_frozen_bilstm_attn,208,1872,0.7343270446844947,0.10243777403969687,208,0.7190690030023893,0.7465247093747649,0.34070725933678053,0.12834737498112095,208,0.32475911015214703,0.3594562284432224,0.3264134478757138,0.14158837077146924,208,0.3066171062281479,0.34529030829144314,0.48108106281183205,0.19408027719762203,208,0.45508501596041656,0.5072236944783018,0.5316984890702839,0.21032302656047075,208,0.5017819506511414,0.5606264051045702,0.49600784547992566,0.19442598444140935,208,0.4715494849414721,0.5223228227249327,0.8270841478353794,0.3038080567593904,203,0.7875292406234523,0.8681331205853989,0.9209401709401709,0.7904682167244903,208,0.8167735042735044,1.031517094017094,0.0,0.0,208,0.0,0.0,0.003205128205128205,0.046225016352102424,208,0.0,0.009615384615384616,,,0,,,,,0,,,,,0,,,0.11228376688451092,0.06071755003902864,208,0.10382902487958198,0.12062030841839304
bilstm_self_attention,flexible_support,esm2_frozen_bilstm_attn vs esm3_top28_bilstm_attn,208,1872,0.7469779902514316,0.09133829741573163,208,0.7344193278215642,0.758648742152229,0.35502314182645595,0.12519365816625908,208,0.3394005684861696,0.3722209567490441,0.3305431475472333,0.13907846309981442,208,0.3124783464372332,0.35065528022071324,0.5091782899380939,0.18890419232711564,208,0.48412920975786267,0.5348373435162298,0.5339212307161025,0.1947746414117301,208,0.5070962859404365,0.5596675703807114,0.5124707322609047,0.18513327479172514,208,0.48691985397737164,0.5401208864249294,0.7894974286901371,0.3393392879229077,208,0.7434431704483787,0.8348716875572345,0.8386752136752136,0.6158634922148533,208,0.7579994658119659,0.9252270299145299,0.0,0.0,208,0.0,0.0,0.0,0.0,208,0.0,0.0,,,0,,,,,0,,,,,0,,,0.11300694127263057,0.06523827840622905,208,0.10400949509752581,0.12160013543226994
bilstm_self_attention,flexible_support,esm2_frozen_bilstm_attn vs esm3_top4_bilstm_attn,208,1872,0.7459012174983037,0.09539935246115187,208,0.7326219840407203,0.758430372255591,0.34729901571851524,0.12918741910108106,208,0.3296611354672163,0.3652962388635666,0.3283452878858509,0.14559610539541426,208,0.3086248147074054,0.3488523172361894,0.49680756666522125,0.1941937003552634,208,0.46973294077725875,0.5223088163281295,0.5393651057513237,0.2120252084043366,208,0.5102903822495168,0.5684637695444987,0.5079814901981646,0.1958037283481993,208,0.4806023650253766,0.534722216672844,0.7669137728806011,0.32676731834568506,206,0.7234532906114621,0.8133842100306501,0.8846153846153846,0.6869213460280963,208,0.7959401709401709,0.9861244658119656,0.0,0.0,208,0.0,0.0,0.003205128205128205,0.032606975194439204,208,0.0,0.008012820512820512,,,0,,,,,0,,,,,0,,,0.10451453530184167,0.058475337888171955,208,0.09698700005310323,0.11261970224001548
bilstm_self_attention,flexible_support,esm2_top28_bilstm_attn vs esm2_top4_bilstm_attn,208,1872,0.9258625395077258,0.04118817645243509,207,0.9199463013140413,0.931154537331983,0.6048882731542975,0.13930917467485895,208,0.5845226067075296,0.6234967116232936,0.5868162584767241,0.15691534127013396,208,0.566967057262298,0.6082853650579008,0.7717730506062426,0.17560027924336835,208,0.7490467078175058,0.7944961431455116,0.7846641910143514,0.1813106756695033,208,0.7602260321661363,0.8086985150451697,0.7685457559822523,0.169303097398298,208,0.7446437199069557,0.7917293365048467,0.4262717727492284,0.24789464445538276,207,0.39276554428678023,0.4587685868211231,0.640491452991453,0.4735162233873424,208,0.5774439102564102,0.7051282051282051,0.0,0.0,208,0.0,0.0,0.00641025641025641,0.0729821665254222,208,0.0,0.017628205128205128,,,0,,,,,0,,,,,0,,,0.05689144476157486,0.028680801587506407,207,0.053402591547627436,0.06074592045698127
bilstm_self_attention,flexible_support,esm2_top28_bilstm_attn vs esm3_frozen_bilstm_attn,208,1872,0.779871309285019,0.09941050864337116,208,0.7653406347832276,0.7927763876962675,0.39929602223170324,0.13095549928002698,208,0.3816543523733807,0.41798792245900906,0.39450580607546204,0.14648695376346346,208,0.3744855490075412,0.4138395294530448,0.5680225657742626,0.18391414716012644,208,0.5419491884029851,0.5933754784656228,0.6158355563002998,0.20185780804819983,208,0.5877307005301797,0.6433176788785764,0.5793513494262446,0.1793273190392197,208,0.5543269122817298,0.6036900182228676,0.7743568175202478,0.30025066366690756,206,0.7332153906825225,0.8161482573072378,0.8408119658119657,0.5935508401873768,208,0.7692040598290598,0.9198717948717949,0.0,0.0,208,0.0,0.0,0.003205128205128205,0.046225016352102424,208,0.0,0.009615384615384616,,,0,,,,,0,,,,,0,,,0.12524727263746163,0.06341536166715363,208,0.11680080728899199,0.13402863533990908
bilstm_self_attention,flexible_support,esm2_top28_bilstm_attn vs esm3_top28_bilstm_attn,208,1872,0.8081440699277587,0.07728123656208802,208,0.7975964126681042,0.8184152600682901,0.4282118023268636,0.12880447248200044,208,0.4102057408143042,0.44578676066321693,0.41476186867004977,0.14093589130293566,208,0.39523071482250094,0.4337218314367791,0.6188947509165741,0.1796203405083147,208,0.5945547515437575,0.6428126692085496,0.6373905667575539,0.19232803344912622,208,0.6099800027844898,0.6642637702323199,0.6171450468182514,0.17525824022789427,208,0.5919658854029815,0.6395170817596348,0.788362770407859,0.33642938464069344,207,0.7437507428494747,0.8359151799026999,0.7831196581196582,0.5439758974335922,208,0.7110042735042735,0.8621928418803417,0.0,0.0,208,0.0,0.0,0.0,0.0,208,0.0,0.0,,,0,,,,,0,,,,,0,,,0.12463552140193265,0.06508731113162018,208,0.11593822101905624,0.13348173091842033
bilstm_self_attention,flexible_support,esm2_top28_bilstm_attn vs esm3_top4_bilstm_attn,208,1872,0.8091622270250384,0.09289879685976248,208,0.7953700511260766,0.8206659278459681,0.4176921086167547,0.13126278998470362,208,0.3993662366696335,0.43627444129904663,0.4059046432272293,0.14939833168118957,208,0.38602307148274967,0.4268476231467835,0.602207071303508,0.1838742042486796,208,0.577308718787968,0.6278600679981713,0.6424171314796314,0.20286425625738952,208,0.613936310121206,0.6691915173946423,0.6101635401898338,0.18242328967885704,208,0.5852941627056826,0.6350908361515559,0.7697186215288967,0.31941041208606197,206,0.7263973647711511,0.8135550883945403,0.8012820512820513,0.5293718226458018,208,0.7334268162393162,0.874465811965812,0.0,0.0,208,0.0,0.0,0.003205128205128205,0.032606975194439204,208,0.0,0.008012820512820512,,,0,,,,,0,,,,,0,,,0.11239344719897454,0.05831312712491448,208,0.10460546555805704,0.12066829209196277
bilstm_self_attention,flexible_support,esm2_top4_bilstm_attn vs esm3_frozen_bilstm_attn,208,1872,0.7875394664902335,0.07600735350441075,207,0.7769184265114655,0.7977592994896069,0.3881685833335968,0.1398615501901167,208,0.36843825469562785,0.4064838496936527,0.37506430053185025,0.15534681120227475,208,0.3539115914597204,0.39741087802769465,0.5508638018854365,0.2021764077186787,208,0.5246428501201137,0.5773933786528939,0.5891507071394891,0.2147537385300779,208,0.5580708023947207,0.6168012587483741,0.5595787279761366,0.19900086905913764,208,0.5326251722757711,0.5854156057918184,0.7555082376220587,0.34468477111958284,205,0.7083620305845917,0.8035428630575989,0.7537393162393162,0.6265085294717544,208,0.6752003205128205,0.8413461538461539,0.003205128205128205,0.046225016352102424,208,0.0,0.009615384615384616,0.00641025641025641,0.0729821665254222,208,0.0,0.01923076923076923,,,0,,,,,0,,,,,0,,,0.09766947742724126,0.056001758006496545,207,0.09018812382637337,0.10549981650723589
bilstm_self_attention,flexible_support,esm2_top4_bilstm_attn vs esm3_top28_bilstm_attn,208,1872,0.8078736485220818,0.07535721617789218,207,0.7977224637783688,0.8171839156099917,0.4183084525692982,0.1396515743675466,208,0.39998381719741766,0.43720276327322555,0.39990474389649905,0.16181866665538575,208,0.3789944014744681,0.42210201225687016,0.5949949400670554,0.21020820523071568,208,0.5651021138761523,0.6224777256367799,0.602148482156495,0.2210365042091028,208,0.572360257338222,0.6330002113345463,0.5885550508984595,0.20583451527011898,208,0.5600197794285956,0.6158771266297118,0.7397493728703275,0.34667452891169354,206,0.6937954441597748,0.788633956931388,0.7622863247863249,0.5452592154395767,208,0.6906917735042736,0.8370726495726496,0.0,0.0,208,0.0,0.0,0.00641025641025641,0.0729821665254222,208,0.0,0.017628205128205125,,,0,,,,,0,,,,,0,,,0.09922428169142944,0.0577151547150624,207,0.09150548901321781,0.10712849894138021
bilstm_self_attention,flexible_support,esm2_top4_bilstm_attn vs esm3_top4_bilstm_attn,208,1872,0.8135274205647995,0.0710914398543074,207,0.8041545440383304,0.8229135713033595,0.42103814971401915,0.14621246406600036,208,0.4008675429607016,0.4407361158482177,0.40180963307334466,0.1639999715975325,208,0.38063273414703164,0.42421191684799414,0.5983507996929471,0.20001190865550592,208,0.5706437236530386,0.6260215327763405,0.6276422918249841,0.21653795620214045,208,0.5996168093984601,0.6575744849212398,0.6020676513175277,0.19859330256707303,208,0.5748369157635687,0.630074244324222,0.722378897621616,0.3722851669809832,206,0.6733884854283316,0.7734117619989385,0.750534188034188,0.5413919265424513,208,0.6768162393162392,0.8269230769230768,0.0021367521367521365,0.0243273888418074,208,0.0,0.005876068376068377,0.007478632478632479,0.0791564386072804,208,0.0,0.0202991452991453,,,0,,,,,0,,,,,0,,,0.0882584319911984,0.05471322309711899,207,0.08087365414263098,0.09580335345417687
bilstm_self_attention,flexible_support,esm3_frozen_bilstm_attn vs esm3_top28_bilstm_attn,208,1872,0.8441736831773974,0.08471952522034742,208,0.831928450596829,0.8542086721956962,0.4776469931276536,0.1103030233171449,208,0.46285274853003794,0.49225704612207055,0.4651395492898868,0.1225855272141224,208,0.44865479910105516,0.48168395374398165,0.6786454849756132,0.15317990719242516,208,0.6580006450769671,0.6988973847036747,0.6462572654079064,0.15134062515798924,208,0.6263043406172414,0.6669404592691851,0.650348487076587,0.1412178273300187,208,0.6315177725440284,0.669207121032372,0.6626036261704539,0.25154787655940686,207,0.6286575698225255,0.6968502782889859,0.7382478632478632,0.4697361591562724,208,0.6730769230769231,0.8050213675213674,0.0,0.0,208,0.0,0.0,0.003205128205128205,0.046225016352102424,208,0.0,0.009615384615384616,,,0,,,,,0,,,,,0,,,0.06443228338397652,0.029874443115125982,208,0.06047182147495707,0.0685260521526932
bilstm_self_attention,flexible_support,esm3_frozen_bilstm_attn vs esm3_top4_bilstm_attn,208,1872,0.8698023663523373,0.05659899189113064,208,0.8615115848014541,0.8770738678405541,0.5052877726192082,0.1156442501128969,208,0.49025737486016635,0.5211033853851095,0.49382028911067355,0.13238186123792164,208,0.47514361807196953,0.5125085085726325,0.6917296986607884,0.15355843327853352,208,0.6705758814132212,0.7119204507876383,0.6772480101807026,0.15290835231075559,208,0.6557286865259622,0.698026106987445,0.6737187120751322,0.14472447927896734,208,0.6538036711055415,0.6932098821509627,0.5855455308580308,0.25280675868400854,208,0.5516258885790136,0.6198682254281213,0.6581196581196581,0.4147895977187618,208,0.6046875,0.7126201923076922,0.0010683760683760683,0.015408338784034142,208,0.0,0.003205128205128205,0.005341880341880342,0.0585704893506342,208,0.0,0.014436431623931552,,,0,,,,,0,,,,,0,,,0.05973597999524539,0.02730406153566162,208,0.05614338224306384,0.06352385479278455
bilstm_self_attention,flexible_support,esm3_top28_bilstm_attn vs esm3_top4_bilstm_attn,208,1872,0.8829728733305691,0.07760355747520696,208,0.8715492615797572,0.8918977404584327,0.530467559299465,0.11026053064374763,208,0.5158307537703567,0.5458934318908449,0.5237304756844685,0.13177935894472828,208,0.5050609730155196,0.5413640107180877,0.7034927130680335,0.1538581086945893,208,0.6828790754962629,0.7243180131982214,0.7258143476893477,0.1620327552355321,208,0.7019266015620184,0.7457664519122852,0.7034192526292944,0.1500610978115277,208,0.6816076435072469,0.7240211342295567,0.5620686777289031,0.22806760874821855,207,0.532292481888899,0.5952572096337193,0.6794871794871794,0.436675986211635,208,0.6228632478632478,0.7409188034188033,0.0,0.0,208,0.0,0.0,0.003205128205128205,0.032606975194439204,208,0.0,0.008012820512820512,,,0,,,,,0,,,,,0,,,0.055591662793476875,0.024809406854279722,208,0.05249047102556602,0.05891715009111046
bilstm_self_attention,raw_received,esm2_frozen_bilstm_attn vs esm2_top28_bilstm_attn,208,1872,0.7243713671079218,0.11934756500752702,208,0.7078996986017673,0.739805681071121,0.34688185266728944,0.11456392579058342,208,0.3317070870527761,0.3621393579324164,0.33605423648595445,0.13443062034891323,208,0.3176648147931024,0.3549191130233829,0.540036061729595,0.19266937385608815,208,0.5147835298914083,0.564275109487567,0.5403994947499849,0.18234456102725205,208,0.5148820162170347,0.5665037718041935,0.5297149089671414,0.17758222244527533,208,0.5054596266748695,0.5533570989456483,0.756918237974202,0.330513580695746,204,0.712537221292838,0.8017751425415846,0.8450854700854701,0.47941294024711173,208,0.7788461538461539,0.9139957264957264,0.0,0.0,208,0.0,0.0,0.003205128205128205,0.0326069751944392,208,0.0,0.008012820512820512,0.021427948677554008,0.011168104347022013,208,0.019852078220254695,0.022932994784864328,0.0102723196826674,0.009198896445892018,208,0.009057600561767819,0.011478580776121766,0.010272319682667412,0.009198896445892012,208,0.009031292266349024,0.01163766269798832,0.025953946315423283,0.018004795262037104,208,0.023633519388670778,0.028495969921245444
bilstm_self_attention,raw_received,esm2_frozen_bilstm_attn vs esm2_top4_bilstm_attn,208,1872,0.7868003208422135,0.10761438532401155,208,0.7707949994921419,0.8001287057976185,0.4007782075656735,0.13279539793176565,208,0.3816089640547572,0.41787679362505487,0.39103965723334294,0.1513709793588861,208,0.3707144295899015,0.4118598437371084,0.5794326606319913,0.20164812667644946,208,0.5526401571954751,0.6063271328650054,0.5957273206672246,0.20139901526603335,208,0.567901114643903,0.6216634681869057,0.5783140354625276,0.19460699234713003,208,0.5515982994436468,0.6041971420505667,0.6615207534109975,0.3104211360432369,205,0.6218532963197597,0.7068104398612528,0.7841880341880341,0.4813766572569006,208,0.7179353632478631,0.8482905982905984,0.0,0.0,208,0.0,0.0,0.00641025641025641,0.04588882995327257,208,0.0016025641025641025,0.01282051282051282,0.018985938209584725,0.010943777370639656,208,0.01747077964276587,0.02051210852341492,0.009252426795964684,0.008760648153026858,208,0.00816439383671751,0.010442052925595502,0.009252426795964693,0.008760648153026853,208,0.008112589164426361,0.0104917904554161,0.029573098489887036,0.020698109159395024,208,0.02691449998856191,0.03249580369813974
bilstm_self_attention,raw_received,esm2_frozen_bilstm_attn vs esm3_frozen_bilstm_attn,208,1872,0.6153998540385882,0.1311114233570903,208,0.5958722932800972,0.6326025726682357,0.26249193479893,0.09885314786043964,208,0.24967762840650154,0.275638744598325,0.2574779726820155,0.11922617981683313,208,0.24118435947614372,0.27413286436085094,0.41211245260312,0.17292022756968084,208,0.3891389106026054,0.43637694764185386,0.4367104183209953,0.188348543403246,208,0.41178320551717984,0.46157271659074545,0.4150479858624656,0.1718987704227752,208,0.39085091044465253,0.43842158636991946,0.8647781971867339,0.33711938406443526,205,0.8203854973222352,0.9114482473544971,0.9129273504273504,0.652070689691539,208,0.8285122863247862,1.0053552350427353,0.0,0.0,208,0.0,0.0,0.0016025641025641025,0.023112508176051216,208,0.0,0.004807692307692308,0.04526568785954576,0.023302280575694154,208,0.0422847651150427,0.04836027353241937,0.01408481881786467,0.009949512452984073,208,0.012725372826272193,0.01552864814642615,0.014084818817864676,0.009949512452984062,208,0.012749634353504371,0.015474198970750983,0.0757599671960977,0.03680219516151615,208,0.07116579875659103,0.08085594682584601
bilstm_self_attention,raw_received,esm2_frozen_bilstm_attn vs esm3_top28_bilstm_attn,208,1872,0.6242981991743108,0.12139448254702244,208,0.6073219195860234,0.6396168783608809,0.27411654093358834,0.10555470190729901,208,0.2610751131856763,0.28808588266515994,0.2614923725626429,0.1280721705396964,208,0.24471288839476707,0.28015578386091605,0.42290547501001885,0.1677478605948478,208,0.3997790047486032,0.4451104797674604,0.440813870661627,0.1792468145546678,208,0.4170779512436163,0.46356797701348984,0.4233183197009979,0.166480812323267,208,0.4000074065464671,0.4457748756159878,0.8442105666743348,0.3733580246066871,207,0.7942588598778211,0.8951270512230655,0.8685897435897435,0.5680851019228027,208,0.7980769230769231,0.9529914529914529,0.0,0.0,208,0.0,0.0,0.003205128205128205,0.032606975194439204,208,0.0,0.008012820512820512,0.04129869447001376,0.023944925989460658,208,0.03814949889743586,0.04452687054935264,0.01255430970103797,0.012086516813044287,208,0.010921922463727453,0.014362164225777293,0.012554309701037979,0.012086516813044281,208,0.010988965105052376,0.014270595322262282,0.06425032293517068,0.03802305515408994,208,0.05905575523759813,0.06950305545086063
bilstm_self_attention,raw_received,esm2_frozen_bilstm_attn vs esm3_top4_bilstm_attn,208,1872,0.6289637026061571,0.1178438030975321,208,0.6118153611848949,0.6445841742683938,0.267223289602723,0.10564698504983641,208,0.2530307392773577,0.28107425791446433,0.25706329637604997,0.1266365441696982,208,0.24029255086898116,0.27489623267256996,0.4142807390922021,0.17798293957649983,208,0.38958362884008624,0.43835066013622287,0.43923034467906263,0.1901425075201512,208,0.41484111048614253,0.4651125158376761,0.41765641501466155,0.1757327521761515,208,0.3945046468808325,0.44135258448017334,0.8015460059362498,0.3295484853780662,205,0.7565375774293458,0.8440817847464188,0.8936965811965811,0.5854343512895127,208,0.8204994658119658,0.9738247863247863,0.0,0.0,208,0.0,0.0,0.003205128205128205,0.032606975194439204,208,0.0,0.008012820512820512,0.03543739812179918,0.021306971000667245,208,0.03260159591032546,0.03832039138671163,0.011809305383600924,0.009825580011024983,208,0.010568075202874169,0.013155333513742125,0.011809305383600931,0.009825580011024983,208,0.010572618958442715,0.013158755285632052,0.058122969045741706,0.0328282910863725,208,0.053797052963540114,0.06267694005525533
bilstm_self_attention,raw_received,esm2_top28_bilstm_attn vs esm2_top4_bilstm_attn,208,1872,0.8808852898770272,0.07670002508140449,208,0.8696680825863757,0.8907205675941043,0.5404191757541935,0.1287720562300497,208,0.5233766970283175,0.5577192598020025,0.5237885889139835,0.15249958366168587,208,0.5029655560514492,0.5447992073141461,0.7203588254292911,0.18314840699085316,208,0.6947333845126195,0.7444723394156015,0.7333018262305122,0.1837372817140133,208,0.7075218508677044,0.75745830256297,0.7150543000361156,0.17430140275040262,208,0.6915505833673848,0.7382186941597686,0.4390000997690209,0.23641444463028524,207,0.4074957948951508,0.4718939710279283,0.732905982905983,0.49087072826961914,208,0.6677350427350428,0.7959535256410255,0.0,0.0,208,0.0,0.0,0.00641025641025641,0.04588882995327257,208,0.0016025641025641025,0.01282051282051282,0.01173502166250031,0.006161727016629725,208,0.010883608588038385,0.012615428294428917,0.004082712898169588,0.0045031662747442,208,0.0035108640262982984,0.004761917342677333,0.0040827128981695765,0.004503166274744207,208,0.0035332929150445375,0.004729438648123802,0.020122195092804235,0.009257300791524415,208,0.018901499462146292,0.021422036961471436
bilstm_self_attention,raw_received,esm2_top28_bilstm_attn vs esm3_frozen_bilstm_attn,208,1872,0.67719872795215,0.11699035429690632,208,0.6619617329778087,0.692444862578396,0.33320810062763395,0.11345511182872796,208,0.3175095350113424,0.34835132949180747,0.3318198833067535,0.13550050329044436,208,0.3132898057668234,0.3496408234036852,0.5042846956685569,0.1692114902956395,208,0.4827738501175118,0.5270496693763038,0.5372313657970709,0.19031694953278094,208,0.5128377010868999,0.5624072405292357,0.5084930346651562,0.16680443835555442,208,0.48723382406417765,0.5310337160736397,0.7968247578150959,0.3237951626542492,207,0.7524342937658156,0.839402117999642,0.9182692307692307,0.6261844138803124,208,0.8365251068376068,1.0069577991452991,0.0,0.0,208,0.0,0.0,0.0016025641025641025,0.023112508176051216,208,0.0,0.004807692307692308,0.030307183213387715,0.01744265902623704,208,0.027953213790869378,0.03263514863714424,0.008555334343561689,0.006881204288626,208,0.007666773979826927,0.009531111245681317,0.008555334343561687,0.006881204288625995,208,0.00765378561104952,0.009501331091609557,0.06620955826889528,0.03504880460439656,208,0.06123389599497819,0.0711667442054101
bilstm_self_attention,raw_received,esm2_top28_bilstm_attn vs esm3_top28_bilstm_attn,208,1872,0.7172987945852746,0.12738365754871153,208,0.6991396921652714,0.7339130756143166,0.3512643439783891,0.11535805170421501,208,0.335295864302322,0.3666473265313138,0.3445337956199257,0.13525424102294498,208,0.3264461621640215,0.3632813960017759,0.5401063094372389,0.1810113103004743,208,0.5161668680063112,0.5648147557792991,0.556771510777921,0.18580289137613742,208,0.5315241422943746,0.5811685320629632,0.5369650445567006,0.17062497824990672,208,0.5139498385185325,0.559911823625679,0.8206125537233951,0.34229390424367845,206,0.7742233089972774,0.86699319682026,0.8942307692307693,0.5742698347213331,208,0.8210470085470085,0.9775774572649574,0.0,0.0,208,0.0,0.0,0.003205128205128205,0.032606975194439204,208,0.0,0.008012820512820512,0.0273240462504997,0.01693203298543201,208,0.025108250096466295,0.029639279617180346,0.00679761863751615,0.006456278617116646,208,0.005949303898681571,0.007669969311237968,0.006797618637516156,0.006456278617116649,208,0.006027530224988712,0.007715487429579726,0.05477120869267807,0.03363234598485934,208,0.05016175792758126,0.05933308015511821
bilstm_self_attention,raw_received,esm2_top28_bilstm_attn vs esm3_top4_bilstm_attn,208,1872,0.711787503451985,0.1157267687629971,208,0.694918819463324,0.7275716924566223,0.34557230804856426,0.11342397876574357,208,0.3301038060095799,0.36087342833428215,0.33742571284893397,0.13980777654285376,208,0.3170369667723299,0.35592499062784555,0.5263562482065027,0.18430285126952634,208,0.5011488248923146,0.5501501325397795,0.5511180911621616,0.19661247663408515,208,0.5243238212108404,0.5775623313503921,0.5266885587869445,0.17761683374995815,208,0.502486296010724,0.5496772650307576,0.7846146536520099,0.35473717592687587,203,0.737638451772791,0.8332183242869304,0.9097222222222222,0.5819130013142741,208,0.8354567307692307,0.9861244658119659,0.0,0.0,208,0.0,0.0,0.003205128205128205,0.032606975194439204,208,0.0,0.008012820512820512,0.023117066540028215,0.014783130818408406,208,0.02113832519997551,0.025095420392954416,0.0068070695908382444,0.006649145704701337,208,0.005977068248637416,0.007777008044722054,0.006807069590838246,0.006649145704701334,208,0.00588109067284906,0.007716517388432649,0.048113748889926984,0.030151936029287903,208,0.04402376272988237,0.05221866018934541
bilstm_self_attention,raw_received,esm2_top4_bilstm_attn vs esm3_frozen_bilstm_attn,208,1872,0.6924609754226592,0.11467109686284152,208,0.6761809436044038,0.7084505310074496,0.3208765494268961,0.11616747800087764,208,0.30525420448834956,0.33662501909203135,0.3110513716103615,0.1389728310384984,208,0.2918939284771368,0.3298291497730457,0.4783984126331883,0.18521985728186113,208,0.4540681095413667,0.5056670586358086,0.503612771962131,0.2025912642886007,208,0.47626072819482274,0.5300335509249772,0.48003684580043227,0.1825847357796883,208,0.4549456315185166,0.5034491629436602,0.7554567814780232,0.34998460829857847,204,0.7065394869367501,0.8033185982726423,0.890491452991453,0.6364111786670571,208,0.8055422008547007,0.9770432692307692,0.0,0.0,208,0.0,0.0,0.004807692307692308,0.039838177561583026,208,0.0,0.011217948717948716,0.03285661165557071,0.01913661654386171,208,0.030415519346498412,0.035457291711808614,0.008811235822591877,0.007326492291322725,208,0.007880527212144297,0.009900663637733387,0.008811235822591863,0.007326492291322726,208,0.007908756116076058,0.009862005341601855,0.06068187293128747,0.03344330081040553,208,0.05638333674039412,0.06535774801891378
bilstm_self_attention,raw_received,esm2_top4_bilstm_attn vs esm3_top28_bilstm_attn,208,1872,0.716835128441356,0.11569828279638593,208,0.7010513019232844,0.7313820678986536,0.3478940228665751,0.12765611970423096,208,0.330760495745549,0.36538078706484495,0.33662900746522617,0.14667863855383748,208,0.31657893661522096,0.3563931281819822,0.5275239999198333,0.19506396111748,208,0.5017096979617012,0.5558560295429287,0.5381876003270233,0.20339817268924915,208,0.5107681604216059,0.5660662295548112,0.5220942088808566,0.1884983445781018,208,0.4967168047687536,0.5469045635852738,0.7617572159848582,0.3420041546055744,205,0.7176878952122855,0.809838589387878,0.8664529914529915,0.5604996977526796,208,0.793255876068376,0.9428552350427349,0.0,0.0,208,0.0,0.0,0.00641025641025641,0.04588882995327257,208,0.0016025641025641025,0.01282051282051282,0.02987284337684363,0.018771732557543403,208,0.027384506357567378,0.03242088520327704,0.007547337471935117,0.007544328605922383,208,0.00656437717621992,0.008551254124789168,0.0075473374719351085,0.007544328605922383,208,0.006531795738309784,0.008611501309053419,0.04975239686422586,0.030758855191023518,208,0.04545939710141965,0.05413249340108824
bilstm_self_attention,raw_received,esm2_top4_bilstm_attn vs esm3_top4_bilstm_attn,208,1872,0.7202499223438468,0.10968793313337592,208,0.7058184564046669,0.7349431448511169,0.345738965871626,0.12492386055112804,208,0.3283005381211604,0.3636019032521846,0.3366130492786225,0.14979543182795615,208,0.317507306626073,0.35647311618948124,0.5216245893529547,0.19448716467555677,208,0.49632677185261315,0.5472386277584593,0.5407676450745361,0.20668636104569732,208,0.5134351960213339,0.5691259724813411,0.5203273966363721,0.18926248158145703,208,0.4945232260133249,0.5469201876406184,0.7350001188747103,0.3684006201943632,204,0.6866782420915897,0.7870883598423937,0.8605769230769231,0.5653719536321372,208,0.7836404914529914,0.9364583333333332,0.0005341880341880341,0.007704169392017071,208,0.0,0.0016025641025641025,0.005876068376068377,0.050297776873026646,208,0.0,0.013888888888888888,0.024670239352976783,0.01633313342731898,208,0.022519704905870807,0.027033160602394267,0.007103708379981339,0.007314762942312539,208,0.006187251266558609,0.008133489075838628,0.007103708379981334,0.007314762942312538,208,0.006119469121169816,0.00811798765486916,0.043236367744539025,0.02686709942558057,208,0.03973553389987495,0.04689907211428906
bilstm_self_attention,raw_received,esm3_frozen_bilstm_attn vs esm3_top28_bilstm_attn,208,1872,0.7723940994367353,0.09325955085199922,208,0.7591165394357754,0.7845347148651585,0.39900797825885664,0.10264188287991317,208,0.3853700890326539,0.4130579151577934,0.40142430601943213,0.11978419744330464,208,0.3861614120136307,0.41722266983273737,0.5954145465764056,0.15963424898666256,208,0.5754111680624101,0.615914061010215,0.5782991714482099,0.14810595812141064,208,0.5586095234152125,0.5984475989644258,0.5757709127675026,0.14430355672482958,208,0.5565375620193601,0.5953818606654664,0.6899279196380645,0.25381047468753803,207,0.6550931756894922,0.7244674168647599,0.7868589743589745,0.4429396544448877,208,0.7259615384615384,0.8498931623931624,0.0,0.0,208,0.0,0.0,0.0016025641025641025,0.023112508176051212,208,0.0,0.004807692307692308,0.01936593513184156,0.00926287004838236,208,0.018199207585765945,0.020578754816507863,0.007464136704770679,0.007718258221008717,208,0.006520704516591971,0.008538052454575226,0.007464136704770687,0.0077182582210087065,208,0.0064954743867064995,0.008569565387972326,0.03641234835970138,0.01849949807119243,208,0.03395350471975298,0.03884518898401313
bilstm_self_attention,raw_received,esm3_frozen_bilstm_attn vs esm3_top4_bilstm_attn,208,1872,0.8130269432674481,0.06624222431586724,208,0.8031385705638784,0.8212091985445136,0.4261005934197003,0.10143440665915898,208,0.4118969346296778,0.4394568228023385,0.4297242849676337,0.1297769062934911,208,0.4121331696000086,0.4469627859862219,0.6183123900671977,0.15287639377767198,208,0.5974530601313454,0.6401548367423768,0.6104175887028451,0.14802422093242815,208,0.5911003365180048,0.6306404154591254,0.6035021871634348,0.14207587566152818,208,0.5847409166329383,0.623041205276728,0.6100978015040515,0.2362887456422482,208,0.5769462045959441,0.6424080951359598,0.767094017094017,0.46414193991437874,208,0.7045806623931623,0.829594017094017,0.0,0.0,208,0.0,0.0,0.0016025641025641025,0.023112508176051212,208,0.0,0.004807692307692308,0.019476414615405446,0.009485813594658108,208,0.018172324231152247,0.020756079994862883,0.0062908642085994235,0.003949839469473432,208,0.005785133078454251,0.006849936809596543,0.0062908642085994304,0.003949839469473424,208,0.00576919062153979,0.006848784161581193,0.03567747966630611,0.01682916387069417,208,0.03354895592880166,0.03797793426322166
bilstm_self_attention,raw_received,esm3_top28_bilstm_attn vs esm3_top4_bilstm_attn,208,1872,0.8288374758587617,0.08048338845623919,208,0.8181209609931066,0.8389110355127208,0.44922806903414264,0.10289107207991915,208,0.43504663823852585,0.4631461504503309,0.45325195862035134,0.1282063856787695,208,0.4358723167293404,0.47026139780603754,0.63030048358574,0.15698706610651594,208,0.6097174307841374,0.6512962347036867,0.6380699866076469,0.1613759595557118,208,0.6165951358744828,0.6582475047358861,0.6227565461782253,0.15131095492968075,208,0.6011086613557497,0.6430483355177985,0.5934323053787628,0.2377978817703919,207,0.5618859510390307,0.6256935205420511,0.7740384615384616,0.4714528747918032,208,0.7115251068376068,0.8413461538461539,0.0,0.0,208,0.0,0.0,0.003205128205128205,0.032606975194439204,208,0.0,0.008012820512820512,0.01704070103977007,0.00887061268540681,208,0.015887433604370744,0.018302446436305308,0.0059130865145674335,0.006855376906187697,208,0.005089792770854494,0.006915885012855216,0.005913086514567437,0.006855376906187696,208,0.005101655759463198,0.006889886705293929,0.028587257130018584,0.01287298146331592,208,0.02682740428916598,0.030299798361998486
bilstm_self_attention,rigid_support,esm2_frozen_bilstm_attn vs esm2_top28_bilstm_attn,208,1872,0.8246481722098745,0.07057314527980915,208,0.8146951105087245,0.8340669845041924,0.49204146621088446,0.1452081101312021,208,0.47131384876144067,0.5115703407301831,0.48860336478235367,0.173399522961564,208,0.4644576423817748,0.5115672322579895,0.6227299758349437,0.20732921666308238,208,0.5964208169671912,0.6517748049448769,0.7233334181250849,0.21330562401274772,208,0.6948157407792824,0.7519107561034644,0.6560357517386186,0.19846438856119122,208,0.6301959448217611,0.6836406619865082,0.717846603862864,0.3021496460239778,205,0.6734032025637717,0.760130393169011,0.8942307692307693,0.6173144011647902,208,0.8092948717948718,0.977577457264957,0.004807692307692308,0.06933752452815363,208,0.0,0.014423076923076924,0.020833333333333332,0.12300474136504796,208,0.00641025641025641,0.04006410256410256,,,0,,,,,0,,,,,0,,,0.0789458564630021,0.05478829656226703,208,0.07175434406703456,0.08694225803910738
bilstm_self_attention,rigid_support,esm2_frozen_bilstm_attn vs esm2_top4_bilstm_attn,208,1872,0.849893702000539,0.06482795887583774,208,0.8404060914297663,0.858514456253341,0.5216340476849506,0.1318684709453928,208,0.5038544592175882,0.5390627461249141,0.5273631889144591,0.16023709519254808,208,0.5061253660341539,0.5476238052743115,0.653388262823359,0.1996574686012919,208,0.6268938781533933,0.6788724672318422,0.7498489016918504,0.20095681539030694,208,0.7223583872872735,0.7765069504332324,0.6862215582804089,0.18687929937523304,208,0.6598053981784079,0.7108173316136127,0.6448583642211093,0.28798214760763224,204,0.6070597052653834,0.6848839068104794,0.8290598290598291,0.6216551124913562,208,0.751602564102564,0.9139957264957264,0.004807692307692308,0.06933752452815363,208,0.0,0.014423076923076924,0.01282051282051282,0.10281154346066493,208,0.0016025641025641025,0.028846153846153848,,,0,,,,,0,,,,,0,,,0.07080708201984197,0.05351263353542945,208,0.06406661381478054,0.07793326617146608
bilstm_self_attention,rigid_support,esm2_frozen_bilstm_attn vs esm3_frozen_bilstm_attn,208,1872,0.7652310815582789,0.09189096596287417,208,0.7525136293631449,0.7769813829834108,0.4252828688505398,0.13362426321143894,208,0.4069710325971402,0.44349962005942156,0.4267335831943687,0.15265424924481383,208,0.4064559791937597,0.44710076231040635,0.5487982066307386,0.19259563275085506,208,0.5230920695964767,0.5754331613120675,0.6300532326173351,0.20771609545508576,208,0.6012686881687284,0.6575022857825342,0.5752881293783438,0.18986203743323607,208,0.5493692305801896,0.6014957861320797,0.8819792680971543,0.2716344005423008,205,0.8460380232346696,0.9198761719498508,0.922008547008547,0.6089489506703564,208,0.8424145299145299,1.0053552350427353,0.0016025641025641025,0.023112508176051216,208,0.0,0.004807692307692308,0.01282051282051282,0.10281154346066493,208,0.0016025641025641025,0.028846153846153848,,,0,,,,,0,,,,,0,,,0.0900639411874487,0.05333268426053835,208,0.08308012576042037,0.09762095802984079
bilstm_self_attention,rigid_support,esm2_frozen_bilstm_attn vs esm3_top28_bilstm_attn,208,1872,0.7753298499833333,0.09199262028711906,208,0.7628126630012162,0.7873678719451974,0.4308976564316922,0.14293310712322377,208,0.41105025108992616,0.4496313351997726,0.43770926007385746,0.16040987841454918,208,0.41637674910757244,0.4593413684205554,0.5461937160655109,0.19843227585242681,208,0.5205461846217055,0.5728256060697968,0.6424227896984308,0.22357416826908288,208,0.6116922034369952,0.6736983112373737,0.5783250189022158,0.19833146228061121,208,0.5512659606924465,0.6048053965554622,0.8928299350453822,0.33329093112045327,205,0.8479488939433045,0.9390466646233923,0.9166666666666667,0.5920387911446978,208,0.8370726495726497,1.000547542735043,0.0016025641025641025,0.023112508176051216,208,0.0,0.004807692307692308,0.014423076923076924,0.09994785791185573,208,0.003205128205128205,0.028846153846153848,,,0,,,,,0,,,,,0,,,0.06520677332660263,0.041355677316461406,208,0.05985298514520835,0.07063291399388973
bilstm_self_attention,rigid_support,esm2_frozen_bilstm_attn vs esm3_top4_bilstm_attn,208,1872,0.7725866541506948,0.09277008919317983,208,0.758975795095011,0.7840813905468479,0.4291151103602643,0.13846429290189205,208,0.40956265489975685,0.44824103074314914,0.43128578718501037,0.15699910704096828,208,0.40900182569039595,0.4530059517975495,0.537991287410358,0.20474958261748705,208,0.5095938594621487,0.5638818240090275,0.6329458735708736,0.22997438463119832,208,0.6004593708760375,0.6629538348418557,0.5702975237873589,0.20584460163061868,208,0.5437396275219403,0.5980775496270924,0.8959081572597832,0.33636118985926705,205,0.8521355767557496,0.941552476223716,0.9326923076923077,0.6463939028548645,208,0.8488114316239316,1.0229834401709401,0.0010683760683760683,0.015408338784034144,208,0.0,0.003205128205128205,0.011752136752136754,0.0932098833792852,208,0.0016025641025641025,0.025106837606837604,,,0,,,,,0,,,,,0,,,0.06968995524401511,0.04580640830653931,208,0.06385798147593397,0.07610368454354753
bilstm_self_attention,rigid_support,esm2_top28_bilstm_attn vs esm2_top4_bilstm_attn,208,1872,0.9247830982553015,0.0478711469902385,208,0.9180586389424328,0.9312004678086031,0.7190894907958698,0.13940179309371434,208,0.6995893211387726,0.7378263691450536,0.7166468173010002,0.1685614714080881,208,0.6925188604519489,0.738906937095433,0.8502127027768054,0.1815301309850534,208,0.824735506362109,0.8742234113968891,0.8405944823813414,0.1898876637565011,208,0.8142294742294742,0.8649799507902473,0.835586127528053,0.17841421276538189,208,0.8116797690559112,0.8586449426898861,0.4026748514959897,0.28547764331994746,205,0.3646247428798242,0.4414606806547863,0.4893162393162393,0.47918919979858643,208,0.42200854700854695,0.5555689102564102,0.01014957264957265,0.09807122531052245,208,0.0,0.025106837606837608,0.0202991452991453,0.12477873117365244,208,0.004807692307692308,0.038995726495726496,,,0,,,,,0,,,,,0,,,0.03666067237494223,0.01963573754643267,208,0.034145134665818706,0.03942079061987661
bilstm_self_attention,rigid_support,esm2_top28_bilstm_attn vs esm3_frozen_bilstm_attn,208,1872,0.8003802208299431,0.09743433761853473,208,0.7865122553920452,0.8128278069312573,0.5171070120489138,0.15384259270095182,208,0.4970065808092264,0.5381779475938399,0.5098289269728956,0.1748614599043987,208,0.48731318965156384,0.5342031969996841,0.678912642734758,0.20688119320237677,208,0.6520648311283327,0.7076407437084521,0.6684414454847147,0.21120701590382257,208,0.6416005873948583,0.6959999460119654,0.6613244673335239,0.19983388611069258,208,0.6330885937980713,0.6878306377414828,0.8136960957222394,0.31123080260641683,204,0.7706999396981015,0.8569992132655531,0.6623931623931624,0.5593372261023444,208,0.5897435897435896,0.7457398504273504,0.007478632478632479,0.07449865929022198,208,0.0,0.018696581196581196,0.019764957264957264,0.12414634116004036,208,0.004807692307692308,0.03952991452991453,,,0,,,,,0,,,,,0,,,0.06908103891328468,0.04335174212598122,208,0.06382422905178907,0.07490006034556926
bilstm_self_attention,rigid_support,esm2_top28_bilstm_attn vs esm3_top28_bilstm_attn,208,1872,0.8250292722258421,0.08881020188741072,208,0.8130800507296215,0.8369141473230116,0.5496581063617787,0.16999215188137856,208,0.5265044581561118,0.5715622758580164,0.5555855263276162,0.1715776950170773,208,0.5314010313429297,0.5798338118413983,0.698301440368748,0.20819253444173777,208,0.6697076877745949,0.7270251200529646,0.7021071758251245,0.2151365581074057,208,0.6728131828923094,0.7312008887139095,0.6877324646517899,0.20046197475344602,208,0.659437237187354,0.7150829797303697,0.8503073991942456,0.36130094354592707,204,0.7998110864716256,0.8990268848666009,0.6132478632478632,0.5089948414362958,208,0.5486111111111112,0.6827056623931623,0.008012820512820512,0.06174258683221152,208,0.0010683760683760683,0.017628205128205128,0.020833333333333336,0.1305322839893483,208,0.005341880341880342,0.04059829059829059,,,0,,,,,0,,,,,0,,,0.06271542034609225,0.04855863811334522,208,0.05671359684150694,0.06929627856731485
bilstm_self_attention,rigid_support,esm2_top28_bilstm_attn vs esm3_top4_bilstm_attn,208,1872,0.824685517583742,0.09268338852813446,208,0.811751666357559,0.8372450571100815,0.5435583434863733,0.15481896126275654,208,0.5217501280366074,0.5647362431528975,0.5345593902300975,0.17987388308475863,208,0.5104681526773748,0.5579176211065056,0.674836163658279,0.21442250136795393,208,0.6453352608040108,0.7038174895276257,0.685101646039146,0.22449543438605615,208,0.6540264283363242,0.7152635804588929,0.6681376542244812,0.20928041155750368,208,0.6393312305086742,0.6967335857355217,0.8217768376943254,0.30577633068187554,203,0.7825103344266419,0.8630887271386553,0.6655982905982907,0.5676084271816866,208,0.5902777777777778,0.7489316239316239,0.002670940170940171,0.027715773732204227,208,0.0,0.007478632478632478,0.02297008547008547,0.13199149838680263,208,0.006931089743589744,0.0438034188034188,,,0,,,,,0,,,,,0,,,0.062414150290759925,0.0446838464290759,208,0.056635811914997204,0.06887886964371485
bilstm_self_attention,rigid_support,esm2_top4_bilstm_attn vs esm3_frozen_bilstm_attn,208,1872,0.8103322662081076,0.09985320286026968,208,0.7958020531627685,0.8229184631995623,0.5215074544812597,0.16081133764229186,208,0.49946091172665386,0.5440242276845549,0.5096045678521057,0.1805127696662016,208,0.48612635554307065,0.5334218524696037,0.6808233270172374,0.21792446638486507,208,0.6512674984900546,0.7097568674351528,0.6759157731513501,0.21985657439122877,208,0.6454485844980636,0.7062057864010989,0.6665535168837984,0.20665522378755583,208,0.6387880143400614,0.6936349772161619,0.7870722901007453,0.32402988452564807,205,0.7414598557682908,0.8298270353366897,0.6260683760683761,0.5125159093711605,208,0.5555422008547007,0.6971287393162392,0.00641025641025641,0.07298216652542222,208,0.0,0.017628205128205128,0.01282051282051282,0.10281154346066493,208,0.0016025641025641025,0.028846153846153848,,,0,,,,,0,,,,,0,,,0.07444788239206786,0.04316825771162332,208,0.06867571066655964,0.08043812485929083
bilstm_self_attention,rigid_support,esm2_top4_bilstm_attn vs esm3_top28_bilstm_attn,208,1872,0.8289963777063741,0.09983452023079167,208,0.814736003039526,0.8417659256500956,0.546056193668246,0.17629362307987323,208,0.5234268951738531,0.5692991067337594,0.5457359053304222,0.18876090826432962,208,0.5178181972808252,0.5720507483679717,0.686525957719868,0.22578190082746616,208,0.655314588145117,0.7173082180684344,0.6996420083359186,0.22865178578918857,208,0.6666067748579767,0.7294998560022599,0.6819936915649188,0.21769588110538177,208,0.6536309451547268,0.7110051018613449,0.8175545821583403,0.3736573449073319,204,0.7654778760901106,0.8699889751074392,0.5833333333333333,0.4756239760954511,208,0.5197649572649573,0.6458333333333333,0.004807692307692308,0.051581175799409434,208,0.0,0.01282051282051282,0.016025641025641024,0.1123582921407744,208,0.003205128205128205,0.03365384615384615,,,0,,,,,0,,,,,0,,,0.05946803034954451,0.04914169838218793,208,0.05309424283293124,0.06674037685883819
bilstm_self_attention,rigid_support,esm2_top4_bilstm_attn vs esm3_top4_bilstm_attn,208,1872,0.8298385406592038,0.09749835652191124,208,0.8156120457314532,0.8424511915887121,0.5437733452737619,0.16524527905798908,208,0.5213861399834665,0.5656257066335735,0.5303077554902264,0.18907758476937067,208,0.504360031860274,0.5546580184560175,0.6720025760089862,0.22125288973684853,208,0.6407340918889397,0.700152336089836,0.6920686067744891,0.23265345022633677,208,0.660058094875803,0.7235341339170995,0.6696353242128926,0.21466986976947397,208,0.6402364538763872,0.6986388309091194,0.7770194160717036,0.3411405081525241,204,0.7305917941671617,0.8232236623254803,0.6559829059829059,0.5243561956122538,208,0.585443376068376,0.7281116452991453,0.0016025641025641025,0.023112508176051216,208,0.0,0.004807692307692308,0.016025641025641028,0.1123582921407744,208,0.003205128205128205,0.03365384615384615,,,0,,,,,0,,,,,0,,,0.05979743789538868,0.0448609805420159,208,0.05380632466929464,0.06618475091198184
bilstm_self_attention,rigid_support,esm3_frozen_bilstm_attn vs esm3_top28_bilstm_attn,208,1872,0.8703386803640688,0.07861769323427008,208,0.8595718589046849,0.8808917965185606,0.5848516896099837,0.14662071949958508,208,0.5649216491486809,0.6036478916933373,0.5804537996186092,0.15431319667860707,208,0.5591330982212843,0.6005717837008595,0.6971199414308388,0.18409710164283036,208,0.6707613274961032,0.7218285952680984,0.7149157392346495,0.18428442489397184,208,0.6899708350840162,0.7397493595109782,0.6953778210755819,0.17751009750254151,208,0.6702265497230294,0.718651788750231,0.7587311462915326,0.26083056929961,207,0.7232344987719384,0.7951513735526418,0.5694444444444444,0.40606938823882155,208,0.5170940170940171,0.6239316239316239,0.004807692307692308,0.04921436630904018,208,0.0,0.01282051282051282,0.012820512820512822,0.09806099166420572,208,0.0016025641025641025,0.027777777777777776,,,0,,,,,0,,,,,0,,,0.07039812640622901,0.032486833248257505,208,0.06603666839618308,0.07474986676615542
bilstm_self_attention,rigid_support,esm3_frozen_bilstm_attn vs esm3_top4_bilstm_attn,208,1872,0.8914181850100066,0.06191547100242572,208,0.8825980237527112,0.8995392267099723,0.6172014235596909,0.12783543474149414,208,0.6003617760956096,0.6347429471413081,0.6109044253288795,0.14550586958374107,208,0.5914404883239224,0.6295292182006212,0.7224829405518508,0.17874139336213188,208,0.6995194851444851,0.7454317375851832,0.7427313075903762,0.17777665061566847,208,0.7178672639089306,0.7665696148554604,0.72273388485008,0.17340798879768207,208,0.6986499461311138,0.7461865560132495,0.7059342108657729,0.2647004770558143,207,0.6698384482719225,0.7416888484606882,0.5822649572649572,0.43384989025658033,208,0.5261752136752137,0.6415731837606837,0.0021367521367521365,0.0243273888418074,208,0.0,0.005876068376068375,0.012286324786324786,0.09409623877288403,208,0.0016025641025641025,0.026709401709401708,,,0,,,,,0,,,,,0,,,0.061856134441258565,0.02401166273037589,208,0.058618786881164085,0.06505646222181542
bilstm_self_attention,rigid_support,esm3_top28_bilstm_attn vs esm3_top4_bilstm_attn,208,1872,0.8994993017574424,0.07418797872399574,208,0.888746083982161,0.9086915838277717,0.6255444915967777,0.15040843041720872,208,0.6042951608468875,0.6461567124295203,0.6235720050960576,0.16614147287667103,208,0.5999883029424636,0.6456542113954081,0.7379188623579649,0.1885564465251601,208,0.7126406989407789,0.7630778671263447,0.7411557260821967,0.18780341589658497,208,0.7167917521839091,0.7665041811005352,0.7296270436884005,0.18213994516213156,208,0.7042719960003679,0.7552263472276138,0.7184666417539014,0.25320676643150763,208,0.6842266674297924,0.7524848273350877,0.5512820512820512,0.43396751615182794,208,0.4946581196581196,0.6073851495726496,0.0021367521367521365,0.02173798346295946,208,0.0,0.005341880341880342,0.013888888888888888,0.09418913424636265,208,0.003205128205128205,0.027777777777777773,,,0,,,,,0,,,,,0,,,0.046040110749930294,0.025181796773581466,208,0.04287048194518848,0.04940926644733006
esm2_backbone_attention,raw_received,esm2_frozen_bilstm_attn vs esm2_frozen_linear,208,1872,1.0,0.0,208,1.0,1.0,1.0,0.0,208,1.0,1.0,1.0,0.0,208,1.0,1.0,1.0,0.0,208,1.0,1.0,1.0,0.0,208,1.0,1.0,1.0,0.0,208,1.0,1.0,0.0,0.0,208,0.0,0.0,0.0,0.0,208,0.0,0.0,0.0,0.0,208,0.0,0.0,0.0,0.0,208,0.0,0.0,8.581640206143467e-12,6.440796506311658e-12,208,7.710931012295551e-12,9.468349768756349e-12,8.886860264772495e-12,6.615351385186837e-12,208,7.969747298006361e-12,9.783467946034872e-12,8.88688188209581e-12,6.615358306471734e-12,208,7.98915045363771e-12,9.818474031938814e-12,7.389343544102093e-12,5.5520954789034095e-12,208,6.6581964067436315e-12,8.147807315324648e-12
esm2_backbone_attention,raw_received,esm2_frozen_bilstm_attn vs esm2_top28_bilstm_attn,208,1872,0.5163752982908758,0.0945382230488794,208,0.5030912389756713,0.5281360068190679,0.28201110932263357,0.07998818359547796,208,0.2713741692141659,0.29272786315343596,0.46749977019861555,0.18846564091910362,208,0.4412581614015149,0.4945391554286601,0.6675665146818992,0.1770331571071045,208,0.644230849834816,0.6914817575364451,0.6547139049047986,0.17787274359614028,208,0.6315552019559019,0.6788254557994376,0.6507847988776411,0.1641321101191687,208,0.6287718968238288,0.6734726781456194,0.1916806573056573,0.2155204609619833,208,0.16416159506003256,0.22023833371489618,0.9743589743589743,0.9413188492409192,208,0.8525641025641026,1.1073717948717947,0.0,0.0,208,0.0,0.0,0.0016025641025641025,0.023112508176051216,208,0.0,0.00641025641025641,0.03590786967874225,0.01293442934161842,208,0.03408777047517876,0.037666004650944725,0.10084097838084302,0.01706877859302867,208,0.09854356514481726,0.10317571697063539,0.100840978380843,0.017068778593028664,208,0.09851699604819746,0.10309044854233669,0.03415053864664486,0.01962418134344161,208,0.03144754736907509,0.0368423423745562
esm2_backbone_attention,raw_received,esm2_frozen_bilstm_attn vs esm2_top4_bilstm_attn,208,1872,0.8339391999594253,0.04520382412228494,208,0.8277540070179746,0.8398912504557808,0.5141360074856214,0.10181019581787085,208,0.5006265850946159,0.5277181277643348,0.6760111993661597,0.18611538961443908,208,0.649208368649867,0.6997683109399294,0.81666948169352,0.1588465484262005,208,0.7945783960297181,0.8376253783164841,0.8057484404840174,0.15536637949055362,208,0.7844753394753395,0.8265442433501328,0.8036200116946698,0.1446607432856761,208,0.7837064605393357,0.822997346797435,0.16662087912087914,0.1999437188300855,208,0.13889413537851036,0.19445751297313799,0.7147435897435896,0.7780099987777206,208,0.6121794871794872,0.8269230769230769,0.0,0.0,208,0.0,0.0,0.0,0.0,208,0.0,0.0,0.03087701532113455,0.007563111804398455,208,0.029876501648649183,0.03192979809636102,0.060729645949858156,0.008109109461291297,208,0.059644117923179814,0.06182566759033741,0.06072964594985815,0.008109109461291293,208,0.05966737542091143,0.06180352412770686,0.008352124476198156,0.0063138144140060725,208,0.007504392392030899,0.009244180174965576
esm2_backbone_attention,raw_received,esm2_frozen_linear vs esm2_top28_bilstm_attn,208,1872,0.5163752982908758,0.0945382230488794,208,0.5027804451024475,0.528477499524483,0.28201110932263357,0.07998818359547796,208,0.2714377437586052,0.29274027086116927,0.46749977019861555,0.18846564091910362,208,0.4414836413740152,0.49337679349112096,0.6675665146818992,0.17703315710710452,208,0.6436425983871898,0.6913811927033081,0.6547139049047986,0.17787274359614028,208,0.6299790822655641,0.6783677979169,0.6507847988776411,0.1641321101191687,208,0.6282882531825181,0.6744664259119616,0.1916806573056573,0.2155204609619833,208,0.16307576248982497,0.2209216333435083,0.9743589743589743,0.9413188492409192,208,0.8541666666666666,1.1058092948717948,0.0,0.0,208,0.0,0.0,0.0016025641025641025,0.023112508176051216,208,0.0,0.004807692307692308,0.03590786967851026,0.01293442934302168,208,0.03409841149420216,0.0376615768512652,0.1008409783808555,0.017068778594033482,208,0.098417944870092,0.10317942986074277,0.1008409783808555,0.01706877859403348,208,0.09848692493709063,0.10327103961362352,0.03415053864608696,0.019624181343176263,208,0.03148527832146901,0.03692635479391997
esm2_backbone_attention,raw_received,esm2_frozen_linear vs esm2_top4_bilstm_attn,208,1872,0.8339391999594253,0.04520382412228494,208,0.8280643770086885,0.8398167552983054,0.5141360074856214,0.10181019581787085,208,0.500710398812145,0.527682573427109,0.6760111993661597,0.18611538961443908,208,0.6507038486361969,0.7010501196365161,0.81666948169352,0.1588465484262005,208,0.7950694968092804,0.8377940165470213,0.8057484404840174,0.15536637949055362,208,0.7843711910418641,0.8266699781032714,0.8036200116946698,0.1446607432856761,208,0.7836125021527658,0.8236021657178129,0.16662087912087914,0.1999437188300855,208,0.14152423242266993,0.19340821504884,0.7147435897435896,0.7780099987777206,208,0.6153846153846154,0.828525641025641,0.0,0.0,208,0.0,0.0,0.0,0.0,208,0.0,0.0,0.03087701532095471,0.007563111805287493,208,0.029849385457874203,0.03189828581671425,0.06072964594987064,0.008109109462949559,208,0.05963699544229078,0.061784206207618285,0.06072964594987065,0.008109109462949555,208,0.059659957754368324,0.06177879427682318,0.008352124475973253,0.006313814413830745,208,0.007549726757662715,0.009240649222126921
esm2_backbone_attention,raw_received,esm2_top28_bilstm_attn vs esm2_top4_bilstm_attn,208,1872,0.7125642247568851,0.09111756808754272,208,0.6997363944620578,0.7245228762958437,0.42872266833036765,0.09301819495648316,208,0.4157297838064365,0.4417560889102753,0.5568027710089664,0.15479712543899954,208,0.5362207606186175,0.5782884461875804,0.7364965466492616,0.14442331456838303,208,0.7169981087550374,0.7569414441732503,0.744062285648824,0.13468915266695522,208,0.7260380818804296,0.7621460449495304,0.7289173771433535,0.12556231050720315,208,0.7118539633350116,0.7471158742838764,0.2001482313982314,0.18236972903333198,208,0.17605684872611954,0.22334442852672015,0.9946581196581198,0.7571263088520089,208,0.8963541666666667,1.0993589743589742,0.0,0.0,208,0.0,0.0,0.0016025641025641025,0.023112508176051216,208,0.0,0.004807692307692308,0.008695672808551512,0.004219463572594491,208,0.008144789828578832,0.009260789419059603,0.04030773905906496,0.011328512114020032,208,0.03882561408281134,0.04185797032292481,0.04030773905906496,0.011328512114020035,208,0.03873287101129912,0.04185394680059424,0.03262148880132181,0.014617308145103073,208,0.03070566159140986,0.03452700416288839
