condition,split,sign,band_type,apex_q8,n_bands,n_proteins,n_bands_with_background,background_match_fraction,mean_controls_per_matched_band
esm2_frozen_bilstm_attn,train,1,flexibility_supporting,G,137,120,63,0.45985401459854014,3.0317460317460316
esm2_frozen_bilstm_attn,train,-1,rigidity_supporting,H,4062,874,2894,0.7124569177744953,4.524879060124396
esm2_frozen_bilstm_attn,train,1,flexibility_supporting,C,3494,931,2856,0.81740125930166,4.254551820728292
esm2_frozen_bilstm_attn,train,1,flexibility_supporting,S,847,458,383,0.45218417945690675,2.0757180156657964
esm2_frozen_bilstm_attn,train,-1,rigidity_supporting,E,1530,520,1067,0.6973856209150326,4.428303655107779
esm2_frozen_bilstm_attn,train,1,flexibility_supporting,T,1533,654,969,0.6320939334637965,3.437564499484004
esm2_frozen_bilstm_attn,train,1,flexibility_supporting,H,191,155,142,0.743455497382199,4.591549295774648
esm2_frozen_bilstm_attn,train,-1,rigidity_supporting,C,122,97,91,0.7459016393442623,4.1208791208791204
esm2_frozen_bilstm_attn,train,1,flexibility_supporting,E,153,134,105,0.6862745098039216,4.390476190476191
esm2_frozen_bilstm_attn,train,-1,rigidity_supporting,G,44,43,13,0.29545454545454547,3.1538461538461537
esm2_frozen_bilstm_attn,train,-1,rigidity_supporting,T,26,24,20,0.7692307692307693,3.75
esm2_frozen_bilstm_attn,train,-1,rigidity_supporting,S,5,3,4,0.8,2.75
esm2_frozen_bilstm_attn,train,1,flexibility_supporting,B,5,5,0,0.0,
esm2_frozen_bilstm_attn,train,1,flexibility_supporting,I,1,1,0,0.0,
esm2_frozen_bilstm_attn,train,-1,rigidity_supporting,B,1,1,0,0.0,
esm2_frozen_bilstm_attn,validation,1,flexibility_supporting,C,677,204,530,0.7828655834564254,4.3226415094339625
esm2_frozen_bilstm_attn,validation,-1,rigidity_supporting,H,827,182,553,0.6686819830713422,4.396021699819168
esm2_frozen_bilstm_attn,validation,1,flexibility_supporting,S,203,110,92,0.45320197044334976,2.032608695652174
esm2_frozen_bilstm_attn,validation,1,flexibility_supporting,T,356,158,232,0.651685393258427,3.2586206896551726
esm2_frozen_bilstm_attn,validation,-1,rigidity_supporting,E,358,132,220,0.6145251396648045,4.668181818181818
esm2_frozen_bilstm_attn,validation,1,flexibility_supporting,H,32,30,24,0.75,4.375
esm2_frozen_bilstm_attn,validation,1,flexibility_supporting,B,3,3,0,0.0,
esm2_frozen_bilstm_attn,validation,-1,rigidity_supporting,C,24,21,19,0.7916666666666666,4.421052631578948
esm2_frozen_bilstm_attn,validation,1,flexibility_supporting,G,40,34,15,0.375,2.2666666666666666
esm2_frozen_bilstm_attn,validation,-1,rigidity_supporting,G,6,6,3,0.5,3.3333333333333335
esm2_frozen_bilstm_attn,validation,1,flexibility_supporting,E,44,39,30,0.6818181818181818,4.633333333333334
esm2_frozen_bilstm_attn,validation,-1,rigidity_supporting,S,1,1,1,1.0,1.0
esm2_frozen_bilstm_attn,validation,-1,rigidity_supporting,T,5,5,4,0.8,3.75
esm2_frozen_bilstm_attn,test,1,flexibility_supporting,C,761,205,621,0.8160315374507228,4.344605475040257
esm2_frozen_bilstm_attn,test,-1,rigidity_supporting,E,310,129,206,0.6645161290322581,4.218446601941747
esm2_frozen_bilstm_attn,test,1,flexibility_supporting,T,308,138,193,0.6266233766233766,3.476683937823834
esm2_frozen_bilstm_attn,test,-1,rigidity_supporting,H,878,190,574,0.6537585421412301,4.648083623693379
esm2_frozen_bilstm_attn,test,1,flexibility_supporting,E,42,36,26,0.6190476190476191,4.115384615384615
esm2_frozen_bilstm_attn,test,1,flexibility_supporting,S,184,101,97,0.5271739130434783,2.2371134020618557
esm2_frozen_bilstm_attn,test,-1,rigidity_supporting,C,19,16,16,0.8421052631578947,4.3125
esm2_frozen_bilstm_attn,test,1,flexibility_supporting,G,27,24,9,0.3333333333333333,4.111111111111111
esm2_frozen_bilstm_attn,test,-1,rigidity_supporting,G,14,12,5,0.35714285714285715,3.4
esm2_frozen_bilstm_attn,test,1,flexibility_supporting,H,36,31,24,0.6666666666666666,4.666666666666667
esm2_frozen_bilstm_attn,test,1,flexibility_supporting,I,1,1,0,0.0,
esm2_frozen_bilstm_attn,test,-1,rigidity_supporting,T,2,2,1,0.5,5.0
esm2_frozen_bilstm_attn,test,1,flexibility_supporting,B,1,1,0,0.0,
esm2_top28_bilstm_attn,train,-1,rigidity_supporting,H,3766,864,2769,0.7352628783855549,4.512459371614301
esm2_top28_bilstm_attn,train,1,flexibility_supporting,C,2758,871,2530,0.9173313995649021,4.592490118577075
esm2_top28_bilstm_attn,train,1,flexibility_supporting,S,649,372,280,0.43143297380585516,2.225
esm2_top28_bilstm_attn,train,-1,rigidity_supporting,E,1163,463,857,0.7368873602751504,4.466744457409568
esm2_top28_bilstm_attn,train,1,flexibility_supporting,T,1520,657,1025,0.6743421052631579,3.4926829268292683
esm2_top28_bilstm_attn,train,1,flexibility_supporting,G,155,131,56,0.36129032258064514,3.2857142857142856
esm2_top28_bilstm_attn,train,1,flexibility_supporting,H,224,185,167,0.7455357142857143,4.5568862275449105
esm2_top28_bilstm_attn,train,1,flexibility_supporting,E,83,75,60,0.7228915662650602,4.083333333333333
esm2_top28_bilstm_attn,train,-1,rigidity_supporting,G,35,34,7,0.2,3.0
esm2_top28_bilstm_attn,train,-1,rigidity_supporting,C,72,61,61,0.8472222222222222,4.278688524590164
esm2_top28_bilstm_attn,train,-1,rigidity_supporting,T,10,10,6,0.6,3.5
esm2_top28_bilstm_attn,validation,-1,rigidity_supporting,H,816,187,510,0.625,4.525490196078431
esm2_top28_bilstm_attn,validation,1,flexibility_supporting,C,585,192,499,0.852991452991453,4.43687374749499
esm2_top28_bilstm_attn,validation,-1,rigidity_supporting,E,277,121,185,0.6678700361010831,4.5027027027027025
esm2_top28_bilstm_attn,validation,1,flexibility_supporting,T,373,162,227,0.6085790884718498,3.352422907488987
esm2_top28_bilstm_attn,validation,1,flexibility_supporting,S,168,103,56,0.3333333333333333,2.3035714285714284
esm2_top28_bilstm_attn,validation,-1,rigidity_supporting,C,14,13,11,0.7857142857142857,4.636363636363637
esm2_top28_bilstm_attn,validation,1,flexibility_supporting,G,36,31,15,0.4166666666666667,2.6666666666666665
esm2_top28_bilstm_attn,validation,1,flexibility_supporting,E,27,25,16,0.5925925925925926,4.75
esm2_top28_bilstm_attn,validation,1,flexibility_supporting,H,30,27,18,0.6,4.166666666666667
esm2_top28_bilstm_attn,validation,-1,rigidity_supporting,G,4,4,2,0.5,4.0
esm2_top28_bilstm_attn,validation,-1,rigidity_supporting,T,1,1,1,1.0,4.0
esm2_top28_bilstm_attn,test,1,flexibility_supporting,C,635,194,575,0.905511811023622,4.528695652173913
esm2_top28_bilstm_attn,test,-1,rigidity_supporting,E,247,110,165,0.6680161943319838,4.490909090909091
esm2_top28_bilstm_attn,test,-1,rigidity_supporting,H,856,187,518,0.6051401869158879,4.399613899613899
esm2_top28_bilstm_attn,test,1,flexibility_supporting,E,20,20,8,0.4,4.5
esm2_top28_bilstm_attn,test,1,flexibility_supporting,T,337,152,212,0.629080118694362,3.1462264150943398
esm2_top28_bilstm_attn,test,1,flexibility_supporting,S,166,103,60,0.3614457831325301,1.95
esm2_top28_bilstm_attn,test,-1,rigidity_supporting,C,13,10,10,0.7692307692307693,4.9
esm2_top28_bilstm_attn,test,-1,rigidity_supporting,G,8,8,4,0.5,2.25
esm2_top28_bilstm_attn,test,1,flexibility_supporting,G,35,29,11,0.3142857142857143,2.8181818181818183
esm2_top28_bilstm_attn,test,1,flexibility_supporting,H,21,19,17,0.8095238095238095,4.588235294117647
esm2_top28_bilstm_attn,test,-1,rigidity_supporting,T,2,2,1,0.5,3.0
esm2_top4_bilstm_attn,train,-1,rigidity_supporting,H,3944,869,2707,0.6863590263691683,4.573328407831548
esm2_top4_bilstm_attn,train,1,flexibility_supporting,C,2815,872,2639,0.9374777975133215,4.59302766199318
esm2_top4_bilstm_attn,train,1,flexibility_supporting,S,807,442,322,0.3990086741016109,2.201863354037267
esm2_top4_bilstm_attn,train,1,flexibility_supporting,T,1730,691,1093,0.6317919075144509,3.22964318389753
esm2_top4_bilstm_attn,train,-1,rigidity_supporting,E,1321,499,965,0.7305071915215746,4.26839378238342
esm2_top4_bilstm_attn,train,1,flexibility_supporting,G,146,124,50,0.3424657534246575,3.3
esm2_top4_bilstm_attn,train,1,flexibility_supporting,H,141,119,117,0.8297872340425532,4.615384615384615
esm2_top4_bilstm_attn,train,-1,rigidity_supporting,C,78,71,76,0.9743589743589743,4.526315789473684
esm2_top4_bilstm_attn,train,-1,rigidity_supporting,G,38,36,8,0.21052631578947367,3.375
esm2_top4_bilstm_attn,train,1,flexibility_supporting,E,84,76,63,0.75,4.142857142857143
esm2_top4_bilstm_attn,train,-1,rigidity_supporting,T,9,8,6,0.6666666666666666,3.3333333333333335
esm2_top4_bilstm_attn,train,-1,rigidity_supporting,S,1,1,0,0.0,
esm2_top4_bilstm_attn,validation,-1,rigidity_supporting,H,825,182,542,0.656969696969697,4.466789667896679
esm2_top4_bilstm_attn,validation,1,flexibility_supporting,C,527,188,478,0.9070208728652751,4.514644351464435
esm2_top4_bilstm_attn,validation,-1,rigidity_supporting,E,302,125,205,0.6788079470198676,4.590243902439024
esm2_top4_bilstm_attn,validation,1,flexibility_supporting,T,421,165,285,0.6769596199524941,3.112280701754386
esm2_top4_bilstm_attn,validation,1,flexibility_supporting,S,198,110,78,0.3939393939393939,1.8205128205128205
esm2_top4_bilstm_attn,validation,-1,rigidity_supporting,C,14,12,13,0.9285714285714286,4.461538461538462
esm2_top4_bilstm_attn,validation,1,flexibility_supporting,G,36,28,10,0.2777777777777778,3.1
esm2_top4_bilstm_attn,validation,1,flexibility_supporting,E,30,29,19,0.6333333333333333,4.842105263157895
esm2_top4_bilstm_attn,validation,1,flexibility_supporting,H,24,19,15,0.625,4.0
esm2_top4_bilstm_attn,validation,-1,rigidity_supporting,T,1,1,1,1.0,4.0
esm2_top4_bilstm_attn,validation,-1,rigidity_supporting,G,3,3,2,0.6666666666666666,4.0
esm2_top4_bilstm_attn,test,1,flexibility_supporting,C,582,189,550,0.9450171821305842,4.594545454545455
esm2_top4_bilstm_attn,test,-1,rigidity_supporting,E,265,121,172,0.6490566037735849,4.296511627906977
esm2_top4_bilstm_attn,test,1,flexibility_supporting,T,368,160,240,0.6521739130434783,3.0875
esm2_top4_bilstm_attn,test,-1,rigidity_supporting,H,852,186,593,0.6960093896713615,4.138279932546374
esm2_top4_bilstm_attn,test,1,flexibility_supporting,E,22,18,14,0.6363636363636364,4.142857142857143
esm2_top4_bilstm_attn,test,1,flexibility_supporting,S,181,102,90,0.4972375690607735,1.8444444444444446
esm2_top4_bilstm_attn,test,-1,rigidity_supporting,C,13,13,13,1.0,4.538461538461538
esm2_top4_bilstm_attn,test,1,flexibility_supporting,G,31,28,12,0.3870967741935484,2.4166666666666665
esm2_top4_bilstm_attn,test,-1,rigidity_supporting,G,9,9,5,0.5555555555555556,2.2
esm2_top4_bilstm_attn,test,1,flexibility_supporting,H,29,26,27,0.9310344827586207,4.7407407407407405
esm2_top4_bilstm_attn,test,-1,rigidity_supporting,T,2,2,2,1.0,2.5
esm3_frozen_bilstm_attn,train,1,flexibility_supporting,T,1566,656,863,0.5510855683269477,3.410196987253766
esm3_frozen_bilstm_attn,train,-1,rigidity_supporting,H,3999,868,2539,0.6349087271817955,4.547853485624262
esm3_frozen_bilstm_attn,train,1,flexibility_supporting,C,3221,901,2844,0.8829556038497361,4.498945147679325
esm3_frozen_bilstm_attn,train,1,flexibility_supporting,H,170,141,110,0.6470588235294118,4.490909090909091
esm3_frozen_bilstm_attn,train,-1,rigidity_supporting,E,1409,526,896,0.6359119943222143,4.364955357142857
esm3_frozen_bilstm_attn,train,1,flexibility_supporting,S,786,463,263,0.3346055979643766,1.9657794676806084
esm3_frozen_bilstm_attn,train,1,flexibility_supporting,G,129,111,46,0.35658914728682173,2.9347826086956523
esm3_frozen_bilstm_attn,train,-1,rigidity_supporting,G,69,66,23,0.3333333333333333,2.652173913043478
esm3_frozen_bilstm_attn,train,1,flexibility_supporting,E,136,120,91,0.6691176470588235,4.428571428571429
esm3_frozen_bilstm_attn,train,-1,rigidity_supporting,C,96,77,83,0.8645833333333334,4.421686746987952
esm3_frozen_bilstm_attn,train,-1,rigidity_supporting,T,15,15,11,0.7333333333333333,3.1818181818181817
esm3_frozen_bilstm_attn,train,1,flexibility_supporting,B,3,3,0,0.0,
esm3_frozen_bilstm_attn,train,-1,rigidity_supporting,S,4,3,3,0.75,3.3333333333333335
esm3_frozen_bilstm_attn,validation,-1,rigidity_supporting,H,841,182,523,0.6218787158145065,4.60038240917782
esm3_frozen_bilstm_attn,validation,1,flexibility_supporting,C,642,192,531,0.8271028037383178,4.354048964218456
esm3_frozen_bilstm_attn,validation,-1,rigidity_supporting,E,313,120,171,0.5463258785942492,4.497076023391813
esm3_frozen_bilstm_attn,validation,1,flexibility_supporting,T,345,152,194,0.5623188405797102,3.1443298969072164
esm3_frozen_bilstm_attn,validation,1,flexibility_supporting,G,23,19,9,0.391304347826087,2.7777777777777777
esm3_frozen_bilstm_attn,validation,1,flexibility_supporting,S,197,120,68,0.34517766497461927,1.911764705882353
esm3_frozen_bilstm_attn,validation,1,flexibility_supporting,E,37,32,23,0.6216216216216216,4.304347826086956
esm3_frozen_bilstm_attn,validation,-1,rigidity_supporting,T,4,4,3,0.75,3.0
esm3_frozen_bilstm_attn,validation,1,flexibility_supporting,H,30,26,18,0.6,4.444444444444445
esm3_frozen_bilstm_attn,validation,-1,rigidity_supporting,G,4,4,2,0.5,4.5
esm3_frozen_bilstm_attn,validation,-1,rigidity_supporting,C,20,16,12,0.6,4.666666666666667
esm3_frozen_bilstm_attn,test,1,flexibility_supporting,C,713,198,627,0.879382889200561,4.352472089314195
esm3_frozen_bilstm_attn,test,-1,rigidity_supporting,E,282,126,180,0.6382978723404256,4.394444444444445
esm3_frozen_bilstm_attn,test,-1,rigidity_supporting,G,16,15,2,0.125,2.5
esm3_frozen_bilstm_attn,test,1,flexibility_supporting,S,161,99,58,0.36024844720496896,2.3275862068965516
esm3_frozen_bilstm_attn,test,-1,rigidity_supporting,H,885,191,564,0.6372881355932203,4.416666666666667
esm3_frozen_bilstm_attn,test,1,flexibility_supporting,E,31,27,18,0.5806451612903226,4.444444444444445
esm3_frozen_bilstm_attn,test,1,flexibility_supporting,T,325,147,182,0.56,3.1648351648351647
esm3_frozen_bilstm_attn,test,1,flexibility_supporting,H,36,30,29,0.8055555555555556,4.724137931034483
esm3_frozen_bilstm_attn,test,1,flexibility_supporting,G,24,23,3,0.125,3.3333333333333335
esm3_frozen_bilstm_attn,test,-1,rigidity_supporting,C,22,15,21,0.9545454545454546,4.333333333333333
esm3_frozen_bilstm_attn,test,-1,rigidity_supporting,T,4,3,0,0.0,
esm3_frozen_bilstm_attn,test,1,flexibility_supporting,B,1,1,0,0.0,
esm3_top28_bilstm_attn,train,1,flexibility_supporting,T,1568,658,876,0.5586734693877551,3.2294520547945207
esm3_top28_bilstm_attn,train,-1,rigidity_supporting,H,3978,870,2587,0.6503267973856209,4.574797062234248
esm3_top28_bilstm_attn,train,1,flexibility_supporting,C,3024,875,2726,0.9014550264550265,4.551724137931035
esm3_top28_bilstm_attn,train,1,flexibility_supporting,H,203,165,150,0.7389162561576355,4.413333333333333
esm3_top28_bilstm_attn,train,-1,rigidity_supporting,E,1411,516,947,0.6711552090715804,4.3695881731784585
esm3_top28_bilstm_attn,train,1,flexibility_supporting,G,150,132,47,0.31333333333333335,2.851063829787234
esm3_top28_bilstm_attn,train,1,flexibility_supporting,S,831,464,304,0.3658243080625752,1.9769736842105263
esm3_top28_bilstm_attn,train,-1,rigidity_supporting,C,102,81,81,0.7941176470588235,4.049382716049383
esm3_top28_bilstm_attn,train,-1,rigidity_supporting,G,74,69,11,0.14864864864864866,3.090909090909091
esm3_top28_bilstm_attn,train,-1,rigidity_supporting,S,5,5,2,0.4,4.0
esm3_top28_bilstm_attn,train,1,flexibility_supporting,E,111,101,70,0.6306306306306306,4.685714285714286
esm3_top28_bilstm_attn,train,-1,rigidity_supporting,T,40,35,17,0.425,3.588235294117647
esm3_top28_bilstm_attn,validation,-1,rigidity_supporting,H,854,183,497,0.5819672131147541,4.402414486921529
esm3_top28_bilstm_attn,validation,1,flexibility_supporting,C,610,196,515,0.8442622950819673,4.409708737864078
esm3_top28_bilstm_attn,validation,-1,rigidity_supporting,E,324,124,204,0.6296296296296297,4.362745098039215
esm3_top28_bilstm_attn,validation,1,flexibility_supporting,T,353,151,225,0.6373937677053825,3.0844444444444443
esm3_top28_bilstm_attn,validation,-1,rigidity_supporting,T,4,4,2,0.5,5.0
esm3_top28_bilstm_attn,validation,1,flexibility_supporting,S,212,119,68,0.32075471698113206,1.7058823529411764
esm3_top28_bilstm_attn,validation,1,flexibility_supporting,E,40,35,26,0.65,4.0
esm3_top28_bilstm_attn,validation,1,flexibility_supporting,H,33,30,23,0.696969696969697,4.739130434782608
esm3_top28_bilstm_attn,validation,1,flexibility_supporting,G,36,32,10,0.2777777777777778,2.9
esm3_top28_bilstm_attn,validation,-1,rigidity_supporting,S,2,1,2,1.0,2.0
esm3_top28_bilstm_attn,validation,-1,rigidity_supporting,C,23,18,18,0.782608695652174,4.722222222222222
esm3_top28_bilstm_attn,validation,-1,rigidity_supporting,G,12,11,3,0.25,3.6666666666666665
esm3_top28_bilstm_attn,validation,-1,rigidity_supporting,B,1,1,0,0.0,
esm3_top28_bilstm_attn,test,1,flexibility_supporting,C,657,191,580,0.882800608828006,4.555172413793104
esm3_top28_bilstm_attn,test,-1,rigidity_supporting,G,12,11,3,0.25,2.0
esm3_top28_bilstm_attn,test,-1,rigidity_supporting,E,288,119,190,0.6597222222222222,4.131578947368421
esm3_top28_bilstm_attn,test,1,flexibility_supporting,T,342,152,175,0.5116959064327485,3.2514285714285713
esm3_top28_bilstm_attn,test,-1,rigidity_supporting,H,877,189,514,0.5860889395667047,4.328793774319066
esm3_top28_bilstm_attn,test,1,flexibility_supporting,S,164,98,63,0.38414634146341464,2.0
esm3_top28_bilstm_attn,test,1,flexibility_supporting,H,38,33,27,0.7105263157894737,4.888888888888889
esm3_top28_bilstm_attn,test,1,flexibility_supporting,G,26,24,8,0.3076923076923077,3.625
esm3_top28_bilstm_attn,test,1,flexibility_supporting,E,30,27,21,0.7,4.142857142857143
esm3_top28_bilstm_attn,test,-1,rigidity_supporting,T,9,8,2,0.2222222222222222,5.0
esm3_top28_bilstm_attn,test,-1,rigidity_supporting,C,22,17,20,0.9090909090909091,3.9
esm3_top28_bilstm_attn,test,-1,rigidity_supporting,B,1,1,0,0.0,
esm3_top4_bilstm_attn,train,1,flexibility_supporting,T,1606,678,990,0.6164383561643836,3.2393939393939393
esm3_top4_bilstm_attn,train,-1,rigidity_supporting,H,3883,863,2661,0.6852948750965748,4.568207440811725
esm3_top4_bilstm_attn,train,1,flexibility_supporting,C,2875,887,2718,0.945391304347826,4.594186902133922
esm3_top4_bilstm_attn,train,1,flexibility_supporting,H,182,153,126,0.6923076923076923,4.595238095238095
esm3_top4_bilstm_attn,train,-1,rigidity_supporting,E,1336,507,953,0.7133233532934131,4.303252885624344
esm3_top4_bilstm_attn,train,1,flexibility_supporting,G,138,117,43,0.3115942028985507,2.744186046511628
esm3_top4_bilstm_attn,train,1,flexibility_supporting,S,813,461,330,0.4059040590405904,1.9666666666666666
esm3_top4_bilstm_attn,train,-1,rigidity_supporting,G,65,61,15,0.23076923076923078,2.7333333333333334
esm3_top4_bilstm_attn,train,-1,rigidity_supporting,C,94,80,90,0.9574468085106383,4.511111111111111
esm3_top4_bilstm_attn,train,-1,rigidity_supporting,S,3,3,2,0.6666666666666666,3.0
esm3_top4_bilstm_attn,train,1,flexibility_supporting,E,125,111,92,0.736,4.456521739130435
esm3_top4_bilstm_attn,train,-1,rigidity_supporting,T,25,24,17,0.68,3.3529411764705883
esm3_top4_bilstm_attn,validation,-1,rigidity_supporting,H,830,181,503,0.6060240963855422,4.534791252485089
esm3_top4_bilstm_attn,validation,1,flexibility_supporting,C,584,190,528,0.9041095890410958,4.6647727272727275
esm3_top4_bilstm_attn,validation,-1,rigidity_supporting,E,309,117,184,0.5954692556634305,4.548913043478261
esm3_top4_bilstm_attn,validation,1,flexibility_supporting,T,367,156,245,0.667574931880109,3.1755102040816325
esm3_top4_bilstm_attn,validation,1,flexibility_supporting,G,29,27,13,0.4482758620689655,3.0
esm3_top4_bilstm_attn,validation,1,flexibility_supporting,S,201,116,73,0.36318407960199006,2.219178082191781
esm3_top4_bilstm_attn,validation,1,flexibility_supporting,E,38,33,20,0.5263157894736842,4.45
esm3_top4_bilstm_attn,validation,1,flexibility_supporting,H,25,23,13,0.52,5.0
esm3_top4_bilstm_attn,validation,-1,rigidity_supporting,G,5,5,2,0.4,4.0
esm3_top4_bilstm_attn,validation,-1,rigidity_supporting,S,1,1,1,1.0,1.0
esm3_top4_bilstm_attn,validation,-1,rigidity_supporting,C,22,19,19,0.8636363636363636,4.894736842105263
esm3_top4_bilstm_attn,validation,-1,rigidity_supporting,T,1,1,1,1.0,5.0
esm3_top4_bilstm_attn,test,1,flexibility_supporting,C,618,188,578,0.9352750809061489,4.527681660899654
esm3_top4_bilstm_attn,test,-1,rigidity_supporting,E,274,120,166,0.6058394160583942,4.445783132530121
esm3_top4_bilstm_attn,test,-1,rigidity_supporting,G,13,11,2,0.15384615384615385,1.5
esm3_top4_bilstm_attn,test,1,flexibility_supporting,T,327,151,175,0.5351681957186545,3.4914285714285715
esm3_top4_bilstm_attn,test,-1,rigidity_supporting,H,832,185,551,0.6622596153846154,4.459165154264973
esm3_top4_bilstm_attn,test,1,flexibility_supporting,E,29,28,19,0.6551724137931034,4.2631578947368425
esm3_top4_bilstm_attn,test,1,flexibility_supporting,S,164,97,76,0.4634146341463415,2.013157894736842
esm3_top4_bilstm_attn,test,1,flexibility_supporting,G,33,32,5,0.15151515151515152,3.4
esm3_top4_bilstm_attn,test,1,flexibility_supporting,H,29,26,26,0.896551724137931,4.730769230769231
esm3_top4_bilstm_attn,test,-1,rigidity_supporting,C,25,22,22,0.88,4.5
esm3_top4_bilstm_attn,test,-1,rigidity_supporting,T,5,4,1,0.2,5.0
esm3_top4_bilstm_attn,test,-1,rigidity_supporting,B,1,1,0,0.0,
